lat,lon,timestamp,significant_wave_height_m,wave_period_s,swell_height_m,swell_direction_deg
13.0,73.0,2026-09-01T00:00:00Z,2.14,9.1,1.58,283.3
13.0,73.08333333333331,2026-09-01T00:00:00Z,2.14,11.2,1.59,283.4
13.0,73.16666666666666,2026-09-01T00:00:00Z,2.15,15.4,1.59,283.3
13.0,73.25,2026-09-01T00:00:00Z,2.15,17.3,1.59,283.3
13.0,73.33333333333331,2026-09-01T00:00:00Z,2.15,17.3,1.59,283.0
13.0,73.41666666666666,2026-09-01T00:00:00Z,2.14,17.3,1.56,283.0
13.0,73.5,2026-09-01T00:00:00Z,2.13,17.3,1.43,268.1
13.0,73.58333333333331,2026-09-01T00:00:00Z,2.12,17.3,0.93,203.9
13.0,73.66666666666666,2026-09-01T00:00:00Z,2.1,17.3,0.85,203.5
13.0,73.75,2026-09-01T00:00:00Z,2.08,17.3,0.86,203.5
13.0,73.83333333333331,2026-09-01T00:00:00Z,2.06,17.3,0.87,204.1
13.0,73.91666666666666,2026-09-01T00:00:00Z,2.04,17.3,0.88,204.5
13.0,74.0,2026-09-01T00:00:00Z,2.02,17.2,0.88,204.9
13.0,74.08333333333331,2026-09-01T00:00:00Z,1.99,17.2,0.87,205.2
13.0,74.16666666666666,2026-09-01T00:00:00Z,1.95,16.9,0.88,207.6
13.0,74.25,2026-09-01T00:00:00Z,1.91,12.8,1.23,207.6
13.0,74.33333333333331,2026-09-01T00:00:00Z,1.86,8.8,1.56,282.5
13.0,74.41666666666666,2026-09-01T00:00:00Z,1.81,8.8,1.54,282.4
13.0,74.5,2026-09-01T00:00:00Z,1.77,8.7,1.53,282.3
13.0,74.58333333333331,2026-09-01T00:00:00Z,1.72,8.7,1.51,281.9
13.0,74.66666666666666,2026-09-01T00:00:00Z,1.67,8.7,1.48,281.0
13.0,74.75,2026-09-01T00:00:00Z,1.57,8.7,1.41,281.0
13.0,80.33333333333331,2026-09-01T00:00:00Z,0.9,12.9,0.74,143.3
13.0,80.41666666666663,2026-09-01T00:00:00Z,1.15,13.5,0.93,146.6
13.0,80.5,2026-09-01T00:00:00Z,1.27,13.8,1.0,149.4
13.0,80.58333333333331,2026-09-01T00:00:00Z,1.35,13.9,1.04,150.6
13.0,80.66666666666663,2026-09-01T00:00:00Z,1.41,14.1,1.06,151.0
13.0,80.75,2026-09-01T00:00:00Z,1.45,14.2,1.09,151.0
13.0,80.83333333333331,2026-09-01T00:00:00Z,1.49,14.4,1.11,151.7
13.0,80.91666666666663,2026-09-01T00:00:00Z,1.52,14.5,1.12,152.7
13.0,81.0,2026-09-01T00:00:00Z,1.56,14.7,1.13,153.7
13.083333333333329,73.0,2026-09-01T00:00:00Z,2.15,9.1,1.59,282.8
13.083333333333329,73.08333333333331,2026-09-01T00:00:00Z,2.16,9.4,1.6,282.4
13.083333333333329,73.16666666666666,2026-09-01T00:00:00Z,2.16,14.2,1.6,282.4
13.083333333333329,73.25,2026-09-01T00:00:00Z,2.16,16.9,1.6,282.4
13.083333333333329,73.33333333333331,2026-09-01T00:00:00Z,2.16,17.3,1.6,281.9
13.083333333333329,73.41666666666666,2026-09-01T00:00:00Z,2.15,17.3,1.6,282.4
13.083333333333329,73.5,2026-09-01T00:00:00Z,2.14,17.3,1.6,282.1
13.083333333333329,73.58333333333331,2026-09-01T00:00:00Z,2.12,17.3,1.52,281.6
13.083333333333329,73.66666666666666,2026-09-01T00:00:00Z,2.1,17.3,1.18,220.3
13.083333333333329,73.75,2026-09-01T00:00:00Z,2.08,17.3,0.93,220.3
13.083333333333329,73.83333333333331,2026-09-01T00:00:00Z,2.06,17.3,0.86,204.2
13.083333333333329,73.91666666666666,2026-09-01T00:00:00Z,2.03,17.2,0.86,204.6
13.083333333333329,74.0,2026-09-01T00:00:00Z,2.01,17.2,0.86,204.9
13.083333333333329,74.08333333333331,2026-09-01T00:00:00Z,1.97,13.4,1.2,257.2
13.083333333333329,74.16666666666666,2026-09-01T00:00:00Z,1.94,11.0,1.41,282.1
13.083333333333329,74.25,2026-09-01T00:00:00Z,1.89,9.5,1.53,282.1
13.083333333333329,74.33333333333331,2026-09-01T00:00:00Z,1.85,8.8,1.56,282.0
13.083333333333329,74.41666666666666,2026-09-01T00:00:00Z,1.8,8.7,1.55,281.9
13.083333333333329,74.5,2026-09-01T00:00:00Z,1.76,8.7,1.53,281.7
13.083333333333329,74.58333333333331,2026-09-01T00:00:00Z,1.72,8.7,1.51,281.2
13.083333333333329,74.66666666666666,2026-09-01T00:00:00Z,1.67,8.7,1.48,279.8
13.083333333333329,74.75,2026-09-01T00:00:00Z,1.61,8.7,1.43,279.8
13.083333333333329,80.33333333333331,2026-09-01T00:00:00Z,0.82,14.0,0.61,144.6
13.083333333333329,80.41666666666663,2026-09-01T00:00:00Z,1.15,13.8,0.95,147.0
13.083333333333329,80.5,2026-09-01T00:00:00Z,1.27,13.8,0.99,150.1
13.083333333333329,80.58333333333331,2026-09-01T00:00:00Z,1.35,14.0,1.02,151.1
13.083333333333329,80.66666666666663,2026-09-01T00:00:00Z,1.41,14.1,1.05,151.7
13.083333333333329,80.75,2026-09-01T00:00:00Z,1.46,14.2,1.07,151.7
13.083333333333329,80.83333333333331,2026-09-01T00:00:00Z,1.5,14.3,1.08,152.0
13.083333333333329,80.91666666666663,2026-09-01T00:00:00Z,1.53,14.5,1.1,153.1
13.083333333333329,81.0,2026-09-01T00:00:00Z,1.57,14.6,1.12,154.4
13.166666666666657,73.0,2026-09-01T00:00:00Z,2.16,9.1,1.6,282.0
13.166666666666657,73.08333333333331,2026-09-01T00:00:00Z,2.17,9.1,1.61,281.8
13.166666666666657,73.16666666666666,2026-09-01T00:00:00Z,2.17,10.7,1.61,281.9
13.166666666666657,73.25,2026-09-01T00:00:00Z,2.17,14.0,1.61,281.9
13.166666666666657,73.33333333333331,2026-09-01T00:00:00Z,2.17,16.8,1.61,281.3
13.166666666666657,73.41666666666666,2026-09-01T00:00:00Z,2.16,17.3,1.61,281.7
13.166666666666657,73.5,2026-09-01T00:00:00Z,2.14,17.3,1.65,281.8
13.166666666666657,73.58333333333331,2026-09-01T00:00:00Z,2.12,17.3,1.66,281.5
13.166666666666657,73.66666666666666,2026-09-01T00:00:00Z,2.1,17.3,1.24,221.0
13.166666666666657,73.75,2026-09-01T00:00:00Z,2.07,15.3,0.93,221.0
13.166666666666657,73.83333333333331,2026-09-01T00:00:00Z,2.05,12.7,0.83,204.4
13.166666666666657,73.91666666666666,2026-09-01T00:00:00Z,2.02,11.7,0.9,204.5
13.166666666666657,74.0,2026-09-01T00:00:00Z,1.99,11.7,1.21,259.1
13.166666666666657,74.08333333333331,2026-09-01T00:00:00Z,1.96,10.1,1.49,281.7
13.166666666666657,74.16666666666666,2026-09-01T00:00:00Z,1.92,9.2,1.58,281.7
13.166666666666657,74.25,2026-09-01T00:00:00Z,1.88,8.8,1.49,281.7
13.166666666666657,74.33333333333331,2026-09-01T00:00:00Z,1.83,8.7,1.34,271.4
13.166666666666657,74.41666666666666,2026-09-01T00:00:00Z,1.79,8.7,1.24,264.8
13.166666666666657,74.5,2026-09-01T00:00:00Z,1.76,8.7,1.23,265.0
13.166666666666657,74.58333333333331,2026-09-01T00:00:00Z,1.72,8.7,1.22,265.0
13.166666666666657,74.66666666666666,2026-09-01T00:00:00Z,1.65,8.7,1.19,264.6
13.166666666666657,74.75,2026-09-01T00:00:00Z,1.58,8.7,1.16,264.6
13.166666666666657,80.33333333333331,2026-09-01T00:00:00Z,0.74,14.5,0.55,143.1
13.166666666666657,80.41666666666663,2026-09-01T00:00:00Z,1.12,14.1,0.93,147.3
13.166666666666657,80.5,2026-09-01T00:00:00Z,1.25,13.9,0.98,150.8
13.166666666666657,80.58333333333331,2026-09-01T00:00:00Z,1.34,13.9,1.01,151.7
13.166666666666657,80.66666666666663,2026-09-01T00:00:00Z,1.41,14.0,1.03,152.0
13.166666666666657,80.75,2026-09-01T00:00:00Z,1.46,14.2,1.05,152.0
13.166666666666657,80.83333333333331,2026-09-01T00:00:00Z,1.5,14.3,1.07,152.5
13.166666666666657,80.91666666666663,2026-09-01T00:00:00Z,1.53,14.5,1.09,153.6
13.166666666666657,81.0,2026-09-01T00:00:00Z,1.57,14.6,1.11,154.7
13.25,73.0,2026-09-01T00:00:00Z,2.17,9.1,1.61,281.4
13.25,73.08333333333331,2026-09-01T00:00:00Z,2.18,9.1,1.62,281.5
13.25,73.16666666666666,2026-09-01T00:00:00Z,2.18,9.0,1.62,281.5
13.25,73.25,2026-09-01T00:00:00Z,2.18,10.8,1.62,281.5
13.25,73.33333333333331,2026-09-01T00:00:00Z,2.17,13.4,1.62,281.0
13.25,73.41666666666666,2026-09-01T00:00:00Z,2.16,15.4,1.63,280.5
13.25,73.5,2026-09-01T00:00:00Z,2.14,17.4,1.67,280.9
13.25,73.58333333333331,2026-09-01T00:00:00Z,2.12,16.1,1.68,281.3
13.25,73.66666666666666,2026-09-01T00:00:00Z,2.09,14.0,1.47,281.5
13.25,73.75,2026-09-01T00:00:00Z,2.07,11.6,1.31,281.5
13.25,73.83333333333331,2026-09-01T00:00:00Z,2.04,9.7,1.26,281.7
13.25,73.91666666666666,2026-09-01T00:00:00Z,2.01,8.9,1.3,281.8
13.25,74.0,2026-09-01T00:00:00Z,1.98,8.9,1.53,281.6
13.25,74.08333333333331,2026-09-01T00:00:00Z,1.95,8.9,1.58,277.3
13.25,74.16666666666666,2026-09-01T00:00:00Z,1.91,8.8,1.44,264.1
13.25,74.25,2026-09-01T00:00:00Z,1.86,8.7,1.28,264.1
13.25,74.33333333333331,2026-09-01T00:00:00Z,1.81,8.7,1.16,264.0
13.25,74.41666666666666,2026-09-01T00:00:00Z,1.77,8.6,1.08,264.2
13.25,74.5,2026-09-01T00:00:00Z,1.74,8.6,1.08,264.5
13.25,74.58333333333331,2026-09-01T00:00:00Z,1.69,8.6,1.06,264.4
13.25,74.66666666666666,2026-09-01T00:00:00Z,1.62,8.6,1.03,263.9
13.25,80.33333333333331,2026-09-01T00:00:00Z,0.75,14.4,0.58,145.7
13.25,80.41666666666663,2026-09-01T00:00:00Z,1.05,14.3,0.86,147.6
13.25,80.5,2026-09-01T00:00:00Z,1.23,14.0,0.97,150.9
13.25,80.58333333333331,2026-09-01T00:00:00Z,1.33,13.8,0.99,152.6
13.25,80.66666666666663,2026-09-01T00:00:00Z,1.4,14.0,1.02,152.8
13.25,80.75,2026-09-01T00:00:00Z,1.46,14.1,1.04,152.8
13.25,80.83333333333331,2026-09-01T00:00:00Z,1.5,14.3,1.05,153.2
13.25,80.91666666666663,2026-09-01T00:00:00Z,1.53,14.4,1.06,154.0
13.25,81.0,2026-09-01T00:00:00Z,1.56,14.6,1.02,155.4
13.333333333333329,73.0,2026-09-01T00:00:00Z,2.18,9.1,1.62,281.4
13.333333333333329,73.08333333333331,2026-09-01T00:00:00Z,2.18,9.0,1.63,281.5
13.333333333333329,73.16666666666666,2026-09-01T00:00:00Z,2.18,9.0,1.63,281.5
13.333333333333329,73.25,2026-09-01T00:00:00Z,2.18,9.0,1.63,281.5
13.333333333333329,73.33333333333331,2026-09-01T00:00:00Z,2.17,9.8,1.63,281.0
13.333333333333329,73.41666666666666,2026-09-01T00:00:00Z,2.16,11.9,1.64,280.5
13.333333333333329,73.5,2026-09-01T00:00:00Z,2.14,14.6,1.67,280.9
13.333333333333329,73.58333333333331,2026-09-01T00:00:00Z,2.12,12.8,1.69,281.3
13.333333333333329,73.66666666666666,2026-09-01T00:00:00Z,2.09,10.1,1.7,281.5
13.333333333333329,73.75,2026-09-01T00:00:00Z,2.06,8.9,1.7,281.5
13.333333333333329,73.83333333333331,2026-09-01T00:00:00Z,2.03,8.9,1.7,281.7
13.333333333333329,73.91666666666666,2026-09-01T00:00:00Z,2.0,8.9,1.69,281.8
13.333333333333329,74.0,2026-09-01T00:00:00Z,1.98,8.9,1.67,281.6
13.333333333333329,74.08333333333331,2026-09-01T00:00:00Z,1.95,8.9,1.49,277.3
13.333333333333329,74.16666666666666,2026-09-01T00:00:00Z,1.9,8.8,1.25,264.1
13.333333333333329,74.25,2026-09-01T00:00:00Z,1.85,8.7,1.13,264.1
13.333333333333329,74.33333333333331,2026-09-01T00:00:00Z,1.8,8.7,1.1,264.0
13.333333333333329,74.41666666666666,2026-09-01T00:00:00Z,1.76,8.6,1.09,264.2
13.333333333333329,74.5,2026-09-01T00:00:00Z,1.73,8.6,1.07,264.5
13.333333333333329,74.58333333333331,2026-09-01T00:00:00Z,1.67,8.6,1.05,264.4
13.333333333333329,74.66666666666666,2026-09-01T00:00:00Z,1.55,8.6,1.0,263.9
13.333333333333329,80.41666666666663,2026-09-01T00:00:00Z,0.98,13.7,0.76,147.6
13.333333333333329,80.5,2026-09-01T00:00:00Z,1.2,14.2,0.94,150.9
13.333333333333329,80.58333333333331,2026-09-01T00:00:00Z,1.3,13.6,0.97,152.6
13.333333333333329,80.66666666666663,2026-09-01T00:00:00Z,1.38,13.8,1.0,152.8
13.333333333333329,80.75,2026-09-01T00:00:00Z,1.44,14.1,1.02,152.8
13.333333333333329,80.83333333333331,2026-09-01T00:00:00Z,1.49,14.2,1.03,153.2
13.333333333333329,80.91666666666663,2026-09-01T00:00:00Z,1.52,14.4,1.03,154.0
13.333333333333329,81.0,2026-09-01T00:00:00Z,1.55,14.5,0.97,155.4
13.416666666666657,73.0,2026-09-01T00:00:00Z,2.19,9.0,1.64,280.9
13.416666666666657,73.08333333333331,2026-09-01T00:00:00Z,2.19,9.0,1.65,280.8
13.416666666666657,73.16666666666666,2026-09-01T00:00:00Z,2.19,9.0,1.65,280.8
13.416666666666657,73.25,2026-09-01T00:00:00Z,2.18,9.0,1.64,280.8
13.416666666666657,73.33333333333331,2026-09-01T00:00:00Z,2.17,9.0,1.64,280.2
13.416666666666657,73.41666666666666,2026-09-01T00:00:00Z,2.16,9.0,1.65,279.1
13.416666666666657,73.5,2026-09-01T00:00:00Z,2.14,9.0,1.67,279.8
13.416666666666657,73.58333333333331,2026-09-01T00:00:00Z,2.12,9.0,1.68,280.6
13.416666666666657,73.66666666666666,2026-09-01T00:00:00Z,2.1,8.9,1.7,281.2
13.416666666666657,73.75,2026-09-01T00:00:00Z,2.06,8.9,1.71,281.2
13.416666666666657,73.83333333333331,2026-09-01T00:00:00Z,2.03,8.9,1.71,281.4
13.416666666666657,73.91666666666666,2026-09-01T00:00:00Z,2.01,8.9,1.69,281.3
13.416666666666657,74.0,2026-09-01T00:00:00Z,1.98,8.9,1.61,281.2
13.416666666666657,74.08333333333331,2026-09-01T00:00:00Z,1.95,8.8,1.32,266.9
13.416666666666657,74.16666666666666,2026-09-01T00:00:00Z,1.91,8.8,1.2,264.0
13.416666666666657,74.25,2026-09-01T00:00:00Z,1.86,8.7,1.15,264.0
13.416666666666657,74.33333333333331,2026-09-01T00:00:00Z,1.81,8.7,1.13,263.9
13.416666666666657,74.41666666666666,2026-09-01T00:00:00Z,1.77,8.6,1.11,264.1
13.416666666666657,74.5,2026-09-01T00:00:00Z,1.73,8.6,1.09,264.2
13.416666666666657,74.58333333333331,2026-09-01T00:00:00Z,1.68,8.6,1.07,264.5
13.416666666666657,80.41666666666663,2026-09-01T00:00:00Z,0.94,12.1,0.68,149.3
13.416666666666657,80.5,2026-09-01T00:00:00Z,1.15,14.1,0.9,151.4
13.416666666666657,80.58333333333331,2026-09-01T00:00:00Z,1.26,13.0,0.95,153.2
13.416666666666657,80.66666666666663,2026-09-01T00:00:00Z,1.36,13.6,0.98,153.3
13.416666666666657,80.75,2026-09-01T00:00:00Z,1.43,14.1,1.01,153.3
13.416666666666657,80.83333333333331,2026-09-01T00:00:00Z,1.47,14.2,1.02,153.7
13.416666666666657,80.91666666666663,2026-09-01T00:00:00Z,1.51,14.3,1.03,154.6
13.416666666666657,81.0,2026-09-01T00:00:00Z,1.54,14.4,1.04,155.5
13.5,73.0,2026-09-01T00:00:00Z,2.19,9.0,1.67,280.7
13.5,73.08333333333331,2026-09-01T00:00:00Z,2.19,9.0,1.69,280.4
13.5,73.16666666666666,2026-09-01T00:00:00Z,2.18,9.0,1.69,280.2
13.5,73.25,2026-09-01T00:00:00Z,2.18,9.0,1.68,280.2
13.5,73.33333333333331,2026-09-01T00:00:00Z,2.17,9.0,1.67,280.1
13.5,73.41666666666666,2026-09-01T00:00:00Z,2.16,9.0,1.67,279.6
13.5,73.5,2026-09-01T00:00:00Z,2.15,9.0,1.67,279.8
13.5,73.58333333333331,2026-09-01T00:00:00Z,2.13,8.9,1.66,280.3
13.5,73.66666666666666,2026-09-01T00:00:00Z,2.1,8.9,1.69,280.5
13.5,73.75,2026-09-01T00:00:00Z,2.07,8.9,1.7,280.5
13.5,73.83333333333331,2026-09-01T00:00:00Z,2.04,8.9,1.71,280.8
13.5,73.91666666666666,2026-09-01T00:00:00Z,2.02,8.9,1.64,280.8
13.5,74.0,2026-09-01T00:00:00Z,1.99,8.9,1.3,265.9
13.5,74.08333333333331,2026-09-01T00:00:00Z,1.95,8.8,1.22,263.5
13.5,74.16666666666666,2026-09-01T00:00:00Z,1.91,8.8,1.19,263.7
13.5,74.25,2026-09-01T00:00:00Z,1.87,8.8,1.18,263.7
13.5,74.33333333333331,2026-09-01T00:00:00Z,1.83,8.7,1.16,263.8
13.5,74.41666666666666,2026-09-01T00:00:00Z,1.78,8.7,1.14,264.1
13.5,74.5,2026-09-01T00:00:00Z,1.75,8.7,1.13,264.2
13.5,74.58333333333331,2026-09-01T00:00:00Z,1.7,8.7,1.11,264.2
13.5,80.41666666666663,2026-09-01T00:00:00Z,0.91,10.7,0.62,150.0
13.5,80.5,2026-09-01T00:00:00Z,1.12,13.2,0.88,151.8
13.5,80.58333333333331,2026-09-01T00:00:00Z,1.23,12.7,0.93,154.1
13.5,80.66666666666663,2026-09-01T00:00:00Z,1.34,13.5,0.98,154.4
13.5,80.75,2026-09-01T00:00:00Z,1.41,14.1,1.0,154.4
13.5,80.83333333333331,2026-09-01T00:00:00Z,1.45,14.2,1.0,154.4
13.5,80.91666666666663,2026-09-01T00:00:00Z,1.49,14.2,1.01,155.2
13.5,81.0,2026-09-01T00:00:00Z,1.52,14.3,1.02,156.0
13.583333333333329,73.0,2026-09-01T00:00:00Z,2.19,9.0,1.7,280.7
13.583333333333329,73.08333333333331,2026-09-01T00:00:00Z,2.19,9.0,1.71,280.7
13.583333333333329,73.16666666666666,2026-09-01T00:00:00Z,2.18,9.0,1.69,280.6
13.583333333333329,73.25,2026-09-01T00:00:00Z,2.18,9.0,1.68,280.6
13.583333333333329,73.33333333333331,2026-09-01T00:00:00Z,2.17,9.0,1.66,280.3
13.583333333333329,73.41666666666666,2026-09-01T00:00:00Z,2.16,8.9,1.65,279.9
13.583333333333329,73.5,2026-09-01T00:00:00Z,2.15,8.9,1.66,279.8
13.583333333333329,73.58333333333331,2026-09-01T00:00:00Z,2.13,8.9,1.51,270.4
13.583333333333329,73.66666666666666,2026-09-01T00:00:00Z,2.1,8.9,1.38,262.7
13.583333333333329,73.75,2026-09-01T00:00:00Z,2.07,8.9,1.34,262.7
13.583333333333329,73.83333333333331,2026-09-01T00:00:00Z,2.05,8.9,1.34,262.8
13.583333333333329,73.91666666666666,2026-09-01T00:00:00Z,2.02,8.9,1.32,262.9
13.583333333333329,74.0,2026-09-01T00:00:00Z,1.99,8.9,1.25,263.1
13.583333333333329,74.08333333333331,2026-09-01T00:00:00Z,1.95,8.8,1.23,263.3
13.583333333333329,74.16666666666666,2026-09-01T00:00:00Z,1.91,8.8,1.2,263.4
13.583333333333329,74.25,2026-09-01T00:00:00Z,1.87,8.8,1.19,263.4
13.583333333333329,74.33333333333331,2026-09-01T00:00:00Z,1.83,8.8,1.17,263.6
13.583333333333329,74.41666666666666,2026-09-01T00:00:00Z,1.79,8.8,1.16,263.9
13.583333333333329,74.5,2026-09-01T00:00:00Z,1.75,8.7,1.14,263.9
13.583333333333329,74.58333333333331,2026-09-01T00:00:00Z,1.68,8.7,1.12,263.7
13.583333333333329,80.41666666666663,2026-09-01T00:00:00Z,0.9,13.2,0.68,149.4
13.583333333333329,80.5,2026-09-01T00:00:00Z,1.09,13.3,0.87,151.9
13.583333333333329,80.58333333333331,2026-09-01T00:00:00Z,1.21,13.1,0.93,154.3
13.583333333333329,80.66666666666663,2026-09-01T00:00:00Z,1.31,13.6,0.97,154.8
13.583333333333329,80.75,2026-09-01T00:00:00Z,1.38,13.9,0.98,154.8
13.583333333333329,80.83333333333331,2026-09-01T00:00:00Z,1.43,14.1,0.99,155.2
13.583333333333329,80.91666666666663,2026-09-01T00:00:00Z,1.46,14.2,0.99,155.8
13.583333333333329,81.0,2026-09-01T00:00:00Z,1.49,14.2,0.99,156.3
13.666666666666657,73.0,2026-09-01T00:00:00Z,2.2,9.0,1.69,280.1
13.666666666666657,73.08333333333331,2026-09-01T00:00:00Z,2.19,9.0,1.7,280.5
13.666666666666657,73.16666666666666,2026-09-01T00:00:00Z,2.19,8.9,1.69,280.5
13.666666666666657,73.25,2026-09-01T00:00:00Z,2.19,8.9,1.67,280.5
13.666666666666657,73.33333333333331,2026-09-01T00:00:00Z,2.18,8.9,1.64,280.0
13.666666666666657,73.41666666666666,2026-09-01T00:00:00Z,2.17,8.9,1.56,276.2
13.666666666666657,73.5,2026-09-01T00:00:00Z,2.16,8.9,1.38,262.1
13.666666666666657,73.58333333333331,2026-09-01T00:00:00Z,2.13,8.9,1.33,262.0
13.666666666666657,73.66666666666666,2026-09-01T00:00:00Z,2.1,8.9,1.29,262.2
13.666666666666657,73.75,2026-09-01T00:00:00Z,2.08,8.9,1.27,262.2
13.666666666666657,73.83333333333331,2026-09-01T00:00:00Z,2.05,8.9,1.26,262.3
13.666666666666657,73.91666666666666,2026-09-01T00:00:00Z,2.01,8.8,1.25,262.4
13.666666666666657,74.0,2026-09-01T00:00:00Z,1.97,8.8,1.23,262.5
13.666666666666657,74.08333333333331,2026-09-01T00:00:00Z,1.94,8.8,1.22,262.9
13.666666666666657,74.16666666666666,2026-09-01T00:00:00Z,1.91,8.8,1.21,263.2
13.666666666666657,74.25,2026-09-01T00:00:00Z,1.87,8.8,1.2,263.2
13.666666666666657,74.33333333333331,2026-09-01T00:00:00Z,1.84,8.8,1.18,263.4
13.666666666666657,74.41666666666666,2026-09-01T00:00:00Z,1.8,8.8,1.17,263.5
13.666666666666657,74.5,2026-09-01T00:00:00Z,1.75,8.7,1.15,263.6
13.666666666666657,74.58333333333331,2026-09-01T00:00:00Z,1.67,8.8,1.12,263.1
13.666666666666657,74.66666666666666,2026-09-01T00:00:00Z,1.3,7.8,0.92,270.1
13.666666666666657,80.33333333333331,2026-09-01T00:00:00Z,0.64,13.7,0.44,143.7
13.666666666666657,80.41666666666663,2026-09-01T00:00:00Z,0.84,13.5,0.67,147.6
13.666666666666657,80.5,2026-09-01T00:00:00Z,1.07,13.0,0.88,152.0
13.666666666666657,80.58333333333331,2026-09-01T00:00:00Z,1.19,13.3,0.93,154.9
13.666666666666657,80.66666666666663,2026-09-01T00:00:00Z,1.29,13.7,0.96,155.8
13.666666666666657,80.75,2026-09-01T00:00:00Z,1.36,14.0,0.98,155.8
13.666666666666657,80.83333333333331,2026-09-01T00:00:00Z,1.4,14.1,0.99,156.2
13.666666666666657,80.91666666666663,2026-09-01T00:00:00Z,1.44,14.1,0.98,157.0
13.666666666666657,81.0,2026-09-01T00:00:00Z,1.47,14.2,0.95,156.0
13.75,73.0,2026-09-01T00:00:00Z,2.21,8.9,1.67,279.8
13.75,73.08333333333331,2026-09-01T00:00:00Z,2.21,8.9,1.67,279.7
13.75,73.16666666666666,2026-09-01T00:00:00Z,2.21,8.9,1.66,279.5
13.75,73.25,2026-09-01T00:00:00Z,2.2,8.9,1.65,279.5
13.75,73.33333333333331,2026-09-01T00:00:00Z,2.19,8.9,1.58,279.0
13.75,73.41666666666666,2026-09-01T00:00:00Z,2.18,8.9,1.42,265.1
13.75,73.5,2026-09-01T00:00:00Z,2.16,8.9,1.26,261.4
13.75,73.58333333333331,2026-09-01T00:00:00Z,2.13,8.9,1.27,261.3
13.75,73.66666666666666,2026-09-01T00:00:00Z,2.11,8.9,1.28,261.7
13.75,73.75,2026-09-01T00:00:00Z,2.08,8.9,1.27,261.7
13.75,73.83333333333331,2026-09-01T00:00:00Z,2.05,8.8,1.26,262.0
13.75,73.91666666666666,2026-09-01T00:00:00Z,2.0,8.8,1.24,262.1
13.75,74.0,2026-09-01T00:00:00Z,1.95,8.7,1.22,262.1
13.75,74.08333333333331,2026-09-01T00:00:00Z,1.92,8.7,1.22,262.4
13.75,74.16666666666666,2026-09-01T00:00:00Z,1.89,8.8,1.21,262.8
13.75,74.25,2026-09-01T00:00:00Z,1.87,8.8,1.2,262.8
13.75,74.33333333333331,2026-09-01T00:00:00Z,1.83,8.8,1.19,263.0
13.75,74.41666666666666,2026-09-01T00:00:00Z,1.79,8.8,1.17,263.1
13.75,74.5,2026-09-01T00:00:00Z,1.75,8.7,1.16,263.1
13.75,74.58333333333331,2026-09-01T00:00:00Z,1.64,8.8,1.12,263.0
13.75,74.66666666666666,2026-09-01T00:00:00Z,1.34,8.0,0.95,262.8
13.75,80.33333333333331,2026-09-01T00:00:00Z,0.61,13.4,0.45,145.7
13.75,80.41666666666663,2026-09-01T00:00:00Z,0.83,13.4,0.68,148.2
13.75,80.5,2026-09-01T00:00:00Z,1.05,13.1,0.87,152.9
13.75,80.58333333333331,2026-09-01T00:00:00Z,1.17,13.5,0.93,155.6
13.75,80.66666666666663,2026-09-01T00:00:00Z,1.26,13.8,0.96,156.6
13.75,80.75,2026-09-01T00:00:00Z,1.33,14.0,0.98,156.6
13.75,80.83333333333331,2026-09-01T00:00:00Z,1.38,14.1,0.98,157.4
13.75,80.91666666666663,2026-09-01T00:00:00Z,1.41,14.1,0.96,156.6
13.75,81.0,2026-09-01T00:00:00Z,1.45,14.2,0.94,157.4
13.833333333333329,73.0,2026-09-01T00:00:00Z,2.22,8.9,1.65,279.8
13.833333333333329,73.08333333333331,2026-09-01T00:00:00Z,2.22,8.9,1.64,279.7
13.833333333333329,73.16666666666666,2026-09-01T00:00:00Z,2.22,8.9,1.63,279.5
13.833333333333329,73.25,2026-09-01T00:00:00Z,2.21,8.9,1.62,279.5
13.833333333333329,73.33333333333331,2026-09-01T00:00:00Z,2.2,8.9,1.52,279.0
13.833333333333329,73.41666666666666,2026-09-01T00:00:00Z,2.19,8.9,1.33,265.1
13.833333333333329,73.5,2026-09-01T00:00:00Z,2.16,8.9,1.28,261.4
13.833333333333329,73.58333333333331,2026-09-01T00:00:00Z,2.13,8.9,1.29,261.3
13.833333333333329,73.66666666666666,2026-09-01T00:00:00Z,2.1,8.9,1.29,261.7
13.833333333333329,73.75,2026-09-01T00:00:00Z,2.07,8.8,1.28,261.7
13.833333333333329,73.83333333333331,2026-09-01T00:00:00Z,2.04,8.8,1.26,262.0
13.833333333333329,73.91666666666666,2026-09-01T00:00:00Z,2.0,8.8,1.24,262.1
13.833333333333329,74.0,2026-09-01T00:00:00Z,1.94,8.7,1.22,262.1
13.833333333333329,74.08333333333331,2026-09-01T00:00:00Z,1.91,8.7,1.21,262.4
13.833333333333329,74.16666666666666,2026-09-01T00:00:00Z,1.88,8.7,1.21,262.8
13.833333333333329,74.25,2026-09-01T00:00:00Z,1.86,8.8,1.2,262.8
13.833333333333329,74.33333333333331,2026-09-01T00:00:00Z,1.82,8.7,1.19,263.0
13.833333333333329,74.41666666666666,2026-09-01T00:00:00Z,1.78,8.7,1.18,263.1
13.833333333333329,74.5,2026-09-01T00:00:00Z,1.74,8.7,1.16,263.1
13.833333333333329,74.58333333333331,2026-09-01T00:00:00Z,1.65,8.7,1.13,263.0
13.833333333333329,80.25,2026-09-01T00:00:00Z,0.42,12.4,0.32,146.8
13.833333333333329,80.33333333333331,2026-09-01T00:00:00Z,0.62,12.8,0.51,145.7
13.833333333333329,80.41666666666663,2026-09-01T00:00:00Z,0.85,13.1,0.71,148.2
13.833333333333329,80.5,2026-09-01T00:00:00Z,1.03,13.3,0.86,152.9
13.833333333333329,80.58333333333331,2026-09-01T00:00:00Z,1.16,13.7,0.93,155.6
13.833333333333329,80.66666666666663,2026-09-01T00:00:00Z,1.24,13.9,0.96,156.6
13.833333333333329,80.75,2026-09-01T00:00:00Z,1.31,14.1,0.99,156.6
13.833333333333329,80.83333333333331,2026-09-01T00:00:00Z,1.35,14.1,0.98,157.4
13.833333333333329,80.91666666666663,2026-09-01T00:00:00Z,1.39,14.2,0.95,156.6
13.833333333333329,81.0,2026-09-01T00:00:00Z,1.43,14.2,0.96,157.4
13.916666666666657,73.0,2026-09-01T00:00:00Z,2.23,8.9,1.63,278.7
13.916666666666657,73.08333333333331,2026-09-01T00:00:00Z,2.23,8.9,1.63,278.8
13.916666666666657,73.16666666666666,2026-09-01T00:00:00Z,2.23,8.9,1.61,278.1
13.916666666666657,73.25,2026-09-01T00:00:00Z,2.22,8.9,1.61,278.1
13.916666666666657,73.33333333333331,2026-09-01T00:00:00Z,2.21,8.9,1.53,277.9
13.916666666666657,73.41666666666666,2026-09-01T00:00:00Z,2.18,8.9,1.37,264.5
13.916666666666657,73.5,2026-09-01T00:00:00Z,2.15,8.8,1.31,260.6
13.916666666666657,73.58333333333331,2026-09-01T00:00:00Z,2.11,8.8,1.32,260.7
13.916666666666657,73.66666666666666,2026-09-01T00:00:00Z,2.09,8.8,1.31,261.2
13.916666666666657,73.75,2026-09-01T00:00:00Z,2.06,8.8,1.29,261.2
13.916666666666657,73.83333333333331,2026-09-01T00:00:00Z,2.03,8.8,1.27,261.7
13.916666666666657,73.91666666666666,2026-09-01T00:00:00Z,1.99,8.8,1.25,261.9
13.916666666666657,74.0,2026-09-01T00:00:00Z,1.94,8.7,1.23,262.0
13.916666666666657,74.08333333333331,2026-09-01T00:00:00Z,1.9,8.7,1.22,262.2
13.916666666666657,74.16666666666666,2026-09-01T00:00:00Z,1.87,8.7,1.21,262.4
13.916666666666657,74.25,2026-09-01T00:00:00Z,1.84,8.7,1.2,262.4
13.916666666666657,74.33333333333331,2026-09-01T00:00:00Z,1.81,8.7,1.19,262.5
13.916666666666657,74.41666666666666,2026-09-01T00:00:00Z,1.77,8.7,1.17,262.6
13.916666666666657,74.5,2026-09-01T00:00:00Z,1.72,8.7,1.16,262.4
13.916666666666657,80.33333333333331,2026-09-01T00:00:00Z,0.63,12.0,0.57,146.4
13.916666666666657,80.41666666666663,2026-09-01T00:00:00Z,0.86,12.6,0.74,149.2
13.916666666666657,80.5,2026-09-01T00:00:00Z,1.03,13.3,0.86,153.6
13.916666666666657,80.58333333333331,2026-09-01T00:00:00Z,1.15,13.8,0.93,156.3
13.916666666666657,80.66666666666663,2026-09-01T00:00:00Z,1.23,14.0,0.97,157.7
13.916666666666657,80.75,2026-09-01T00:00:00Z,1.29,14.1,0.99,157.7
13.916666666666657,80.83333333333331,2026-09-01T00:00:00Z,1.34,14.2,0.98,158.5
13.916666666666657,80.91666666666663,2026-09-01T00:00:00Z,1.38,14.2,0.95,157.4
13.916666666666657,81.0,2026-09-01T00:00:00Z,1.42,14.2,0.98,158.1
14.0,73.0,2026-09-01T00:00:00Z,2.23,8.9,1.63,278.3
14.0,73.08333333333331,2026-09-01T00:00:00Z,2.23,8.9,1.62,278.3
14.0,73.16666666666666,2026-09-01T00:00:00Z,2.23,8.9,1.6,277.6
14.0,73.25,2026-09-01T00:00:00Z,2.22,8.9,1.6,277.6
14.0,73.33333333333331,2026-09-01T00:00:00Z,2.21,8.8,1.57,276.9
14.0,73.41666666666666,2026-09-01T00:00:00Z,2.17,8.8,1.48,270.3
14.0,73.5,2026-09-01T00:00:00Z,2.13,8.8,1.34,260.3
14.0,73.58333333333331,2026-09-01T00:00:00Z,2.09,8.8,1.33,260.4
14.0,73.66666666666666,2026-09-01T00:00:00Z,2.07,8.8,1.31,260.8
14.0,73.75,2026-09-01T00:00:00Z,2.04,8.8,1.3,260.8
14.0,73.83333333333331,2026-09-01T00:00:00Z,2.01,8.8,1.28,261.2
14.0,73.91666666666666,2026-09-01T00:00:00Z,1.98,8.8,1.25,261.7
14.0,74.0,2026-09-01T00:00:00Z,1.94,8.7,1.23,261.8
14.0,74.08333333333331,2026-09-01T00:00:00Z,1.9,8.7,1.22,261.9
14.0,74.16666666666666,2026-09-01T00:00:00Z,1.87,8.7,1.22,262.1
14.0,74.25,2026-09-01T00:00:00Z,1.83,8.7,1.2,262.1
14.0,74.33333333333331,2026-09-01T00:00:00Z,1.78,8.7,1.18,262.0
14.0,80.33333333333331,2026-09-01T00:00:00Z,0.7,12.0,0.64,146.3
14.0,80.41666666666663,2026-09-01T00:00:00Z,0.88,12.4,0.77,149.8
14.0,80.5,2026-09-01T00:00:00Z,1.03,13.0,0.86,153.8
14.0,80.58333333333331,2026-09-01T00:00:00Z,1.14,13.9,0.93,157.1
14.0,80.66666666666663,2026-09-01T00:00:00Z,1.21,14.1,0.97,158.4
14.0,80.75,2026-09-01T00:00:00Z,1.27,14.2,0.98,158.4
14.0,80.83333333333331,2026-09-01T00:00:00Z,1.32,14.3,0.97,158.8
14.0,80.91666666666663,2026-09-01T00:00:00Z,1.37,14.3,0.96,157.3
14.0,81.0,2026-09-01T00:00:00Z,1.41,14.3,1.03,160.7
14.083333333333329,73.0,2026-09-01T00:00:00Z,2.23,8.9,1.62,278.2
14.083333333333329,73.08333333333331,2026-09-01T00:00:00Z,2.24,8.8,1.59,278.0
14.083333333333329,73.16666666666666,2026-09-01T00:00:00Z,2.24,8.8,1.55,280.2
14.083333333333329,73.25,2026-09-01T00:00:00Z,2.23,8.8,1.57,280.2
14.083333333333329,73.33333333333331,2026-09-01T00:00:00Z,2.2,8.8,1.53,275.3
14.083333333333329,73.41666666666666,2026-09-01T00:00:00Z,2.15,8.8,1.37,260.3
14.083333333333329,73.5,2026-09-01T00:00:00Z,2.11,8.8,1.34,260.2
14.083333333333329,73.58333333333331,2026-09-01T00:00:00Z,2.07,8.8,1.33,260.2
14.083333333333329,73.66666666666666,2026-09-01T00:00:00Z,2.05,8.8,1.31,260.5
14.083333333333329,73.75,2026-09-01T00:00:00Z,2.02,8.8,1.3,260.5
14.083333333333329,73.83333333333331,2026-09-01T00:00:00Z,1.99,8.8,1.28,260.7
14.083333333333329,73.91666666666666,2026-09-01T00:00:00Z,1.96,8.8,1.26,260.8
14.083333333333329,74.0,2026-09-01T00:00:00Z,1.92,8.7,1.24,261.3
14.083333333333329,74.08333333333331,2026-09-01T00:00:00Z,1.89,8.7,1.24,261.6
14.083333333333329,74.16666666666666,2026-09-01T00:00:00Z,1.86,8.7,1.22,261.7
14.083333333333329,74.25,2026-09-01T00:00:00Z,1.82,8.7,1.2,261.7
14.083333333333329,74.33333333333331,2026-09-01T00:00:00Z,1.77,8.7,1.18,261.5
14.083333333333329,80.33333333333331,2026-09-01T00:00:00Z,0.72,12.5,0.65,147.4
14.083333333333329,80.41666666666663,2026-09-01T00:00:00Z,0.88,12.7,0.78,150.8
14.083333333333329,80.5,2026-09-01T00:00:00Z,1.03,13.3,0.87,154.7
14.083333333333329,80.58333333333331,2026-09-01T00:00:00Z,1.13,13.9,0.93,157.6
14.083333333333329,80.66666666666663,2026-09-01T00:00:00Z,1.2,14.2,0.94,156.3
14.083333333333329,80.75,2026-09-01T00:00:00Z,1.26,14.3,0.93,156.3
14.083333333333329,80.83333333333331,2026-09-01T00:00:00Z,1.31,14.3,0.96,156.5
14.083333333333329,80.91666666666663,2026-09-01T00:00:00Z,1.36,14.4,1.02,159.7
14.083333333333329,81.0,2026-09-01T00:00:00Z,1.4,14.4,1.04,160.9
14.166666666666657,73.0,2026-09-01T00:00:00Z,2.24,8.8,1.62,277.5
14.166666666666657,73.08333333333331,2026-09-01T00:00:00Z,2.24,8.8,1.57,279.2
14.166666666666657,73.16666666666666,2026-09-01T00:00:00Z,2.24,8.8,1.57,277.6
14.166666666666657,73.25,2026-09-01T00:00:00Z,2.22,8.8,1.55,277.6
14.166666666666657,73.33333333333331,2026-09-01T00:00:00Z,2.18,8.8,1.46,266.3
14.166666666666657,73.41666666666666,2026-09-01T00:00:00Z,2.13,8.8,1.35,259.9
14.166666666666657,73.5,2026-09-01T00:00:00Z,2.09,8.8,1.34,259.8
14.166666666666657,73.58333333333331,2026-09-01T00:00:00Z,2.05,8.8,1.33,259.9
14.166666666666657,73.66666666666666,2026-09-01T00:00:00Z,2.03,8.8,1.31,260.2
14.166666666666657,73.75,2026-09-01T00:00:00Z,2.0,8.8,1.3,260.2
14.166666666666657,73.83333333333331,2026-09-01T00:00:00Z,1.98,8.8,1.28,260.4
14.166666666666657,73.91666666666666,2026-09-01T00:00:00Z,1.94,8.7,1.26,260.4
14.166666666666657,74.0,2026-09-01T00:00:00Z,1.91,8.7,1.25,260.7
14.166666666666657,74.08333333333331,2026-09-01T00:00:00Z,1.88,8.7,1.24,261.1
14.166666666666657,74.16666666666666,2026-09-01T00:00:00Z,1.85,8.7,1.23,261.2
14.166666666666657,74.25,2026-09-01T00:00:00Z,1.81,8.7,1.21,261.2
14.166666666666657,74.33333333333331,2026-09-01T00:00:00Z,1.75,8.7,1.18,261.1
14.166666666666657,80.16666666666663,2026-09-01T00:00:00Z,0.39,11.7,0.34,146.3
14.166666666666657,80.25,2026-09-01T00:00:00Z,0.55,12.3,0.5,146.3
14.166666666666657,80.33333333333331,2026-09-01T00:00:00Z,0.7,12.6,0.64,147.7
14.166666666666657,80.41666666666663,2026-09-01T00:00:00Z,0.85,12.7,0.75,150.6
14.166666666666657,80.5,2026-09-01T00:00:00Z,1.0,13.1,0.86,154.8
14.166666666666657,80.58333333333331,2026-09-01T00:00:00Z,1.12,14.0,0.93,158.2
14.166666666666657,80.66666666666663,2026-09-01T00:00:00Z,1.2,14.3,0.96,159.8
14.166666666666657,80.75,2026-09-01T00:00:00Z,1.26,14.4,0.98,159.8
14.166666666666657,80.83333333333331,2026-09-01T00:00:00Z,1.3,14.4,1.01,160.8
14.166666666666657,80.91666666666663,2026-09-01T00:00:00Z,1.35,14.4,1.05,161.7
14.166666666666657,81.0,2026-09-01T00:00:00Z,1.39,14.5,1.04,161.2
14.25,73.0,2026-09-01T00:00:00Z,2.25,8.8,1.61,276.5
14.25,73.08333333333331,2026-09-01T00:00:00Z,2.25,8.8,1.57,274.7
14.25,73.16666666666666,2026-09-01T00:00:00Z,2.24,8.8,1.55,268.3
14.25,73.25,2026-09-01T00:00:00Z,2.21,8.8,1.48,268.3
14.25,73.33333333333331,2026-09-01T00:00:00Z,2.17,8.8,1.4,259.8
14.25,73.41666666666666,2026-09-01T00:00:00Z,2.12,8.8,1.36,259.6
14.25,73.5,2026-09-01T00:00:00Z,2.07,8.8,1.34,259.3
14.25,73.58333333333331,2026-09-01T00:00:00Z,2.04,8.7,1.32,259.4
14.25,73.66666666666666,2026-09-01T00:00:00Z,2.01,8.7,1.3,259.5
14.25,73.75,2026-09-01T00:00:00Z,1.98,8.7,1.28,259.5
14.25,73.83333333333331,2026-09-01T00:00:00Z,1.96,8.7,1.27,259.9
14.25,73.91666666666666,2026-09-01T00:00:00Z,1.93,8.7,1.26,259.9
14.25,74.0,2026-09-01T00:00:00Z,1.9,8.7,1.25,260.1
14.25,74.08333333333331,2026-09-01T00:00:00Z,1.87,8.7,1.25,260.6
14.25,74.16666666666666,2026-09-01T00:00:00Z,1.84,8.7,1.23,260.7
14.25,74.25,2026-09-01T00:00:00Z,1.79,8.7,1.21,260.7
14.25,74.33333333333331,2026-09-01T00:00:00Z,1.73,8.7,1.18,260.4
14.25,80.25,2026-09-01T00:00:00Z,0.52,12.2,0.46,147.6
14.25,80.33333333333331,2026-09-01T00:00:00Z,0.7,12.4,0.64,148.1
14.25,80.41666666666663,2026-09-01T00:00:00Z,0.83,12.5,0.74,150.7
14.25,80.5,2026-09-01T00:00:00Z,1.0,13.1,0.87,155.6
14.25,80.58333333333331,2026-09-01T00:00:00Z,1.11,14.1,0.94,158.8
14.25,80.66666666666663,2026-09-01T00:00:00Z,1.19,14.4,0.99,160.4
14.25,80.75,2026-09-01T00:00:00Z,1.25,14.5,1.02,160.4
14.25,80.83333333333331,2026-09-01T00:00:00Z,1.3,14.5,1.03,161.7
14.25,80.91666666666663,2026-09-01T00:00:00Z,1.34,14.5,1.0,158.4
14.25,81.0,2026-09-01T00:00:00Z,1.38,14.6,0.97,158.0
14.333333333333329,73.0,2026-09-01T00:00:00Z,2.25,8.8,1.59,276.5
14.333333333333329,73.08333333333331,2026-09-01T00:00:00Z,2.25,8.8,1.5,274.7
14.333333333333329,73.16666666666666,2026-09-01T00:00:00Z,2.24,8.8,1.44,268.3
14.333333333333329,73.25,2026-09-01T00:00:00Z,2.21,8.8,1.39,268.3
14.333333333333329,73.33333333333331,2026-09-01T00:00:00Z,2.17,8.8,1.36,259.8
14.333333333333329,73.41666666666666,2026-09-01T00:00:00Z,2.11,8.8,1.36,259.6
14.333333333333329,73.5,2026-09-01T00:00:00Z,2.06,8.7,1.33,259.3
14.333333333333329,73.58333333333331,2026-09-01T00:00:00Z,2.02,8.7,1.31,259.4
14.333333333333329,73.66666666666666,2026-09-01T00:00:00Z,1.98,8.7,1.28,259.5
14.333333333333329,73.75,2026-09-01T00:00:00Z,1.96,8.6,1.27,259.5
14.333333333333329,73.83333333333331,2026-09-01T00:00:00Z,1.93,8.7,1.26,259.9
14.333333333333329,73.91666666666666,2026-09-01T00:00:00Z,1.91,8.7,1.26,259.9
14.333333333333329,74.0,2026-09-01T00:00:00Z,1.89,8.7,1.26,260.1
14.333333333333329,74.08333333333331,2026-09-01T00:00:00Z,1.86,8.7,1.25,260.6
14.333333333333329,74.16666666666666,2026-09-01T00:00:00Z,1.83,8.7,1.23,260.7
14.333333333333329,74.25,2026-09-01T00:00:00Z,1.78,8.7,1.21,260.7
14.333333333333329,74.33333333333331,2026-09-01T00:00:00Z,1.7,8.6,1.17,260.4
14.333333333333329,80.25,2026-09-01T00:00:00Z,0.53,11.9,0.47,147.6
14.333333333333329,80.33333333333331,2026-09-01T00:00:00Z,0.72,12.2,0.66,148.1
14.333333333333329,80.41666666666663,2026-09-01T00:00:00Z,0.84,12.5,0.76,150.7
14.333333333333329,80.5,2026-09-01T00:00:00Z,1.0,13.3,0.88,155.6
14.333333333333329,80.58333333333331,2026-09-01T00:00:00Z,1.1,14.2,0.95,158.8
14.333333333333329,80.66666666666663,2026-09-01T00:00:00Z,1.18,14.5,0.99,160.4
14.333333333333329,80.75,2026-09-01T00:00:00Z,1.24,14.6,1.04,160.4
14.333333333333329,80.83333333333331,2026-09-01T00:00:00Z,1.29,14.6,1.03,161.7
14.333333333333329,80.91666666666663,2026-09-01T00:00:00Z,1.33,14.7,0.95,158.4
14.333333333333329,81.0,2026-09-01T00:00:00Z,1.36,14.7,0.91,158.0
14.416666666666657,73.0,2026-09-01T00:00:00Z,2.25,8.8,1.5,271.0
14.416666666666657,73.08333333333331,2026-09-01T00:00:00Z,2.25,8.8,1.34,259.9
14.416666666666657,73.16666666666666,2026-09-01T00:00:00Z,2.24,8.8,1.31,260.0
14.416666666666657,73.25,2026-09-01T00:00:00Z,2.22,8.8,1.33,260.0
14.416666666666657,73.33333333333331,2026-09-01T00:00:00Z,2.17,8.8,1.35,259.7
14.416666666666657,73.41666666666666,2026-09-01T00:00:00Z,2.11,8.7,1.36,259.4
14.416666666666657,73.5,2026-09-01T00:00:00Z,2.05,8.7,1.33,259.2
14.416666666666657,73.58333333333331,2026-09-01T00:00:00Z,2.0,8.6,1.3,258.8
14.416666666666657,73.66666666666666,2026-09-01T00:00:00Z,1.97,8.6,1.28,258.9
14.416666666666657,73.75,2026-09-01T00:00:00Z,1.93,8.6,1.27,258.9
14.416666666666657,73.83333333333331,2026-09-01T00:00:00Z,1.91,8.6,1.27,258.8
14.416666666666657,73.91666666666666,2026-09-01T00:00:00Z,1.9,8.7,1.27,259.3
14.416666666666657,74.0,2026-09-01T00:00:00Z,1.87,8.7,1.26,259.6
14.416666666666657,74.08333333333331,2026-09-01T00:00:00Z,1.85,8.7,1.25,260.1
14.416666666666657,74.16666666666666,2026-09-01T00:00:00Z,1.81,8.7,1.24,260.1
14.416666666666657,74.25,2026-09-01T00:00:00Z,1.76,8.7,1.22,260.1
14.416666666666657,74.33333333333331,2026-09-01T00:00:00Z,1.67,8.7,1.2,259.8
14.416666666666657,80.25,2026-09-01T00:00:00Z,0.58,11.6,0.54,143.4
14.416666666666657,80.33333333333331,2026-09-01T00:00:00Z,0.74,12.2,0.68,146.9
14.416666666666657,80.41666666666663,2026-09-01T00:00:00Z,0.86,12.7,0.78,150.7
14.416666666666657,80.5,2026-09-01T00:00:00Z,0.99,13.6,0.9,156.1
14.416666666666657,80.58333333333331,2026-09-01T00:00:00Z,1.08,14.4,0.96,159.5
14.416666666666657,80.66666666666663,2026-09-01T00:00:00Z,1.16,14.7,1.0,161.1
14.416666666666657,80.75,2026-09-01T00:00:00Z,1.22,14.7,1.03,161.1
14.416666666666657,80.83333333333331,2026-09-01T00:00:00Z,1.27,14.8,1.02,162.6
14.416666666666657,80.91666666666663,2026-09-01T00:00:00Z,1.3,14.8,0.94,159.3
14.416666666666657,81.0,2026-09-01T00:00:00Z,1.33,14.8,0.89,158.8
14.5,73.0,2026-09-01T00:00:00Z,2.25,8.8,1.33,259.4
14.5,73.08333333333331,2026-09-01T00:00:00Z,2.25,8.8,1.33,259.9
14.5,73.16666666666666,2026-09-01T00:00:00Z,2.24,8.8,1.32,260.0
14.5,73.25,2026-09-01T00:00:00Z,2.22,8.8,1.32,260.0
14.5,73.33333333333331,2026-09-01T00:00:00Z,2.18,8.8,1.34,259.8
14.5,73.41666666666666,2026-09-01T00:00:00Z,2.13,8.8,1.36,259.3
14.5,73.5,2026-09-01T00:00:00Z,2.07,8.7,1.35,258.8
14.5,73.58333333333331,2026-09-01T00:00:00Z,2.02,8.7,1.34,258.6
14.5,73.66666666666666,2026-09-01T00:00:00Z,1.98,8.7,1.32,258.5
14.5,73.75,2026-09-01T00:00:00Z,1.94,8.7,1.3,258.5
14.5,73.83333333333331,2026-09-01T00:00:00Z,1.91,8.7,1.29,258.5
14.5,73.91666666666666,2026-09-01T00:00:00Z,1.88,8.7,1.28,258.7
14.5,74.0,2026-09-01T00:00:00Z,1.86,8.7,1.27,259.0
14.5,74.08333333333331,2026-09-01T00:00:00Z,1.82,8.7,1.26,259.1
14.5,74.16666666666666,2026-09-01T00:00:00Z,1.78,8.7,1.24,259.2
14.5,74.25,2026-09-01T00:00:00Z,1.73,8.7,1.28,259.2
14.5,74.33333333333331,2026-09-01T00:00:00Z,1.67,8.7,1.37,264.1
14.5,80.25,2026-09-01T00:00:00Z,0.59,12.3,0.54,144.7
14.5,80.33333333333331,2026-09-01T00:00:00Z,0.75,12.6,0.69,147.6
14.5,80.41666666666663,2026-09-01T00:00:00Z,0.87,13.0,0.8,151.7
14.5,80.5,2026-09-01T00:00:00Z,0.98,13.9,0.89,156.3
14.5,80.58333333333331,2026-09-01T00:00:00Z,1.07,14.5,0.96,159.7
14.5,80.66666666666663,2026-09-01T00:00:00Z,1.14,14.8,0.97,159.4
14.5,80.75,2026-09-01T00:00:00Z,1.2,14.8,0.95,159.4
14.5,80.83333333333331,2026-09-01T00:00:00Z,1.25,14.9,0.92,158.0
14.5,80.91666666666663,2026-09-01T00:00:00Z,1.28,14.9,0.91,158.8
14.5,81.0,2026-09-01T00:00:00Z,1.31,14.8,0.87,158.7
14.583333333333329,73.0,2026-09-01T00:00:00Z,2.26,8.8,1.32,259.7
14.583333333333329,73.08333333333331,2026-09-01T00:00:00Z,2.26,8.8,1.32,259.9
14.583333333333329,73.16666666666666,2026-09-01T00:00:00Z,2.25,8.8,1.31,259.8
14.583333333333329,73.25,2026-09-01T00:00:00Z,2.22,8.8,1.32,259.8
14.583333333333329,73.33333333333331,2026-09-01T00:00:00Z,2.18,8.8,1.34,259.5
14.583333333333329,73.41666666666666,2026-09-01T00:00:00Z,2.13,8.8,1.36,259.0
14.583333333333329,73.5,2026-09-01T00:00:00Z,2.07,8.8,1.36,258.5
14.583333333333329,73.58333333333331,2026-09-01T00:00:00Z,2.01,8.8,1.35,258.0
14.583333333333329,73.66666666666666,2026-09-01T00:00:00Z,1.96,8.7,1.33,257.9
14.583333333333329,73.75,2026-09-01T00:00:00Z,1.92,8.7,1.34,257.9
14.583333333333329,73.83333333333331,2026-09-01T00:00:00Z,1.89,8.7,1.43,261.1
14.583333333333329,73.91666666666666,2026-09-01T00:00:00Z,1.86,8.7,1.57,272.8
14.583333333333329,74.0,2026-09-01T00:00:00Z,1.83,8.7,1.55,272.5
14.583333333333329,74.08333333333331,2026-09-01T00:00:00Z,1.79,8.7,1.52,271.8
14.583333333333329,74.16666666666666,2026-09-01T00:00:00Z,1.74,8.7,1.48,270.3
14.583333333333329,74.25,2026-09-01T00:00:00Z,1.65,8.7,1.43,270.3
14.583333333333329,74.33333333333331,2026-09-01T00:00:00Z,1.41,8.6,1.26,268.4
14.583333333333329,80.25,2026-09-01T00:00:00Z,0.48,12.4,0.44,145.3
14.583333333333329,80.33333333333331,2026-09-01T00:00:00Z,0.69,12.9,0.63,148.0
14.583333333333329,80.41666666666663,2026-09-01T00:00:00Z,0.87,13.1,0.81,151.7
14.583333333333329,80.5,2026-09-01T00:00:00Z,0.97,14.2,0.9,156.7
14.583333333333329,80.58333333333331,2026-09-01T00:00:00Z,1.05,14.7,0.96,160.1
14.583333333333329,80.66666666666663,2026-09-01T00:00:00Z,1.12,14.8,0.94,157.3
14.583333333333329,80.75,2026-09-01T00:00:00Z,1.18,14.9,0.92,157.3
14.583333333333329,80.83333333333331,2026-09-01T00:00:00Z,1.23,14.9,0.91,158.8
14.583333333333329,80.91666666666663,2026-09-01T00:00:00Z,1.27,14.9,0.91,159.6
14.583333333333329,81.0,2026-09-01T00:00:00Z,1.31,14.8,0.85,159.0
14.666666666666657,73.0,2026-09-01T00:00:00Z,2.27,8.8,1.3,259.8
14.666666666666657,73.08333333333331,2026-09-01T00:00:00Z,2.26,8.8,1.31,259.8
14.666666666666657,73.16666666666666,2026-09-01T00:00:00Z,2.24,8.8,1.31,259.5
14.666666666666657,73.25,2026-09-01T00:00:00Z,2.2,8.7,1.31,259.5
14.666666666666657,73.33333333333331,2026-09-01T00:00:00Z,2.14,8.7,1.31,259.0
14.666666666666657,73.41666666666666,2026-09-01T00:00:00Z,2.09,8.7,1.35,257.9
14.666666666666657,73.5,2026-09-01T00:00:00Z,2.04,8.8,1.53,269.1
14.666666666666657,73.58333333333331,2026-09-01T00:00:00Z,1.97,8.8,1.54,271.1
14.666666666666657,73.66666666666666,2026-09-01T00:00:00Z,1.92,8.8,1.53,271.8
14.666666666666657,73.75,2026-09-01T00:00:00Z,1.88,8.7,1.53,271.8
14.666666666666657,73.83333333333331,2026-09-01T00:00:00Z,1.85,8.7,1.55,272.1
14.666666666666657,73.91666666666666,2026-09-01T00:00:00Z,1.82,8.7,1.59,272.0
14.666666666666657,74.0,2026-09-01T00:00:00Z,1.78,8.7,1.56,271.5
14.666666666666657,74.08333333333331,2026-09-01T00:00:00Z,1.73,8.7,1.52,270.1
14.666666666666657,74.16666666666666,2026-09-01T00:00:00Z,1.66,8.6,1.45,267.2
14.666666666666657,80.25,2026-09-01T00:00:00Z,0.52,12.3,0.44,149.7
14.666666666666657,80.33333333333331,2026-09-01T00:00:00Z,0.69,12.8,0.63,150.4
14.666666666666657,80.41666666666663,2026-09-01T00:00:00Z,0.86,13.5,0.81,152.7
14.666666666666657,80.5,2026-09-01T00:00:00Z,0.96,14.4,0.9,156.6
14.666666666666657,80.58333333333331,2026-09-01T00:00:00Z,1.03,14.7,0.93,157.5
14.666666666666657,80.66666666666663,2026-09-01T00:00:00Z,1.1,14.9,0.92,157.6
14.666666666666657,80.75,2026-09-01T00:00:00Z,1.16,14.9,0.91,157.6
14.666666666666657,80.83333333333331,2026-09-01T00:00:00Z,1.21,14.9,0.91,159.0
14.666666666666657,80.91666666666663,2026-09-01T00:00:00Z,1.26,14.9,0.88,159.4
14.666666666666657,81.0,2026-09-01T00:00:00Z,1.3,14.8,0.83,159.2
14.75,73.0,2026-09-01T00:00:00Z,2.27,8.8,1.3,259.6
14.75,73.08333333333331,2026-09-01T00:00:00Z,2.26,8.8,1.31,259.5
14.75,73.16666666666666,2026-09-01T00:00:00Z,2.23,8.8,1.3,259.6
14.75,73.25,2026-09-01T00:00:00Z,2.17,8.7,1.31,259.6
14.75,73.33333333333331,2026-09-01T00:00:00Z,2.01,8.7,1.27,259.4
14.75,73.41666666666666,2026-09-01T00:00:00Z,1.78,9.4,1.19,276.7
14.75,73.5,2026-09-01T00:00:00Z,1.69,13.0,1.29,275.2
14.75,73.58333333333331,2026-09-01T00:00:00Z,1.72,12.7,1.39,276.8
14.75,73.66666666666666,2026-09-01T00:00:00Z,1.74,12.9,1.3,194.0
14.75,73.75,2026-09-01T00:00:00Z,1.75,13.1,1.19,194.0
14.75,73.83333333333331,2026-09-01T00:00:00Z,1.74,12.0,1.12,202.6
14.75,73.91666666666666,2026-09-01T00:00:00Z,1.72,10.0,1.12,207.4
14.75,74.0,2026-09-01T00:00:00Z,1.69,12.1,1.24,244.0
14.75,74.08333333333331,2026-09-01T00:00:00Z,1.57,10.3,1.3,266.1
14.75,74.16666666666666,2026-09-01T00:00:00Z,1.38,9.0,1.2,266.4
14.75,80.25,2026-09-01T00:00:00Z,0.56,12.1,0.48,147.3
14.75,80.33333333333331,2026-09-01T00:00:00Z,0.72,12.7,0.66,150.7
14.75,80.41666666666663,2026-09-01T00:00:00Z,0.86,13.6,0.81,153.8
14.75,80.5,2026-09-01T00:00:00Z,0.96,14.5,0.91,157.0
14.75,80.58333333333331,2026-09-01T00:00:00Z,1.03,14.8,0.91,157.6
14.75,80.66666666666663,2026-09-01T00:00:00Z,1.09,14.8,0.9,158.2
14.75,80.75,2026-09-01T00:00:00Z,1.14,14.8,0.9,158.2
14.75,80.83333333333331,2026-09-01T00:00:00Z,1.19,14.8,0.89,159.7
14.75,80.91666666666663,2026-09-01T00:00:00Z,1.24,14.8,0.86,159.8
14.75,81.0,2026-09-01T00:00:00Z,1.28,14.8,0.82,159.6
14.833333333333329,73.0,2026-09-01T00:00:00Z,2.26,8.8,1.31,259.6
14.833333333333329,73.08333333333331,2026-09-01T00:00:00Z,2.25,8.8,1.31,259.5
14.833333333333329,73.16666666666666,2026-09-01T00:00:00Z,2.22,8.8,1.31,259.6
14.833333333333329,73.25,2026-09-01T00:00:00Z,2.14,8.7,1.33,259.6
14.833333333333329,73.33333333333331,2026-09-01T00:00:00Z,1.93,8.7,1.3,259.4
14.833333333333329,73.41666666666666,2026-09-01T00:00:00Z,1.6,9.7,1.18,276.7
14.833333333333329,73.5,2026-09-01T00:00:00Z,1.46,14.4,1.12,275.2
14.833333333333329,73.58333333333331,2026-09-01T00:00:00Z,1.54,14.0,1.23,276.8
14.833333333333329,73.66666666666666,2026-09-01T00:00:00Z,1.62,14.3,1.12,194.0
14.833333333333329,73.75,2026-09-01T00:00:00Z,1.66,14.5,0.99,194.0
14.833333333333329,73.83333333333331,2026-09-01T00:00:00Z,1.66,13.0,0.92,202.6
14.833333333333329,73.91666666666666,2026-09-01T00:00:00Z,1.64,10.4,0.93,207.4
14.833333333333329,74.0,2026-09-01T00:00:00Z,1.59,13.2,1.08,244.0
14.833333333333329,74.08333333333331,2026-09-01T00:00:00Z,1.43,10.9,1.16,266.1
14.833333333333329,80.16666666666663,2026-09-01T00:00:00Z,0.42,11.5,0.34,147.3
14.833333333333329,80.25,2026-09-01T00:00:00Z,0.59,12.1,0.53,147.3
14.833333333333329,80.33333333333331,2026-09-01T00:00:00Z,0.75,12.6,0.7,150.7
14.833333333333329,80.41666666666663,2026-09-01T00:00:00Z,0.88,13.5,0.82,153.8
14.833333333333329,80.5,2026-09-01T00:00:00Z,0.97,14.5,0.91,157.0
14.833333333333329,80.58333333333331,2026-09-01T00:00:00Z,1.03,14.8,0.92,157.6
14.833333333333329,80.66666666666663,2026-09-01T00:00:00Z,1.08,14.8,0.9,158.2
14.833333333333329,80.75,2026-09-01T00:00:00Z,1.13,14.8,0.89,158.2
14.833333333333329,80.83333333333331,2026-09-01T00:00:00Z,1.18,14.8,0.87,159.7
14.833333333333329,80.91666666666663,2026-09-01T00:00:00Z,1.23,14.8,0.84,159.8
14.833333333333329,81.0,2026-09-01T00:00:00Z,1.27,14.8,0.81,159.6
14.916666666666657,73.0,2026-09-01T00:00:00Z,2.25,8.8,1.35,259.2
14.916666666666657,73.08333333333331,2026-09-01T00:00:00Z,2.23,8.8,1.38,259.5
14.916666666666657,73.16666666666666,2026-09-01T00:00:00Z,2.2,8.8,1.37,259.2
14.916666666666657,73.25,2026-09-01T00:00:00Z,2.12,8.7,1.37,259.2
14.916666666666657,73.33333333333331,2026-09-01T00:00:00Z,2.0,8.7,1.42,269.2
14.916666666666657,73.41666666666666,2026-09-01T00:00:00Z,1.85,8.7,1.49,275.7
14.916666666666657,73.5,2026-09-01T00:00:00Z,1.71,8.7,1.47,275.3
14.916666666666657,73.58333333333331,2026-09-01T00:00:00Z,1.67,8.6,1.44,276.9
14.916666666666657,73.66666666666666,2026-09-01T00:00:00Z,1.71,8.6,1.48,278.1
14.916666666666657,73.75,2026-09-01T00:00:00Z,1.73,8.6,1.5,278.1
14.916666666666657,73.83333333333331,2026-09-01T00:00:00Z,1.71,8.5,1.48,277.8
14.916666666666657,73.91666666666666,2026-09-01T00:00:00Z,1.65,8.5,1.44,276.3
14.916666666666657,74.0,2026-09-01T00:00:00Z,1.55,8.6,1.37,273.8
14.916666666666657,80.16666666666663,2026-09-01T00:00:00Z,0.52,11.3,0.38,146.4
14.916666666666657,80.25,2026-09-01T00:00:00Z,0.66,12.2,0.56,146.4
14.916666666666657,80.33333333333331,2026-09-01T00:00:00Z,0.79,12.6,0.72,151.3
14.916666666666657,80.41666666666663,2026-09-01T00:00:00Z,0.89,13.3,0.82,154.1
14.916666666666657,80.5,2026-09-01T00:00:00Z,0.98,14.4,0.91,156.6
14.916666666666657,80.58333333333331,2026-09-01T00:00:00Z,1.03,14.7,0.95,159.3
14.916666666666657,80.66666666666663,2026-09-01T00:00:00Z,1.08,14.8,0.92,158.0
14.916666666666657,80.75,2026-09-01T00:00:00Z,1.13,14.9,0.89,158.0
14.916666666666657,80.83333333333331,2026-09-01T00:00:00Z,1.17,14.8,0.86,159.9
14.916666666666657,80.91666666666663,2026-09-01T00:00:00Z,1.22,14.8,0.82,159.2
14.916666666666657,81.0,2026-09-01T00:00:00Z,1.26,14.8,0.79,159.9
15.0,73.0,2026-09-01T00:00:00Z,2.23,8.8,1.43,261.9
15.0,73.08333333333331,2026-09-01T00:00:00Z,2.22,8.8,1.58,271.6
15.0,73.16666666666666,2026-09-01T00:00:00Z,2.18,8.8,1.59,269.5
15.0,73.25,2026-09-01T00:00:00Z,2.13,8.7,1.48,269.5
15.0,73.33333333333331,2026-09-01T00:00:00Z,2.05,8.7,1.45,261.8
15.0,73.41666666666666,2026-09-01T00:00:00Z,1.95,8.6,1.6,276.9
15.0,73.5,2026-09-01T00:00:00Z,1.86,8.6,1.71,274.8
15.0,73.58333333333331,2026-09-01T00:00:00Z,1.83,8.6,1.68,275.3
15.0,73.66666666666666,2026-09-01T00:00:00Z,1.84,8.6,1.65,275.7
15.0,73.75,2026-09-01T00:00:00Z,1.82,8.6,1.62,275.7
15.0,73.83333333333331,2026-09-01T00:00:00Z,1.77,8.5,1.57,276.1
15.0,80.16666666666663,2026-09-01T00:00:00Z,0.6,12.0,0.47,148.7
15.0,80.25,2026-09-01T00:00:00Z,0.72,12.3,0.62,148.7
15.0,80.33333333333331,2026-09-01T00:00:00Z,0.83,12.8,0.74,152.0
15.0,80.41666666666663,2026-09-01T00:00:00Z,0.92,13.5,0.83,154.7
15.0,80.5,2026-09-01T00:00:00Z,0.99,14.3,0.9,157.5
15.0,80.58333333333331,2026-09-01T00:00:00Z,1.05,14.7,0.96,159.9
15.0,80.66666666666663,2026-09-01T00:00:00Z,1.09,14.8,0.93,159.8
15.0,80.75,2026-09-01T00:00:00Z,1.13,14.9,0.88,159.8
15.0,80.83333333333331,2026-09-01T00:00:00Z,1.17,14.9,0.84,159.9
15.0,80.91666666666663,2026-09-01T00:00:00Z,1.21,14.8,0.82,160.2
15.0,81.0,2026-09-01T00:00:00Z,1.25,14.8,0.8,160.4
15.083333333333329,73.0,2026-09-01T00:00:00Z,2.22,8.8,1.62,271.9
15.083333333333329,73.08333333333331,2026-09-01T00:00:00Z,2.2,8.8,1.63,271.5
15.083333333333329,73.16666666666666,2026-09-01T00:00:00Z,2.17,8.8,1.64,270.3
15.083333333333329,73.25,2026-09-01T00:00:00Z,2.12,8.8,1.64,270.3
15.083333333333329,73.33333333333331,2026-09-01T00:00:00Z,2.06,8.7,1.66,270.3
15.083333333333329,73.41666666666666,2026-09-01T00:00:00Z,1.99,8.7,1.67,271.4
15.083333333333329,73.5,2026-09-01T00:00:00Z,1.92,8.7,1.53,262.9
15.083333333333329,73.58333333333331,2026-09-01T00:00:00Z,1.88,8.6,1.59,268.2
15.083333333333329,73.66666666666666,2026-09-01T00:00:00Z,1.86,8.6,1.64,273.5
15.083333333333329,73.75,2026-09-01T00:00:00Z,1.82,8.6,1.63,273.5
15.083333333333329,73.83333333333331,2026-09-01T00:00:00Z,1.75,8.6,1.57,273.9
15.083333333333329,80.16666666666663,2026-09-01T00:00:00Z,0.62,12.5,0.52,149.7
15.083333333333329,80.25,2026-09-01T00:00:00Z,0.75,12.7,0.65,149.7
15.083333333333329,80.33333333333331,2026-09-01T00:00:00Z,0.84,13.1,0.74,152.7
15.083333333333329,80.41666666666663,2026-09-01T00:00:00Z,0.93,13.7,0.82,155.3
15.083333333333329,80.5,2026-09-01T00:00:00Z,1.0,14.4,0.9,157.5
15.083333333333329,80.58333333333331,2026-09-01T00:00:00Z,1.05,14.7,0.96,159.4
15.083333333333329,80.66666666666663,2026-09-01T00:00:00Z,1.09,14.8,0.96,161.0
15.083333333333329,80.75,2026-09-01T00:00:00Z,1.13,14.9,0.89,161.0
15.083333333333329,80.83333333333331,2026-09-01T00:00:00Z,1.16,14.9,0.82,159.6
15.083333333333329,80.91666666666663,2026-09-01T00:00:00Z,1.2,14.8,0.81,159.9
15.083333333333329,81.0,2026-09-01T00:00:00Z,1.24,14.8,0.78,160.6
15.166666666666657,73.0,2026-09-01T00:00:00Z,2.21,8.8,1.66,272.0
15.166666666666657,73.08333333333331,2026-09-01T00:00:00Z,2.19,8.8,1.65,271.5
15.166666666666657,73.16666666666666,2026-09-01T00:00:00Z,2.16,8.8,1.66,270.6
15.166666666666657,73.25,2026-09-01T00:00:00Z,2.11,8.8,1.68,270.6
15.166666666666657,73.33333333333331,2026-09-01T00:00:00Z,2.06,8.7,1.71,270.0
15.166666666666657,73.41666666666666,2026-09-01T00:00:00Z,2.0,8.7,1.71,270.2
15.166666666666657,73.5,2026-09-01T00:00:00Z,1.94,8.7,1.59,267.3
15.166666666666657,73.58333333333331,2026-09-01T00:00:00Z,1.9,8.7,1.46,258.4
15.166666666666657,73.66666666666666,2026-09-01T00:00:00Z,1.86,8.6,1.46,262.1
15.166666666666657,73.75,2026-09-01T00:00:00Z,1.82,8.6,1.49,262.1
15.166666666666657,73.83333333333331,2026-09-01T00:00:00Z,1.76,8.6,1.45,272.6
15.166666666666657,80.16666666666663,2026-09-01T00:00:00Z,0.61,13.6,0.5,150.2
15.166666666666657,80.25,2026-09-01T00:00:00Z,0.75,13.7,0.66,150.2
15.166666666666657,80.33333333333331,2026-09-01T00:00:00Z,0.83,13.9,0.75,153.1
15.166666666666657,80.41666666666663,2026-09-01T00:00:00Z,0.91,14.2,0.82,155.6
15.166666666666657,80.5,2026-09-01T00:00:00Z,0.98,14.5,0.9,157.6
15.166666666666657,80.58333333333331,2026-09-01T00:00:00Z,1.03,14.6,0.95,159.1
15.166666666666657,80.66666666666663,2026-09-01T00:00:00Z,1.08,14.8,0.94,158.4
15.166666666666657,80.75,2026-09-01T00:00:00Z,1.11,14.8,0.88,158.4
15.166666666666657,80.83333333333331,2026-09-01T00:00:00Z,1.15,14.8,0.83,159.6
15.166666666666657,80.91666666666663,2026-09-01T00:00:00Z,1.19,14.8,0.8,160.5
15.166666666666657,81.0,2026-09-01T00:00:00Z,1.24,14.8,0.78,160.9
15.25,73.0,2026-09-01T00:00:00Z,2.21,8.8,1.66,271.5
15.25,73.08333333333331,2026-09-01T00:00:00Z,2.18,8.8,1.65,271.3
15.25,73.16666666666666,2026-09-01T00:00:00Z,2.15,8.8,1.67,270.0
15.25,73.25,2026-09-01T00:00:00Z,2.11,8.8,1.7,270.0
15.25,73.33333333333331,2026-09-01T00:00:00Z,2.05,8.8,1.73,269.9
15.25,73.41666666666666,2026-09-01T00:00:00Z,1.99,8.7,1.73,270.3
15.25,73.5,2026-09-01T00:00:00Z,1.93,8.7,1.69,270.8
15.25,73.58333333333331,2026-09-01T00:00:00Z,1.89,8.7,1.56,271.1
15.25,73.66666666666666,2026-09-01T00:00:00Z,1.85,8.6,1.52,271.1
15.25,73.75,2026-09-01T00:00:00Z,1.8,8.6,1.52,271.1
15.25,73.83333333333331,2026-09-01T00:00:00Z,1.73,8.6,1.47,269.7
15.25,80.16666666666663,2026-09-01T00:00:00Z,0.54,13.5,0.46,151.1
15.25,80.25,2026-09-01T00:00:00Z,0.67,13.8,0.61,151.1
15.25,80.33333333333331,2026-09-01T00:00:00Z,0.78,14.0,0.73,153.5
15.25,80.41666666666663,2026-09-01T00:00:00Z,0.87,14.2,0.81,155.9
15.25,80.5,2026-09-01T00:00:00Z,0.94,14.6,0.88,157.8
15.25,80.58333333333331,2026-09-01T00:00:00Z,1.01,14.6,0.94,159.3
15.25,80.66666666666663,2026-09-01T00:00:00Z,1.06,14.7,0.93,160.1
15.25,80.75,2026-09-01T00:00:00Z,1.1,14.8,0.88,160.1
15.25,80.83333333333331,2026-09-01T00:00:00Z,1.14,14.8,0.83,160.0
15.25,80.91666666666663,2026-09-01T00:00:00Z,1.19,14.8,0.8,160.7
15.25,81.0,2026-09-01T00:00:00Z,1.24,14.7,0.77,161.0
15.333333333333329,73.0,2026-09-01T00:00:00Z,2.2,8.8,1.64,271.5
15.333333333333329,73.08333333333331,2026-09-01T00:00:00Z,2.17,8.8,1.65,271.3
15.333333333333329,73.16666666666666,2026-09-01T00:00:00Z,2.14,8.8,1.68,270.0
15.333333333333329,73.25,2026-09-01T00:00:00Z,2.1,8.8,1.71,270.0
15.333333333333329,73.33333333333331,2026-09-01T00:00:00Z,2.05,8.8,1.74,269.9
15.333333333333329,73.41666666666666,2026-09-01T00:00:00Z,1.98,8.7,1.75,270.3
15.333333333333329,73.5,2026-09-01T00:00:00Z,1.92,8.7,1.74,270.8
15.333333333333329,73.58333333333331,2026-09-01T00:00:00Z,1.87,8.7,1.7,271.1
15.333333333333329,73.66666666666666,2026-09-01T00:00:00Z,1.82,8.7,1.66,271.1
15.333333333333329,73.75,2026-09-01T00:00:00Z,1.73,8.7,1.58,271.1
15.333333333333329,73.83333333333331,2026-09-01T00:00:00Z,1.59,8.5,1.44,269.7
15.333333333333329,80.16666666666663,2026-09-01T00:00:00Z,0.45,11.8,0.41,151.1
15.333333333333329,80.25,2026-09-01T00:00:00Z,0.59,12.6,0.55,151.1
15.333333333333329,80.33333333333331,2026-09-01T00:00:00Z,0.74,13.1,0.69,153.5
15.333333333333329,80.41666666666663,2026-09-01T00:00:00Z,0.84,13.5,0.79,155.9
15.333333333333329,80.5,2026-09-01T00:00:00Z,0.9,14.2,0.85,157.8
15.333333333333329,80.58333333333331,2026-09-01T00:00:00Z,0.98,14.1,0.9,159.3
15.333333333333329,80.66666666666663,2026-09-01T00:00:00Z,1.04,14.4,0.91,160.1
15.333333333333329,80.75,2026-09-01T00:00:00Z,1.09,14.6,0.87,160.1
15.333333333333329,80.83333333333331,2026-09-01T00:00:00Z,1.14,14.7,0.82,160.0
15.333333333333329,80.91666666666663,2026-09-01T00:00:00Z,1.19,14.7,0.79,160.7
15.333333333333329,81.0,2026-09-01T00:00:00Z,1.24,14.7,0.75,161.0
15.416666666666657,73.0,2026-09-01T00:00:00Z,2.19,8.8,1.6,270.4
15.416666666666657,73.08333333333331,2026-09-01T00:00:00Z,2.16,8.8,1.63,269.5
15.416666666666657,73.16666666666666,2026-09-01T00:00:00Z,2.13,8.8,1.67,269.2
15.416666666666657,73.25,2026-09-01T00:00:00Z,2.09,8.8,1.71,269.2
15.416666666666657,73.33333333333331,2026-09-01T00:00:00Z,2.03,8.8,1.74,269.1
15.416666666666657,73.41666666666666,2026-09-01T00:00:00Z,1.97,8.7,1.74,270.3
15.416666666666657,73.5,2026-09-01T00:00:00Z,1.9,8.7,1.72,270.9
15.416666666666657,73.58333333333331,2026-09-01T00:00:00Z,1.84,8.7,1.67,270.7
15.416666666666657,73.66666666666666,2026-09-01T00:00:00Z,1.78,8.7,1.62,270.3
15.416666666666657,73.75,2026-09-01T00:00:00Z,1.64,8.7,1.5,270.3
15.416666666666657,80.25,2026-09-01T00:00:00Z,0.57,11.1,0.51,152.6
15.416666666666657,80.33333333333331,2026-09-01T00:00:00Z,0.73,12.1,0.69,154.3
15.416666666666657,80.41666666666663,2026-09-01T00:00:00Z,0.81,12.5,0.76,156.7
15.416666666666657,80.5,2026-09-01T00:00:00Z,0.87,13.0,0.81,158.3
15.416666666666657,80.58333333333331,2026-09-01T00:00:00Z,0.95,13.3,0.86,158.7
15.416666666666657,80.66666666666663,2026-09-01T00:00:00Z,1.02,14.0,0.86,158.4
15.416666666666657,80.75,2026-09-01T00:00:00Z,1.09,14.5,0.83,158.4
15.416666666666657,80.83333333333331,2026-09-01T00:00:00Z,1.14,14.6,0.81,159.9
15.416666666666657,80.91666666666663,2026-09-01T00:00:00Z,1.2,14.6,0.78,161.1
15.416666666666657,81.0,2026-09-01T00:00:00Z,1.25,14.7,0.74,162.5
15.5,73.0,2026-09-01T00:00:00Z,2.19,8.8,1.57,267.5
15.5,73.08333333333331,2026-09-01T00:00:00Z,2.16,8.8,1.59,266.2
15.5,73.16666666666666,2026-09-01T00:00:00Z,2.12,8.8,1.66,266.9
15.5,73.25,2026-09-01T00:00:00Z,2.08,8.8,1.71,266.9
15.5,73.33333333333331,2026-09-01T00:00:00Z,2.03,8.8,1.73,267.7
15.5,73.41666666666666,2026-09-01T00:00:00Z,1.97,8.8,1.72,268.2
15.5,73.5,2026-09-01T00:00:00Z,1.9,8.7,1.7,269.1
15.5,73.58333333333331,2026-09-01T00:00:00Z,1.84,8.7,1.66,269.3
15.5,73.66666666666666,2026-09-01T00:00:00Z,1.77,8.7,1.61,268.7
15.5,80.25,2026-09-01T00:00:00Z,0.56,11.9,0.46,148.5
15.5,80.33333333333331,2026-09-01T00:00:00Z,0.73,11.9,0.68,155.0
15.5,80.41666666666663,2026-09-01T00:00:00Z,0.8,11.9,0.75,157.2
15.5,80.5,2026-09-01T00:00:00Z,0.84,11.8,0.78,158.5
15.5,80.58333333333331,2026-09-01T00:00:00Z,0.94,13.5,0.86,160.2
15.5,80.66666666666663,2026-09-01T00:00:00Z,1.01,14.2,0.84,159.6
15.5,80.75,2026-09-01T00:00:00Z,1.07,14.4,0.81,159.6
15.5,80.83333333333331,2026-09-01T00:00:00Z,1.14,14.4,0.81,160.0
15.5,80.91666666666663,2026-09-01T00:00:00Z,1.21,14.5,0.8,160.9
15.5,81.0,2026-09-01T00:00:00Z,1.27,14.6,0.8,162.5
15.583333333333329,73.0,2026-09-01T00:00:00Z,2.19,8.8,1.59,265.8
15.583333333333329,73.08333333333331,2026-09-01T00:00:00Z,2.14,8.8,1.68,268.1
15.583333333333329,73.16666666666666,2026-09-01T00:00:00Z,2.1,8.8,1.76,269.3
15.583333333333329,73.25,2026-09-01T00:00:00Z,2.05,8.8,1.79,269.3
15.583333333333329,73.33333333333331,2026-09-01T00:00:00Z,2.01,8.8,1.78,269.4
15.583333333333329,73.41666666666666,2026-09-01T00:00:00Z,1.95,8.8,1.74,269.0
15.583333333333329,73.5,2026-09-01T00:00:00Z,1.89,8.7,1.7,268.9
15.583333333333329,73.58333333333331,2026-09-01T00:00:00Z,1.82,8.7,1.65,268.4
15.583333333333329,73.66666666666666,2026-09-01T00:00:00Z,1.75,8.7,1.6,266.5
15.583333333333329,80.25,2026-09-01T00:00:00Z,0.58,12.0,0.49,153.2
15.583333333333329,80.33333333333331,2026-09-01T00:00:00Z,0.69,11.9,0.55,153.7
15.583333333333329,80.41666666666663,2026-09-01T00:00:00Z,0.78,11.9,0.59,154.8
15.583333333333329,80.5,2026-09-01T00:00:00Z,0.84,11.9,0.7,157.5
15.583333333333329,80.58333333333331,2026-09-01T00:00:00Z,0.91,12.5,0.8,159.1
15.583333333333329,80.66666666666663,2026-09-01T00:00:00Z,0.96,13.3,0.79,158.9
15.583333333333329,80.75,2026-09-01T00:00:00Z,1.03,14.1,0.76,158.9
15.583333333333329,80.83333333333331,2026-09-01T00:00:00Z,1.11,14.7,0.76,159.9
15.583333333333329,80.91666666666663,2026-09-01T00:00:00Z,1.19,14.6,0.78,160.8
15.583333333333329,81.0,2026-09-01T00:00:00Z,1.26,14.6,0.76,161.8
15.666666666666657,73.0,2026-09-01T00:00:00Z,2.19,8.8,1.64,265.2
15.666666666666657,73.08333333333331,2026-09-01T00:00:00Z,2.14,8.8,1.73,267.7
15.666666666666657,73.16666666666666,2026-09-01T00:00:00Z,2.09,8.8,1.79,269.0
15.666666666666657,73.25,2026-09-01T00:00:00Z,2.04,8.8,1.81,269.0
15.666666666666657,73.33333333333331,2026-09-01T00:00:00Z,1.99,8.8,1.78,269.2
15.666666666666657,73.41666666666666,2026-09-01T00:00:00Z,1.93,8.8,1.74,268.8
15.666666666666657,73.5,2026-09-01T00:00:00Z,1.87,8.7,1.69,268.0
15.666666666666657,73.58333333333331,2026-09-01T00:00:00Z,1.79,8.7,1.63,266.3
15.666666666666657,73.66666666666666,2026-09-01T00:00:00Z,1.68,8.7,1.55,264.4
15.666666666666657,80.33333333333331,2026-09-01T00:00:00Z,0.61,12.0,0.43,151.6
15.666666666666657,80.41666666666663,2026-09-01T00:00:00Z,0.75,12.0,0.48,155.3
15.666666666666657,80.5,2026-09-01T00:00:00Z,0.8,12.0,0.54,156.9
15.666666666666657,80.58333333333331,2026-09-01T00:00:00Z,0.85,12.1,0.58,158.5
15.666666666666657,80.66666666666663,2026-09-01T00:00:00Z,0.88,12.0,0.57,158.3
15.666666666666657,80.75,2026-09-01T00:00:00Z,0.92,13.3,0.59,158.3
15.666666666666657,80.83333333333331,2026-09-01T00:00:00Z,1.0,14.8,0.63,159.3
15.666666666666657,80.91666666666663,2026-09-01T00:00:00Z,1.12,15.0,0.68,160.1
15.666666666666657,81.0,2026-09-01T00:00:00Z,1.21,14.7,0.76,162.7
15.75,73.0,2026-09-01T00:00:00Z,2.19,8.8,1.68,265.7
15.75,73.08333333333331,2026-09-01T00:00:00Z,2.14,8.8,1.76,267.7
15.75,73.16666666666666,2026-09-01T00:00:00Z,2.08,8.8,1.8,268.4
15.75,73.25,2026-09-01T00:00:00Z,2.03,8.8,1.8,268.4
15.75,73.33333333333331,2026-09-01T00:00:00Z,1.97,8.8,1.76,268.4
15.75,73.41666666666666,2026-09-01T00:00:00Z,1.9,8.7,1.71,267.8
15.75,73.5,2026-09-01T00:00:00Z,1.83,8.7,1.65,265.9
15.75,73.58333333333331,2026-09-01T00:00:00Z,1.74,8.7,1.58,263.3
15.75,73.66666666666666,2026-09-01T00:00:00Z,1.61,8.7,1.48,261.8
15.75,80.33333333333331,2026-09-01T00:00:00Z,0.49,9.7,0.33,159.9
15.75,80.41666666666663,2026-09-01T00:00:00Z,0.65,11.1,0.4,157.9
15.75,80.5,2026-09-01T00:00:00Z,0.75,12.1,0.43,157.7
15.75,80.58333333333331,2026-09-01T00:00:00Z,0.79,12.5,0.47,159.6
15.75,80.66666666666663,2026-09-01T00:00:00Z,0.8,12.6,0.48,164.3
15.75,80.75,2026-09-01T00:00:00Z,0.78,12.8,0.49,164.3
15.75,80.83333333333331,2026-09-01T00:00:00Z,0.77,12.6,0.49,168.7
15.833333333333329,73.0,2026-09-01T00:00:00Z,2.18,8.8,1.7,265.7
15.833333333333329,73.08333333333331,2026-09-01T00:00:00Z,2.13,8.8,1.77,267.7
15.833333333333329,73.16666666666666,2026-09-01T00:00:00Z,2.07,8.8,1.8,268.4
15.833333333333329,73.25,2026-09-01T00:00:00Z,2.0,8.8,1.77,268.4
15.833333333333329,73.33333333333331,2026-09-01T00:00:00Z,1.92,8.7,1.71,268.4
15.833333333333329,73.41666666666666,2026-09-01T00:00:00Z,1.82,9.2,1.6,267.8
15.833333333333329,73.5,2026-09-01T00:00:00Z,1.65,11.3,1.36,265.9
15.833333333333329,73.58333333333331,2026-09-01T00:00:00Z,1.54,11.7,1.27,263.3
15.833333333333329,80.66666666666663,2026-09-01T00:00:00Z,0.69,11.6,0.47,164.3
15.916666666666657,73.0,2026-09-01T00:00:00Z,2.17,8.8,1.7,262.0
15.916666666666657,73.08333333333331,2026-09-01T00:00:00Z,2.11,8.8,1.78,266.0
15.916666666666657,73.16666666666666,2026-09-01T00:00:00Z,2.04,8.7,1.78,267.4
15.916666666666657,73.25,2026-09-01T00:00:00Z,1.96,8.7,1.73,267.4
15.916666666666657,73.33333333333331,2026-09-01T00:00:00Z,1.85,8.8,1.64,267.6
15.916666666666657,73.41666666666666,2026-09-01T00:00:00Z,1.68,9.9,1.44,267.2
15.916666666666657,73.5,2026-09-01T00:00:00Z,1.36,15.2,0.92,260.1
16.0,73.0,2026-09-01T00:00:00Z,2.14,8.7,1.73,262.9
16.0,73.08333333333331,2026-09-01T00:00:00Z,2.09,8.7,1.78,264.7
16.0,73.16666666666666,2026-09-01T00:00:00Z,2.01,8.7,1.76,265.9
16.0,73.25,2026-09-01T00:00:00Z,1.9,8.7,1.69,265.9
16.0,73.33333333333331,2026-09-01T00:00:00Z,1.78,8.8,1.6,266.5
16.0,73.41666666666666,2026-09-01T00:00:00Z,1.63,8.8,1.49,266.2
16.0,73.5,2026-09-01T00:00:00Z,1.32,8.8,1.24,266.1
13.0,73.0,2026-09-01T03:00:00Z,2.12,9.0,1.59,282.3
13.0,73.08333333333331,2026-09-01T03:00:00Z,2.12,9.0,1.61,282.7
13.0,73.16666666666666,2026-09-01T03:00:00Z,2.12,9.0,1.62,282.7
13.0,73.25,2026-09-01T03:00:00Z,2.13,9.0,1.62,282.7
13.0,73.33333333333331,2026-09-01T03:00:00Z,2.13,9.6,1.62,282.5
13.0,73.41666666666666,2026-09-01T03:00:00Z,2.12,11.9,1.62,282.5
13.0,73.5,2026-09-01T03:00:00Z,2.12,17.0,1.63,282.2
13.0,73.58333333333331,2026-09-01T03:00:00Z,2.1,17.0,1.66,282.6
13.0,73.66666666666666,2026-09-01T03:00:00Z,2.09,17.0,1.69,283.3
13.0,73.75,2026-09-01T03:00:00Z,2.07,17.0,1.7,283.3
13.0,73.83333333333331,2026-09-01T03:00:00Z,2.05,17.0,1.68,283.1
13.0,73.91666666666666,2026-09-01T03:00:00Z,2.03,17.0,1.66,282.7
13.0,74.0,2026-09-01T03:00:00Z,2.01,17.0,1.64,282.3
13.0,74.08333333333331,2026-09-01T03:00:00Z,1.98,16.5,1.62,282.0
13.0,74.16666666666666,2026-09-01T03:00:00Z,1.94,11.4,1.6,281.7
13.0,74.25,2026-09-01T03:00:00Z,1.9,8.9,1.58,281.7
13.0,74.33333333333331,2026-09-01T03:00:00Z,1.85,8.9,1.56,281.5
13.0,74.41666666666666,2026-09-01T03:00:00Z,1.81,8.9,1.54,281.4
13.0,74.5,2026-09-01T03:00:00Z,1.77,8.8,1.53,281.2
13.0,74.58333333333331,2026-09-01T03:00:00Z,1.73,8.8,1.51,281.0
13.0,74.66666666666666,2026-09-01T03:00:00Z,1.68,8.8,1.48,280.2
13.0,74.75,2026-09-01T03:00:00Z,1.58,8.8,1.42,280.2
13.0,80.33333333333331,2026-09-01T03:00:00Z,0.86,12.1,0.71,141.8
13.0,80.41666666666663,2026-09-01T03:00:00Z,1.08,12.9,0.88,144.8
13.0,80.5,2026-09-01T03:00:00Z,1.19,13.3,0.94,147.3
13.0,80.58333333333331,2026-09-01T03:00:00Z,1.26,13.4,0.98,148.7
13.0,80.66666666666663,2026-09-01T03:00:00Z,1.32,13.5,1.0,149.2
13.0,80.75,2026-09-01T03:00:00Z,1.35,13.7,1.0,149.2
13.0,80.83333333333331,2026-09-01T03:00:00Z,1.38,13.8,1.0,149.7
13.0,80.91666666666663,2026-09-01T03:00:00Z,1.41,14.0,1.01,150.8
13.0,81.0,2026-09-01T03:00:00Z,1.43,14.2,1.02,152.1
13.083333333333329,73.0,2026-09-01T03:00:00Z,2.13,9.0,1.61,282.0
13.083333333333329,73.08333333333331,2026-09-01T03:00:00Z,2.13,9.0,1.62,282.4
13.083333333333329,73.16666666666666,2026-09-01T03:00:00Z,2.14,9.0,1.62,281.9
13.083333333333329,73.25,2026-09-01T03:00:00Z,2.14,9.0,1.62,281.9
13.083333333333329,73.33333333333331,2026-09-01T03:00:00Z,2.14,9.1,1.63,281.7
13.083333333333329,73.41666666666666,2026-09-01T03:00:00Z,2.13,9.5,1.63,281.9
13.083333333333329,73.5,2026-09-01T03:00:00Z,2.12,10.3,1.65,282.0
13.083333333333329,73.58333333333331,2026-09-01T03:00:00Z,2.11,10.3,1.67,281.9
13.083333333333329,73.66666666666666,2026-09-01T03:00:00Z,2.09,13.7,1.69,282.4
13.083333333333329,73.75,2026-09-01T03:00:00Z,2.07,16.2,1.7,282.4
13.083333333333329,73.83333333333331,2026-09-01T03:00:00Z,2.05,15.4,1.69,282.4
13.083333333333329,73.91666666666666,2026-09-01T03:00:00Z,2.03,11.9,1.67,282.0
13.083333333333329,74.0,2026-09-01T03:00:00Z,2.0,10.3,1.65,281.6
13.083333333333329,74.08333333333331,2026-09-01T03:00:00Z,1.97,10.2,1.63,281.3
13.083333333333329,74.16666666666666,2026-09-01T03:00:00Z,1.93,9.4,1.61,281.1
13.083333333333329,74.25,2026-09-01T03:00:00Z,1.89,8.9,1.58,281.1
13.083333333333329,74.33333333333331,2026-09-01T03:00:00Z,1.84,8.9,1.56,281.0
13.083333333333329,74.41666666666666,2026-09-01T03:00:00Z,1.8,8.8,1.54,280.9
13.083333333333329,74.5,2026-09-01T03:00:00Z,1.77,8.8,1.53,280.7
13.083333333333329,74.58333333333331,2026-09-01T03:00:00Z,1.73,8.8,1.51,280.3
13.083333333333329,74.66666666666666,2026-09-01T03:00:00Z,1.67,8.8,1.48,279.0
13.083333333333329,74.75,2026-09-01T03:00:00Z,1.62,8.8,1.44,279.0
13.083333333333329,80.33333333333331,2026-09-01T03:00:00Z,0.78,13.8,0.6,141.3
13.083333333333329,80.41666666666663,2026-09-01T03:00:00Z,1.1,13.7,0.91,145.4
13.083333333333329,80.5,2026-09-01T03:00:00Z,1.19,13.4,0.94,147.9
13.083333333333329,80.58333333333331,2026-09-01T03:00:00Z,1.26,13.4,0.98,149.3
13.083333333333329,80.66666666666663,2026-09-01T03:00:00Z,1.32,13.6,1.0,150.1
13.083333333333329,80.75,2026-09-01T03:00:00Z,1.36,13.7,1.0,150.1
13.083333333333329,80.83333333333331,2026-09-01T03:00:00Z,1.39,13.9,1.0,150.3
13.083333333333329,80.91666666666663,2026-09-01T03:00:00Z,1.41,14.0,1.01,151.3
13.083333333333329,81.0,2026-09-01T03:00:00Z,1.44,14.2,1.02,152.6
13.166666666666657,73.0,2026-09-01T03:00:00Z,2.14,9.1,1.62,281.3
13.166666666666657,73.08333333333331,2026-09-01T03:00:00Z,2.15,9.0,1.62,281.5
13.166666666666657,73.16666666666666,2026-09-01T03:00:00Z,2.15,9.0,1.62,281.7
13.166666666666657,73.25,2026-09-01T03:00:00Z,2.15,9.0,1.62,281.7
13.166666666666657,73.33333333333331,2026-09-01T03:00:00Z,2.15,9.0,1.63,281.3
13.166666666666657,73.41666666666666,2026-09-01T03:00:00Z,2.14,9.0,1.65,281.1
13.166666666666657,73.5,2026-09-01T03:00:00Z,2.13,9.0,1.67,281.4
13.166666666666657,73.58333333333331,2026-09-01T03:00:00Z,2.11,9.0,1.68,281.4
13.166666666666657,73.66666666666666,2026-09-01T03:00:00Z,2.09,10.3,1.7,281.6
13.166666666666657,73.75,2026-09-01T03:00:00Z,2.07,11.3,1.7,281.6
13.166666666666657,73.83333333333331,2026-09-01T03:00:00Z,2.04,11.0,1.7,281.7
13.166666666666657,73.91666666666666,2026-09-01T03:00:00Z,2.02,9.6,1.68,281.5
13.166666666666657,74.0,2026-09-01T03:00:00Z,1.99,9.0,1.66,281.1
13.166666666666657,74.08333333333331,2026-09-01T03:00:00Z,1.96,9.0,1.64,280.8
13.166666666666657,74.16666666666666,2026-09-01T03:00:00Z,1.92,8.9,1.61,280.7
13.166666666666657,74.25,2026-09-01T03:00:00Z,1.87,8.9,1.58,280.7
13.166666666666657,74.33333333333331,2026-09-01T03:00:00Z,1.83,8.8,1.55,280.7
13.166666666666657,74.41666666666666,2026-09-01T03:00:00Z,1.79,8.8,1.54,280.6
13.166666666666657,74.5,2026-09-01T03:00:00Z,1.76,8.8,1.53,280.3
13.166666666666657,74.58333333333331,2026-09-01T03:00:00Z,1.72,8.8,1.51,279.8
13.166666666666657,74.66666666666666,2026-09-01T03:00:00Z,1.65,8.8,1.46,278.3
13.166666666666657,74.75,2026-09-01T03:00:00Z,1.59,8.8,1.42,278.3
13.166666666666657,80.33333333333331,2026-09-01T03:00:00Z,0.72,14.3,0.53,141.6
13.166666666666657,80.41666666666663,2026-09-01T03:00:00Z,1.08,14.1,0.9,145.6
13.166666666666657,80.5,2026-09-01T03:00:00Z,1.18,13.6,0.94,148.4
13.166666666666657,80.58333333333331,2026-09-01T03:00:00Z,1.26,13.5,0.97,149.9
13.166666666666657,80.66666666666663,2026-09-01T03:00:00Z,1.32,13.6,0.99,150.1
13.166666666666657,80.75,2026-09-01T03:00:00Z,1.36,13.8,1.0,150.1
13.166666666666657,80.83333333333331,2026-09-01T03:00:00Z,1.4,13.9,1.01,150.6
13.166666666666657,80.91666666666663,2026-09-01T03:00:00Z,1.43,14.1,1.02,151.7
13.166666666666657,81.0,2026-09-01T03:00:00Z,1.45,14.2,1.03,153.1
13.25,73.0,2026-09-01T03:00:00Z,2.16,9.1,1.63,280.8
13.25,73.08333333333331,2026-09-01T03:00:00Z,2.16,9.0,1.63,281.0
13.25,73.16666666666666,2026-09-01T03:00:00Z,2.16,9.0,1.63,281.0
13.25,73.25,2026-09-01T03:00:00Z,2.16,9.0,1.63,281.0
13.25,73.33333333333331,2026-09-01T03:00:00Z,2.15,9.0,1.64,280.6
13.25,73.41666666666666,2026-09-01T03:00:00Z,2.14,9.0,1.66,280.4
13.25,73.5,2026-09-01T03:00:00Z,2.13,9.0,1.68,280.7
13.25,73.58333333333331,2026-09-01T03:00:00Z,2.11,9.0,1.69,280.7
13.25,73.66666666666666,2026-09-01T03:00:00Z,2.09,9.0,1.7,281.0
13.25,73.75,2026-09-01T03:00:00Z,2.06,9.0,1.71,281.0
13.25,73.83333333333331,2026-09-01T03:00:00Z,2.03,9.0,1.7,281.1
13.25,73.91666666666666,2026-09-01T03:00:00Z,2.0,9.0,1.68,281.0
13.25,74.0,2026-09-01T03:00:00Z,1.98,9.0,1.66,280.8
13.25,74.08333333333331,2026-09-01T03:00:00Z,1.95,8.9,1.64,280.5
13.25,74.16666666666666,2026-09-01T03:00:00Z,1.9,8.9,1.58,276.9
13.25,74.25,2026-09-01T03:00:00Z,1.85,8.8,1.44,276.9
13.25,74.33333333333331,2026-09-01T03:00:00Z,1.81,8.8,1.33,263.8
13.25,74.41666666666666,2026-09-01T03:00:00Z,1.77,8.7,1.31,264.1
13.25,74.5,2026-09-01T03:00:00Z,1.74,8.7,1.31,264.4
13.25,74.58333333333331,2026-09-01T03:00:00Z,1.69,8.7,1.28,264.4
13.25,74.66666666666666,2026-09-01T03:00:00Z,1.62,8.8,1.24,263.9
13.25,80.33333333333331,2026-09-01T03:00:00Z,0.72,13.9,0.56,143.6
13.25,80.41666666666663,2026-09-01T03:00:00Z,1.02,14.1,0.84,145.8
13.25,80.5,2026-09-01T03:00:00Z,1.17,13.9,0.94,148.7
13.25,80.58333333333331,2026-09-01T03:00:00Z,1.25,13.6,0.97,150.4
13.25,80.66666666666663,2026-09-01T03:00:00Z,1.32,13.7,0.98,150.9
13.25,80.75,2026-09-01T03:00:00Z,1.37,13.9,1.0,150.9
13.25,80.83333333333331,2026-09-01T03:00:00Z,1.41,14.0,1.01,151.3
13.25,80.91666666666663,2026-09-01T03:00:00Z,1.44,14.2,1.02,152.4
13.25,81.0,2026-09-01T03:00:00Z,1.47,14.3,1.03,153.7
13.333333333333329,73.0,2026-09-01T03:00:00Z,2.17,9.1,1.64,280.8
13.333333333333329,73.08333333333331,2026-09-01T03:00:00Z,2.17,9.0,1.64,281.0
13.333333333333329,73.16666666666666,2026-09-01T03:00:00Z,2.17,9.0,1.64,281.0
13.333333333333329,73.25,2026-09-01T03:00:00Z,2.16,9.0,1.64,281.0
13.333333333333329,73.33333333333331,2026-09-01T03:00:00Z,2.16,9.0,1.65,280.6
13.333333333333329,73.41666666666666,2026-09-01T03:00:00Z,2.15,9.0,1.67,280.4
13.333333333333329,73.5,2026-09-01T03:00:00Z,2.13,9.0,1.69,280.7
13.333333333333329,73.58333333333331,2026-09-01T03:00:00Z,2.12,9.0,1.69,280.7
13.333333333333329,73.66666666666666,2026-09-01T03:00:00Z,2.09,9.0,1.7,281.0
13.333333333333329,73.75,2026-09-01T03:00:00Z,2.06,9.0,1.71,281.0
13.333333333333329,73.83333333333331,2026-09-01T03:00:00Z,2.03,9.0,1.71,281.1
13.333333333333329,73.91666666666666,2026-09-01T03:00:00Z,2.0,9.0,1.69,281.0
13.333333333333329,74.0,2026-09-01T03:00:00Z,1.97,9.0,1.67,280.8
13.333333333333329,74.08333333333331,2026-09-01T03:00:00Z,1.94,8.9,1.65,280.5
13.333333333333329,74.16666666666666,2026-09-01T03:00:00Z,1.9,8.9,1.57,276.9
13.333333333333329,74.25,2026-09-01T03:00:00Z,1.84,8.8,1.35,276.9
13.333333333333329,74.33333333333331,2026-09-01T03:00:00Z,1.79,8.8,1.14,263.8
13.333333333333329,74.41666666666666,2026-09-01T03:00:00Z,1.76,8.7,1.1,264.1
13.333333333333329,74.5,2026-09-01T03:00:00Z,1.73,8.7,1.09,264.4
13.333333333333329,74.58333333333331,2026-09-01T03:00:00Z,1.67,8.7,1.07,264.4
13.333333333333329,74.66666666666666,2026-09-01T03:00:00Z,1.56,8.8,1.05,263.9
13.333333333333329,80.41666666666663,2026-09-01T03:00:00Z,0.95,13.2,0.74,145.8
13.333333333333329,80.5,2026-09-01T03:00:00Z,1.16,14.2,0.92,148.7
13.333333333333329,80.58333333333331,2026-09-01T03:00:00Z,1.24,13.4,0.92,150.4
13.333333333333329,80.66666666666663,2026-09-01T03:00:00Z,1.32,13.7,0.97,150.9
13.333333333333329,80.75,2026-09-01T03:00:00Z,1.38,14.0,1.0,150.9
13.333333333333329,80.83333333333331,2026-09-01T03:00:00Z,1.42,14.1,1.01,151.3
13.333333333333329,80.91666666666663,2026-09-01T03:00:00Z,1.45,14.3,1.02,152.4
13.333333333333329,81.0,2026-09-01T03:00:00Z,1.48,14.4,1.04,153.7
13.416666666666657,73.0,2026-09-01T03:00:00Z,2.18,9.1,1.66,280.3
13.416666666666657,73.08333333333331,2026-09-01T03:00:00Z,2.17,9.0,1.66,280.5
13.416666666666657,73.16666666666666,2026-09-01T03:00:00Z,2.17,9.0,1.66,280.5
13.416666666666657,73.25,2026-09-01T03:00:00Z,2.17,9.0,1.66,280.5
13.416666666666657,73.33333333333331,2026-09-01T03:00:00Z,2.16,9.0,1.66,279.8
13.416666666666657,73.41666666666666,2026-09-01T03:00:00Z,2.15,9.0,1.67,279.5
13.416666666666657,73.5,2026-09-01T03:00:00Z,2.14,9.0,1.69,280.0
13.416666666666657,73.58333333333331,2026-09-01T03:00:00Z,2.12,9.0,1.68,280.3
13.416666666666657,73.66666666666666,2026-09-01T03:00:00Z,2.09,9.0,1.7,280.5
13.416666666666657,73.75,2026-09-01T03:00:00Z,2.06,9.0,1.72,280.5
13.416666666666657,73.83333333333331,2026-09-01T03:00:00Z,2.03,9.0,1.72,280.7
13.416666666666657,73.91666666666666,2026-09-01T03:00:00Z,2.0,9.0,1.7,280.7
13.416666666666657,74.0,2026-09-01T03:00:00Z,1.97,8.9,1.68,280.4
13.416666666666657,74.08333333333331,2026-09-01T03:00:00Z,1.94,8.9,1.66,280.1
13.416666666666657,74.16666666666666,2026-09-01T03:00:00Z,1.9,8.9,1.59,280.0
13.416666666666657,74.25,2026-09-01T03:00:00Z,1.85,8.8,1.4,280.0
13.416666666666657,74.33333333333331,2026-09-01T03:00:00Z,1.8,8.8,1.2,267.4
13.416666666666657,74.41666666666666,2026-09-01T03:00:00Z,1.76,8.8,1.13,264.0
13.416666666666657,74.5,2026-09-01T03:00:00Z,1.73,8.7,1.11,264.2
13.416666666666657,74.58333333333331,2026-09-01T03:00:00Z,1.68,8.8,1.09,264.4
13.416666666666657,80.41666666666663,2026-09-01T03:00:00Z,0.91,12.2,0.62,147.2
13.416666666666657,80.5,2026-09-01T03:00:00Z,1.12,14.3,0.87,149.0
13.416666666666657,80.58333333333331,2026-09-01T03:00:00Z,1.22,12.6,0.82,151.6
13.416666666666657,80.66666666666663,2026-09-01T03:00:00Z,1.32,13.4,0.94,151.8
13.416666666666657,80.75,2026-09-01T03:00:00Z,1.38,14.1,1.01,151.8
13.416666666666657,80.83333333333331,2026-09-01T03:00:00Z,1.43,14.2,1.02,151.7
13.416666666666657,80.91666666666663,2026-09-01T03:00:00Z,1.46,14.3,1.03,152.9
13.416666666666657,81.0,2026-09-01T03:00:00Z,1.5,14.5,1.04,154.3
13.5,73.0,2026-09-01T03:00:00Z,2.18,9.1,1.7,280.1
13.5,73.08333333333331,2026-09-01T03:00:00Z,2.18,9.0,1.69,280.0
13.5,73.16666666666666,2026-09-01T03:00:00Z,2.18,9.0,1.69,279.9
13.5,73.25,2026-09-01T03:00:00Z,2.17,9.0,1.68,279.9
13.5,73.33333333333331,2026-09-01T03:00:00Z,2.16,9.0,1.68,279.7
13.5,73.41666666666666,2026-09-01T03:00:00Z,2.15,9.0,1.68,279.4
13.5,73.5,2026-09-01T03:00:00Z,2.14,9.0,1.67,279.5
13.5,73.58333333333331,2026-09-01T03:00:00Z,2.12,9.0,1.68,279.5
13.5,73.66666666666666,2026-09-01T03:00:00Z,2.1,9.0,1.71,280.0
13.5,73.75,2026-09-01T03:00:00Z,2.07,9.0,1.72,280.0
13.5,73.83333333333331,2026-09-01T03:00:00Z,2.04,9.0,1.72,280.2
13.5,73.91666666666666,2026-09-01T03:00:00Z,2.01,9.0,1.71,280.2
13.5,74.0,2026-09-01T03:00:00Z,1.98,9.0,1.69,280.0
13.5,74.08333333333331,2026-09-01T03:00:00Z,1.95,8.9,1.66,279.7
13.5,74.16666666666666,2026-09-01T03:00:00Z,1.91,8.9,1.41,266.7
13.5,74.25,2026-09-01T03:00:00Z,1.87,8.9,1.23,266.7
13.5,74.33333333333331,2026-09-01T03:00:00Z,1.82,8.8,1.18,263.7
13.5,74.41666666666666,2026-09-01T03:00:00Z,1.78,8.8,1.16,263.9
13.5,74.5,2026-09-01T03:00:00Z,1.75,8.8,1.15,264.1
13.5,74.58333333333331,2026-09-01T03:00:00Z,1.7,8.8,1.13,264.2
13.5,80.41666666666663,2026-09-01T03:00:00Z,0.89,14.0,0.56,147.8
13.5,80.5,2026-09-01T03:00:00Z,1.1,13.6,0.85,149.3
13.5,80.58333333333331,2026-09-01T03:00:00Z,1.2,12.4,0.81,152.2
13.5,80.66666666666663,2026-09-01T03:00:00Z,1.31,13.5,0.94,152.3
13.5,80.75,2026-09-01T03:00:00Z,1.39,14.2,1.01,152.3
13.5,80.83333333333331,2026-09-01T03:00:00Z,1.43,14.4,1.02,152.4
13.5,80.91666666666663,2026-09-01T03:00:00Z,1.47,14.5,1.03,153.6
13.5,81.0,2026-09-01T03:00:00Z,1.51,14.6,1.05,154.9
13.583333333333329,73.0,2026-09-01T03:00:00Z,2.19,9.1,1.71,279.9
13.583333333333329,73.08333333333331,2026-09-01T03:00:00Z,2.18,9.0,1.71,279.9
13.583333333333329,73.16666666666666,2026-09-01T03:00:00Z,2.18,9.0,1.71,280.0
13.583333333333329,73.25,2026-09-01T03:00:00Z,2.18,9.0,1.69,280.0
13.583333333333329,73.33333333333331,2026-09-01T03:00:00Z,2.17,9.0,1.68,279.9
13.583333333333329,73.41666666666666,2026-09-01T03:00:00Z,2.16,9.0,1.68,279.7
13.583333333333329,73.5,2026-09-01T03:00:00Z,2.15,9.0,1.68,279.4
13.583333333333329,73.58333333333331,2026-09-01T03:00:00Z,2.13,9.0,1.7,279.2
13.583333333333329,73.66666666666666,2026-09-01T03:00:00Z,2.1,9.0,1.72,279.4
13.583333333333329,73.75,2026-09-01T03:00:00Z,2.07,9.0,1.74,279.4
13.583333333333329,73.83333333333331,2026-09-01T03:00:00Z,2.04,9.0,1.73,279.8
13.583333333333329,73.91666666666666,2026-09-01T03:00:00Z,2.01,9.0,1.72,279.8
13.583333333333329,74.0,2026-09-01T03:00:00Z,1.98,8.9,1.7,279.6
13.583333333333329,74.08333333333331,2026-09-01T03:00:00Z,1.95,8.9,1.55,272.6
13.583333333333329,74.16666666666666,2026-09-01T03:00:00Z,1.91,8.9,1.32,263.2
13.583333333333329,74.25,2026-09-01T03:00:00Z,1.87,8.9,1.21,263.2
13.583333333333329,74.33333333333331,2026-09-01T03:00:00Z,1.83,8.9,1.19,263.4
13.583333333333329,74.41666666666666,2026-09-01T03:00:00Z,1.8,8.8,1.18,263.7
13.583333333333329,74.5,2026-09-01T03:00:00Z,1.75,8.8,1.16,263.8
13.583333333333329,74.58333333333331,2026-09-01T03:00:00Z,1.69,8.8,1.14,263.6
13.583333333333329,80.41666666666663,2026-09-01T03:00:00Z,0.89,13.9,0.57,148.2
13.583333333333329,80.5,2026-09-01T03:00:00Z,1.08,13.2,0.76,151.1
13.583333333333329,80.58333333333331,2026-09-01T03:00:00Z,1.21,13.3,0.87,152.4
13.583333333333329,80.66666666666663,2026-09-01T03:00:00Z,1.31,14.0,0.96,152.5
13.583333333333329,80.75,2026-09-01T03:00:00Z,1.38,14.4,1.0,152.5
13.583333333333329,80.83333333333331,2026-09-01T03:00:00Z,1.44,14.5,1.02,153.1
13.583333333333329,80.91666666666663,2026-09-01T03:00:00Z,1.48,14.6,1.03,154.3
13.583333333333329,81.0,2026-09-01T03:00:00Z,1.52,14.7,1.05,155.5
13.666666666666657,73.0,2026-09-01T03:00:00Z,2.2,9.0,1.71,279.5
13.666666666666657,73.08333333333331,2026-09-01T03:00:00Z,2.19,9.0,1.71,279.7
13.666666666666657,73.16666666666666,2026-09-01T03:00:00Z,2.19,9.0,1.7,279.6
13.666666666666657,73.25,2026-09-01T03:00:00Z,2.19,9.0,1.69,279.6
13.666666666666657,73.33333333333331,2026-09-01T03:00:00Z,2.18,9.0,1.68,279.2
13.666666666666657,73.41666666666666,2026-09-01T03:00:00Z,2.17,9.0,1.67,278.4
13.666666666666657,73.5,2026-09-01T03:00:00Z,2.16,9.0,1.67,278.1
13.666666666666657,73.58333333333331,2026-09-01T03:00:00Z,2.13,9.0,1.7,278.2
13.666666666666657,73.66666666666666,2026-09-01T03:00:00Z,2.1,9.0,1.71,276.7
13.666666666666657,73.75,2026-09-01T03:00:00Z,2.07,9.0,1.58,276.7
13.666666666666657,73.83333333333331,2026-09-01T03:00:00Z,2.04,8.9,1.43,261.9
13.666666666666657,73.91666666666666,2026-09-01T03:00:00Z,2.01,8.9,1.41,261.9
13.666666666666657,74.0,2026-09-01T03:00:00Z,1.97,8.9,1.4,262.1
13.666666666666657,74.08333333333331,2026-09-01T03:00:00Z,1.94,8.9,1.33,262.5
13.666666666666657,74.16666666666666,2026-09-01T03:00:00Z,1.9,8.9,1.25,262.9
13.666666666666657,74.25,2026-09-01T03:00:00Z,1.87,8.9,1.21,262.9
13.666666666666657,74.33333333333331,2026-09-01T03:00:00Z,1.84,8.9,1.2,263.1
13.666666666666657,74.41666666666666,2026-09-01T03:00:00Z,1.8,8.9,1.19,263.3
13.666666666666657,74.5,2026-09-01T03:00:00Z,1.76,8.8,1.17,263.5
13.666666666666657,74.58333333333331,2026-09-01T03:00:00Z,1.67,8.9,1.14,263.1
13.666666666666657,74.66666666666666,2026-09-01T03:00:00Z,1.31,7.8,0.92,269.7
13.666666666666657,80.33333333333331,2026-09-01T03:00:00Z,0.63,14.1,0.36,142.2
13.666666666666657,80.41666666666663,2026-09-01T03:00:00Z,0.84,13.7,0.56,147.4
13.666666666666657,80.5,2026-09-01T03:00:00Z,1.08,12.7,0.78,150.8
13.666666666666657,80.58333333333331,2026-09-01T03:00:00Z,1.21,13.8,0.91,152.4
13.666666666666657,80.66666666666663,2026-09-01T03:00:00Z,1.31,14.3,0.98,153.5
13.666666666666657,80.75,2026-09-01T03:00:00Z,1.38,14.5,1.01,153.5
13.666666666666657,80.83333333333331,2026-09-01T03:00:00Z,1.44,14.6,1.02,153.8
13.666666666666657,80.91666666666663,2026-09-01T03:00:00Z,1.48,14.7,1.04,155.0
13.666666666666657,81.0,2026-09-01T03:00:00Z,1.53,14.8,1.05,156.1
13.75,73.0,2026-09-01T03:00:00Z,2.21,9.0,1.7,279.1
13.75,73.08333333333331,2026-09-01T03:00:00Z,2.21,9.0,1.7,279.2
13.75,73.16666666666666,2026-09-01T03:00:00Z,2.2,9.0,1.69,279.1
13.75,73.25,2026-09-01T03:00:00Z,2.2,9.0,1.68,279.1
13.75,73.33333333333331,2026-09-01T03:00:00Z,2.19,9.0,1.67,278.7
13.75,73.41666666666666,2026-09-01T03:00:00Z,2.18,9.0,1.67,277.9
13.75,73.5,2026-09-01T03:00:00Z,2.17,9.0,1.67,276.8
13.75,73.58333333333331,2026-09-01T03:00:00Z,2.14,9.0,1.58,264.8
13.75,73.66666666666666,2026-09-01T03:00:00Z,2.11,8.9,1.52,260.8
13.75,73.75,2026-09-01T03:00:00Z,2.07,8.9,1.4,260.8
13.75,73.83333333333331,2026-09-01T03:00:00Z,2.04,8.9,1.28,261.3
13.75,73.91666666666666,2026-09-01T03:00:00Z,1.99,8.9,1.26,261.5
13.75,74.0,2026-09-01T03:00:00Z,1.95,8.8,1.24,261.5
13.75,74.08333333333331,2026-09-01T03:00:00Z,1.92,8.8,1.23,261.9
13.75,74.16666666666666,2026-09-01T03:00:00Z,1.89,8.8,1.23,262.3
13.75,74.25,2026-09-01T03:00:00Z,1.87,8.9,1.22,262.3
13.75,74.33333333333331,2026-09-01T03:00:00Z,1.83,8.9,1.21,262.6
13.75,74.41666666666666,2026-09-01T03:00:00Z,1.79,8.8,1.19,262.9
13.75,74.5,2026-09-01T03:00:00Z,1.75,8.8,1.18,262.9
13.75,74.58333333333331,2026-09-01T03:00:00Z,1.65,8.8,1.14,262.9
13.75,74.66666666666666,2026-09-01T03:00:00Z,1.34,8.1,0.96,262.8
13.75,80.33333333333331,2026-09-01T03:00:00Z,0.62,14.1,0.38,144.4
13.75,80.41666666666663,2026-09-01T03:00:00Z,0.83,14.0,0.56,148.0
13.75,80.5,2026-09-01T03:00:00Z,1.07,13.4,0.74,152.7
13.75,80.58333333333331,2026-09-01T03:00:00Z,1.2,14.2,0.89,153.7
13.75,80.66666666666663,2026-09-01T03:00:00Z,1.31,14.5,0.97,154.3
13.75,80.75,2026-09-01T03:00:00Z,1.38,14.6,1.01,154.3
13.75,80.83333333333331,2026-09-01T03:00:00Z,1.44,14.7,1.02,154.8
13.75,80.91666666666663,2026-09-01T03:00:00Z,1.48,14.8,1.03,155.6
13.75,81.0,2026-09-01T03:00:00Z,1.53,14.9,1.04,156.3
13.833333333333329,73.0,2026-09-01T03:00:00Z,2.22,9.0,1.7,279.1
13.833333333333329,73.08333333333331,2026-09-01T03:00:00Z,2.22,9.0,1.69,279.2
13.833333333333329,73.16666666666666,2026-09-01T03:00:00Z,2.22,9.0,1.69,279.1
13.833333333333329,73.25,2026-09-01T03:00:00Z,2.21,9.0,1.68,279.1
13.833333333333329,73.33333333333331,2026-09-01T03:00:00Z,2.2,8.9,1.68,278.7
13.833333333333329,73.41666666666666,2026-09-01T03:00:00Z,2.19,8.9,1.68,277.9
13.833333333333329,73.5,2026-09-01T03:00:00Z,2.17,8.9,1.69,276.8
13.833333333333329,73.58333333333331,2026-09-01T03:00:00Z,2.13,8.9,1.46,264.8
13.833333333333329,73.66666666666666,2026-09-01T03:00:00Z,2.1,8.9,1.35,260.8
13.833333333333329,73.75,2026-09-01T03:00:00Z,2.07,8.9,1.31,260.8
13.833333333333329,73.83333333333331,2026-09-01T03:00:00Z,2.03,8.9,1.29,261.3
13.833333333333329,73.91666666666666,2026-09-01T03:00:00Z,1.98,8.8,1.26,261.5
13.833333333333329,74.0,2026-09-01T03:00:00Z,1.93,8.8,1.24,261.5
13.833333333333329,74.08333333333331,2026-09-01T03:00:00Z,1.9,8.8,1.23,261.9
13.833333333333329,74.16666666666666,2026-09-01T03:00:00Z,1.88,8.8,1.23,262.3
13.833333333333329,74.25,2026-09-01T03:00:00Z,1.86,8.8,1.22,262.3
13.833333333333329,74.33333333333331,2026-09-01T03:00:00Z,1.82,8.8,1.21,262.6
13.833333333333329,74.41666666666666,2026-09-01T03:00:00Z,1.78,8.8,1.2,262.9
13.833333333333329,74.5,2026-09-01T03:00:00Z,1.74,8.8,1.18,262.9
13.833333333333329,74.58333333333331,2026-09-01T03:00:00Z,1.65,8.8,1.15,262.9
13.833333333333329,80.25,2026-09-01T03:00:00Z,0.45,12.9,0.32,142.9
13.833333333333329,80.33333333333331,2026-09-01T03:00:00Z,0.63,13.3,0.45,144.4
13.833333333333329,80.41666666666663,2026-09-01T03:00:00Z,0.86,13.7,0.62,148.0
13.833333333333329,80.5,2026-09-01T03:00:00Z,1.06,14.2,0.75,152.7
13.833333333333329,80.58333333333331,2026-09-01T03:00:00Z,1.2,14.4,0.89,153.7
13.833333333333329,80.66666666666663,2026-09-01T03:00:00Z,1.3,14.6,0.97,154.3
13.833333333333329,80.75,2026-09-01T03:00:00Z,1.37,14.7,1.0,154.3
13.833333333333329,80.83333333333331,2026-09-01T03:00:00Z,1.43,14.8,1.02,154.8
13.833333333333329,80.91666666666663,2026-09-01T03:00:00Z,1.48,14.9,1.03,155.6
13.833333333333329,81.0,2026-09-01T03:00:00Z,1.52,15.0,1.02,156.3
13.916666666666657,73.0,2026-09-01T03:00:00Z,2.23,9.0,1.7,278.5
13.916666666666657,73.08333333333331,2026-09-01T03:00:00Z,2.23,9.0,1.69,278.5
13.916666666666657,73.16666666666666,2026-09-01T03:00:00Z,2.23,8.9,1.68,278.0
13.916666666666657,73.25,2026-09-01T03:00:00Z,2.22,8.9,1.68,278.0
13.916666666666657,73.33333333333331,2026-09-01T03:00:00Z,2.21,8.9,1.68,277.4
13.916666666666657,73.41666666666666,2026-09-01T03:00:00Z,2.19,8.9,1.69,276.8
13.916666666666657,73.5,2026-09-01T03:00:00Z,2.16,8.9,1.71,275.9
13.916666666666657,73.58333333333331,2026-09-01T03:00:00Z,2.12,8.9,1.5,264.3
13.916666666666657,73.66666666666666,2026-09-01T03:00:00Z,2.09,8.9,1.37,260.6
13.916666666666657,73.75,2026-09-01T03:00:00Z,2.06,8.9,1.31,260.6
13.916666666666657,73.83333333333331,2026-09-01T03:00:00Z,2.02,8.9,1.3,260.9
13.916666666666657,73.91666666666666,2026-09-01T03:00:00Z,1.98,8.8,1.27,261.2
13.916666666666657,74.0,2026-09-01T03:00:00Z,1.93,8.8,1.25,261.4
13.916666666666657,74.08333333333331,2026-09-01T03:00:00Z,1.89,8.8,1.24,261.7
13.916666666666657,74.16666666666666,2026-09-01T03:00:00Z,1.87,8.8,1.23,262.0
13.916666666666657,74.25,2026-09-01T03:00:00Z,1.84,8.8,1.22,262.0
13.916666666666657,74.33333333333331,2026-09-01T03:00:00Z,1.81,8.8,1.21,262.2
13.916666666666657,74.41666666666666,2026-09-01T03:00:00Z,1.77,8.8,1.19,262.3
13.916666666666657,74.5,2026-09-01T03:00:00Z,1.72,8.8,1.18,262.2
13.916666666666657,80.33333333333331,2026-09-01T03:00:00Z,0.65,11.7,0.54,144.0
13.916666666666657,80.41666666666663,2026-09-01T03:00:00Z,0.87,12.2,0.72,147.5
13.916666666666657,80.5,2026-09-01T03:00:00Z,1.06,13.7,0.88,151.7
13.916666666666657,80.58333333333331,2026-09-01T03:00:00Z,1.19,14.4,0.94,153.9
13.916666666666657,80.66666666666663,2026-09-01T03:00:00Z,1.29,14.7,0.98,155.0
13.916666666666657,80.75,2026-09-01T03:00:00Z,1.36,14.9,1.0,155.0
13.916666666666657,80.83333333333331,2026-09-01T03:00:00Z,1.42,15.0,1.02,155.5
13.916666666666657,80.91666666666663,2026-09-01T03:00:00Z,1.47,15.1,1.03,156.2
13.916666666666657,81.0,2026-09-01T03:00:00Z,1.52,15.2,1.02,156.9
14.0,73.0,2026-09-01T03:00:00Z,2.23,8.9,1.7,278.0
14.0,73.08333333333331,2026-09-01T03:00:00Z,2.23,8.9,1.69,277.9
14.0,73.16666666666666,2026-09-01T03:00:00Z,2.23,8.9,1.69,277.4
14.0,73.25,2026-09-01T03:00:00Z,2.23,8.9,1.69,277.4
14.0,73.33333333333331,2026-09-01T03:00:00Z,2.21,8.9,1.7,276.7
14.0,73.41666666666666,2026-09-01T03:00:00Z,2.18,8.9,1.72,276.1
14.0,73.5,2026-09-01T03:00:00Z,2.15,8.9,1.75,275.6
14.0,73.58333333333331,2026-09-01T03:00:00Z,2.11,8.9,1.64,270.4
14.0,73.66666666666666,2026-09-01T03:00:00Z,2.07,8.9,1.42,260.3
14.0,73.75,2026-09-01T03:00:00Z,2.04,8.9,1.32,260.3
14.0,73.83333333333331,2026-09-01T03:00:00Z,2.0,8.9,1.3,260.6
14.0,73.91666666666666,2026-09-01T03:00:00Z,1.96,8.8,1.28,260.9
14.0,74.0,2026-09-01T03:00:00Z,1.92,8.8,1.25,261.3
14.0,74.08333333333331,2026-09-01T03:00:00Z,1.88,8.8,1.24,261.5
14.0,74.16666666666666,2026-09-01T03:00:00Z,1.86,8.8,1.23,261.8
14.0,74.25,2026-09-01T03:00:00Z,1.82,8.8,1.22,261.8
14.0,74.33333333333331,2026-09-01T03:00:00Z,1.78,8.8,1.2,261.7
14.0,80.33333333333331,2026-09-01T03:00:00Z,0.72,11.6,0.62,145.7
14.0,80.41666666666663,2026-09-01T03:00:00Z,0.89,11.9,0.73,148.1
14.0,80.5,2026-09-01T03:00:00Z,1.05,12.8,0.86,152.0
14.0,80.58333333333331,2026-09-01T03:00:00Z,1.19,14.4,0.94,154.8
14.0,80.66666666666663,2026-09-01T03:00:00Z,1.28,14.8,0.98,155.7
14.0,80.75,2026-09-01T03:00:00Z,1.35,15.0,1.0,155.7
14.0,80.83333333333331,2026-09-01T03:00:00Z,1.41,15.1,1.02,156.5
14.0,80.91666666666663,2026-09-01T03:00:00Z,1.46,15.2,1.02,156.8
14.0,81.0,2026-09-01T03:00:00Z,1.51,15.3,1.03,157.8
14.083333333333329,73.0,2026-09-01T03:00:00Z,2.24,8.9,1.7,277.3
14.083333333333329,73.08333333333331,2026-09-01T03:00:00Z,2.24,8.9,1.7,277.4
14.083333333333329,73.16666666666666,2026-09-01T03:00:00Z,2.24,8.9,1.69,277.0
14.083333333333329,73.25,2026-09-01T03:00:00Z,2.23,8.9,1.69,277.0
14.083333333333329,73.33333333333331,2026-09-01T03:00:00Z,2.21,8.9,1.71,275.7
14.083333333333329,73.41666666666666,2026-09-01T03:00:00Z,2.17,8.9,1.75,275.3
14.083333333333329,73.5,2026-09-01T03:00:00Z,2.13,8.9,1.78,275.3
14.083333333333329,73.58333333333331,2026-09-01T03:00:00Z,2.09,8.9,1.48,260.9
14.083333333333329,73.66666666666666,2026-09-01T03:00:00Z,2.06,8.9,1.36,259.9
14.083333333333329,73.75,2026-09-01T03:00:00Z,2.02,8.9,1.32,259.9
14.083333333333329,73.83333333333331,2026-09-01T03:00:00Z,1.99,8.9,1.3,260.3
14.083333333333329,73.91666666666666,2026-09-01T03:00:00Z,1.95,8.8,1.28,260.6
14.083333333333329,74.0,2026-09-01T03:00:00Z,1.91,8.8,1.26,261.0
14.083333333333329,74.08333333333331,2026-09-01T03:00:00Z,1.88,8.8,1.25,261.2
14.083333333333329,74.16666666666666,2026-09-01T03:00:00Z,1.85,8.8,1.24,261.4
14.083333333333329,74.25,2026-09-01T03:00:00Z,1.81,8.8,1.22,261.4
14.083333333333329,74.33333333333331,2026-09-01T03:00:00Z,1.76,8.8,1.2,261.3
14.083333333333329,80.33333333333331,2026-09-01T03:00:00Z,0.72,11.8,0.61,145.9
14.083333333333329,80.41666666666663,2026-09-01T03:00:00Z,0.88,12.2,0.71,149.1
14.083333333333329,80.5,2026-09-01T03:00:00Z,1.05,13.9,0.72,154.6
14.083333333333329,80.58333333333331,2026-09-01T03:00:00Z,1.17,14.6,0.89,155.9
14.083333333333329,80.66666666666663,2026-09-01T03:00:00Z,1.26,14.9,0.96,156.5
14.083333333333329,80.75,2026-09-01T03:00:00Z,1.33,15.1,1.0,156.5
14.083333333333329,80.83333333333331,2026-09-01T03:00:00Z,1.39,15.2,1.02,157.4
14.083333333333329,80.91666666666663,2026-09-01T03:00:00Z,1.44,15.3,1.03,158.4
14.083333333333329,81.0,2026-09-01T03:00:00Z,1.49,15.5,0.98,158.3
14.166666666666657,73.0,2026-09-01T03:00:00Z,2.24,8.9,1.71,276.8
14.166666666666657,73.08333333333331,2026-09-01T03:00:00Z,2.24,8.9,1.71,276.7
14.166666666666657,73.16666666666666,2026-09-01T03:00:00Z,2.24,8.9,1.71,276.3
14.166666666666657,73.25,2026-09-01T03:00:00Z,2.23,8.9,1.72,276.3
14.166666666666657,73.33333333333331,2026-09-01T03:00:00Z,2.2,8.9,1.75,275.8
14.166666666666657,73.41666666666666,2026-09-01T03:00:00Z,2.16,8.9,1.75,275.4
14.166666666666657,73.5,2026-09-01T03:00:00Z,2.11,8.9,1.64,266.5
14.166666666666657,73.58333333333331,2026-09-01T03:00:00Z,2.07,8.9,1.41,259.3
14.166666666666657,73.66666666666666,2026-09-01T03:00:00Z,2.04,8.9,1.34,259.6
14.166666666666657,73.75,2026-09-01T03:00:00Z,2.0,8.8,1.32,259.6
14.166666666666657,73.83333333333331,2026-09-01T03:00:00Z,1.97,8.8,1.3,259.8
14.166666666666657,73.91666666666666,2026-09-01T03:00:00Z,1.93,8.8,1.28,260.0
14.166666666666657,74.0,2026-09-01T03:00:00Z,1.9,8.8,1.26,260.4
14.166666666666657,74.08333333333331,2026-09-01T03:00:00Z,1.87,8.8,1.26,260.8
14.166666666666657,74.16666666666666,2026-09-01T03:00:00Z,1.84,8.8,1.24,261.0
14.166666666666657,74.25,2026-09-01T03:00:00Z,1.8,8.8,1.23,261.0
14.166666666666657,74.33333333333331,2026-09-01T03:00:00Z,1.75,8.8,1.2,260.9
14.166666666666657,80.16666666666663,2026-09-01T03:00:00Z,0.43,11.5,0.37,146.7
14.166666666666657,80.25,2026-09-01T03:00:00Z,0.57,11.8,0.51,146.7
14.166666666666657,80.33333333333331,2026-09-01T03:00:00Z,0.71,11.8,0.62,148.4
14.166666666666657,80.41666666666663,2026-09-01T03:00:00Z,0.85,12.1,0.72,150.9
14.166666666666657,80.5,2026-09-01T03:00:00Z,1.02,13.3,0.8,153.5
14.166666666666657,80.58333333333331,2026-09-01T03:00:00Z,1.16,14.6,0.92,156.5
14.166666666666657,80.66666666666663,2026-09-01T03:00:00Z,1.25,15.0,0.97,157.4
14.166666666666657,80.75,2026-09-01T03:00:00Z,1.31,15.2,0.99,157.4
14.166666666666657,80.83333333333331,2026-09-01T03:00:00Z,1.37,15.3,1.01,158.0
14.166666666666657,80.91666666666663,2026-09-01T03:00:00Z,1.42,15.5,1.03,159.0
14.166666666666657,81.0,2026-09-01T03:00:00Z,1.47,15.7,1.02,159.7
14.25,73.0,2026-09-01T03:00:00Z,2.25,8.9,1.73,276.3
14.25,73.08333333333331,2026-09-01T03:00:00Z,2.25,8.9,1.72,276.0
14.25,73.16666666666666,2026-09-01T03:00:00Z,2.24,8.9,1.72,275.7
14.25,73.25,2026-09-01T03:00:00Z,2.23,8.9,1.74,275.7
14.25,73.33333333333331,2026-09-01T03:00:00Z,2.19,8.9,1.77,275.6
14.25,73.41666666666666,2026-09-01T03:00:00Z,2.15,8.8,1.72,273.1
14.25,73.5,2026-09-01T03:00:00Z,2.1,8.8,1.46,258.7
14.25,73.58333333333331,2026-09-01T03:00:00Z,2.05,8.8,1.36,258.7
14.25,73.66666666666666,2026-09-01T03:00:00Z,2.02,8.8,1.32,258.9
14.25,73.75,2026-09-01T03:00:00Z,1.98,8.8,1.31,258.9
14.25,73.83333333333331,2026-09-01T03:00:00Z,1.95,8.8,1.29,259.3
14.25,73.91666666666666,2026-09-01T03:00:00Z,1.92,8.8,1.28,259.6
14.25,74.0,2026-09-01T03:00:00Z,1.89,8.8,1.27,259.8
14.25,74.08333333333331,2026-09-01T03:00:00Z,1.86,8.8,1.26,260.4
14.25,74.16666666666666,2026-09-01T03:00:00Z,1.83,8.8,1.25,260.4
14.25,74.25,2026-09-01T03:00:00Z,1.79,8.8,1.23,260.4
14.25,74.33333333333331,2026-09-01T03:00:00Z,1.72,8.7,1.2,260.3
14.25,80.25,2026-09-01T03:00:00Z,0.54,11.8,0.48,149.4
14.25,80.33333333333331,2026-09-01T03:00:00Z,0.7,11.7,0.64,148.4
14.25,80.41666666666663,2026-09-01T03:00:00Z,0.83,11.8,0.71,152.7
14.25,80.5,2026-09-01T03:00:00Z,1.01,12.6,0.79,155.7
14.25,80.58333333333331,2026-09-01T03:00:00Z,1.14,14.5,0.92,157.5
14.25,80.66666666666663,2026-09-01T03:00:00Z,1.23,15.0,0.97,158.3
14.25,80.75,2026-09-01T03:00:00Z,1.3,15.2,1.0,158.3
14.25,80.83333333333331,2026-09-01T03:00:00Z,1.35,15.4,1.01,159.3
14.25,80.91666666666663,2026-09-01T03:00:00Z,1.4,15.6,1.02,159.2
14.25,81.0,2026-09-01T03:00:00Z,1.45,15.9,1.01,159.7
14.333333333333329,73.0,2026-09-01T03:00:00Z,2.25,8.9,1.74,276.3
14.333333333333329,73.08333333333331,2026-09-01T03:00:00Z,2.25,8.9,1.72,276.0
14.333333333333329,73.16666666666666,2026-09-01T03:00:00Z,2.25,8.9,1.72,275.7
14.333333333333329,73.25,2026-09-01T03:00:00Z,2.23,8.9,1.73,275.7
14.333333333333329,73.33333333333331,2026-09-01T03:00:00Z,2.19,8.9,1.71,275.6
14.333333333333329,73.41666666666666,2026-09-01T03:00:00Z,2.14,8.8,1.58,273.1
14.333333333333329,73.5,2026-09-01T03:00:00Z,2.08,8.8,1.36,258.7
14.333333333333329,73.58333333333331,2026-09-01T03:00:00Z,2.03,8.7,1.33,258.7
14.333333333333329,73.66666666666666,2026-09-01T03:00:00Z,1.99,8.7,1.31,258.9
14.333333333333329,73.75,2026-09-01T03:00:00Z,1.95,8.7,1.29,258.9
14.333333333333329,73.83333333333331,2026-09-01T03:00:00Z,1.93,8.7,1.28,259.3
14.333333333333329,73.91666666666666,2026-09-01T03:00:00Z,1.9,8.8,1.28,259.6
14.333333333333329,74.0,2026-09-01T03:00:00Z,1.88,8.8,1.27,259.8
14.333333333333329,74.08333333333331,2026-09-01T03:00:00Z,1.85,8.8,1.26,260.4
14.333333333333329,74.16666666666666,2026-09-01T03:00:00Z,1.82,8.8,1.25,260.4
14.333333333333329,74.25,2026-09-01T03:00:00Z,1.77,8.8,1.22,260.4
14.333333333333329,74.33333333333331,2026-09-01T03:00:00Z,1.69,8.7,1.19,260.3
14.333333333333329,80.25,2026-09-01T03:00:00Z,0.54,11.3,0.49,149.4
14.333333333333329,80.33333333333331,2026-09-01T03:00:00Z,0.7,11.5,0.65,148.4
14.333333333333329,80.41666666666663,2026-09-01T03:00:00Z,0.83,11.9,0.69,152.7
14.333333333333329,80.5,2026-09-01T03:00:00Z,1.01,13.1,0.72,155.7
14.333333333333329,80.58333333333331,2026-09-01T03:00:00Z,1.13,14.6,0.9,157.5
14.333333333333329,80.66666666666663,2026-09-01T03:00:00Z,1.21,15.1,0.97,158.3
14.333333333333329,80.75,2026-09-01T03:00:00Z,1.28,15.3,1.0,158.3
14.333333333333329,80.83333333333331,2026-09-01T03:00:00Z,1.33,15.5,1.02,159.3
14.333333333333329,80.91666666666663,2026-09-01T03:00:00Z,1.38,15.7,1.02,159.2
14.333333333333329,81.0,2026-09-01T03:00:00Z,1.43,16.1,0.99,159.7
14.416666666666657,73.0,2026-09-01T03:00:00Z,2.25,8.9,1.74,275.7
14.416666666666657,73.08333333333331,2026-09-01T03:00:00Z,2.25,8.9,1.73,275.6
14.416666666666657,73.16666666666666,2026-09-01T03:00:00Z,2.25,8.9,1.72,275.3
14.416666666666657,73.25,2026-09-01T03:00:00Z,2.23,8.9,1.7,275.3
14.416666666666657,73.33333333333331,2026-09-01T03:00:00Z,2.19,8.8,1.59,272.0
14.416666666666657,73.41666666666666,2026-09-01T03:00:00Z,2.14,8.8,1.39,258.5
14.416666666666657,73.5,2026-09-01T03:00:00Z,2.07,8.8,1.35,258.2
14.416666666666657,73.58333333333331,2026-09-01T03:00:00Z,2.02,8.7,1.33,258.1
14.416666666666657,73.66666666666666,2026-09-01T03:00:00Z,1.97,8.7,1.31,258.3
14.416666666666657,73.75,2026-09-01T03:00:00Z,1.93,8.7,1.29,258.3
14.416666666666657,73.83333333333331,2026-09-01T03:00:00Z,1.9,8.7,1.28,258.5
14.416666666666657,73.91666666666666,2026-09-01T03:00:00Z,1.89,8.8,1.28,259.0
14.416666666666657,74.0,2026-09-01T03:00:00Z,1.87,8.8,1.28,259.3
14.416666666666657,74.08333333333331,2026-09-01T03:00:00Z,1.84,8.8,1.27,259.7
14.416666666666657,74.16666666666666,2026-09-01T03:00:00Z,1.8,8.8,1.25,259.9
14.416666666666657,74.25,2026-09-01T03:00:00Z,1.75,8.8,1.24,259.9
14.416666666666657,74.33333333333331,2026-09-01T03:00:00Z,1.67,8.7,1.22,259.6
14.416666666666657,80.25,2026-09-01T03:00:00Z,0.57,10.8,0.54,143.5
14.416666666666657,80.33333333333331,2026-09-01T03:00:00Z,0.72,11.3,0.66,147.4
14.416666666666657,80.41666666666663,2026-09-01T03:00:00Z,0.85,12.2,0.7,153.2
14.416666666666657,80.5,2026-09-01T03:00:00Z,1.0,14.6,0.71,156.9
14.416666666666657,80.58333333333331,2026-09-01T03:00:00Z,1.11,15.0,0.9,157.8
14.416666666666657,80.66666666666663,2026-09-01T03:00:00Z,1.19,15.2,0.96,158.7
14.416666666666657,80.75,2026-09-01T03:00:00Z,1.26,15.3,0.99,158.7
14.416666666666657,80.83333333333331,2026-09-01T03:00:00Z,1.31,15.5,1.02,159.8
14.416666666666657,80.91666666666663,2026-09-01T03:00:00Z,1.36,15.8,1.03,160.4
14.416666666666657,81.0,2026-09-01T03:00:00Z,1.4,16.3,1.0,161.3
14.5,73.0,2026-09-01T03:00:00Z,2.26,8.9,1.75,275.5
14.5,73.08333333333331,2026-09-01T03:00:00Z,2.25,8.9,1.75,275.4
14.5,73.16666666666666,2026-09-01T03:00:00Z,2.25,8.9,1.73,275.1
14.5,73.25,2026-09-01T03:00:00Z,2.23,8.9,1.72,275.1
14.5,73.33333333333331,2026-09-01T03:00:00Z,2.2,8.8,1.64,274.3
14.5,73.41666666666666,2026-09-01T03:00:00Z,2.15,8.8,1.45,262.1
14.5,73.5,2026-09-01T03:00:00Z,2.09,8.8,1.37,258.1
14.5,73.58333333333331,2026-09-01T03:00:00Z,2.04,8.8,1.36,258.0
14.5,73.66666666666666,2026-09-01T03:00:00Z,1.99,8.8,1.34,258.0
14.5,73.75,2026-09-01T03:00:00Z,1.94,8.8,1.32,258.0
14.5,73.83333333333331,2026-09-01T03:00:00Z,1.91,8.8,1.3,258.2
14.5,73.91666666666666,2026-09-01T03:00:00Z,1.88,8.8,1.29,258.5
14.5,74.0,2026-09-01T03:00:00Z,1.85,8.8,1.28,258.7
14.5,74.08333333333331,2026-09-01T03:00:00Z,1.82,8.8,1.27,258.9
14.5,74.16666666666666,2026-09-01T03:00:00Z,1.78,8.8,1.25,259.0
14.5,74.25,2026-09-01T03:00:00Z,1.72,8.8,1.29,259.0
14.5,74.33333333333331,2026-09-01T03:00:00Z,1.67,8.8,1.37,263.5
14.5,80.25,2026-09-01T03:00:00Z,0.57,11.6,0.54,144.6
14.5,80.33333333333331,2026-09-01T03:00:00Z,0.73,11.7,0.66,147.5
14.5,80.41666666666663,2026-09-01T03:00:00Z,0.86,12.1,0.75,154.1
14.5,80.5,2026-09-01T03:00:00Z,0.98,13.5,0.84,157.8
14.5,80.58333333333331,2026-09-01T03:00:00Z,1.08,14.8,0.93,158.1
14.5,80.66666666666663,2026-09-01T03:00:00Z,1.16,15.1,0.97,159.4
14.5,80.75,2026-09-01T03:00:00Z,1.23,15.3,0.99,159.4
14.5,80.83333333333331,2026-09-01T03:00:00Z,1.28,15.5,1.0,160.1
14.5,80.91666666666663,2026-09-01T03:00:00Z,1.33,15.8,0.99,160.8
14.5,81.0,2026-09-01T03:00:00Z,1.37,16.3,0.94,159.9
14.583333333333329,73.0,2026-09-01T03:00:00Z,2.26,8.9,1.73,274.6
14.583333333333329,73.08333333333331,2026-09-01T03:00:00Z,2.26,8.9,1.73,274.8
14.583333333333329,73.16666666666666,2026-09-01T03:00:00Z,2.25,8.9,1.72,274.2
14.583333333333329,73.25,2026-09-01T03:00:00Z,2.23,8.8,1.66,274.2
14.583333333333329,73.33333333333331,2026-09-01T03:00:00Z,2.19,8.8,1.54,267.8
14.583333333333329,73.41666666666666,2026-09-01T03:00:00Z,2.14,8.8,1.4,258.0
14.583333333333329,73.5,2026-09-01T03:00:00Z,2.08,8.8,1.39,257.5
14.583333333333329,73.58333333333331,2026-09-01T03:00:00Z,2.03,8.8,1.44,261.4
14.583333333333329,73.66666666666666,2026-09-01T03:00:00Z,1.97,8.8,1.58,271.9
14.583333333333329,73.75,2026-09-01T03:00:00Z,1.92,8.8,1.62,271.9
14.583333333333329,73.83333333333331,2026-09-01T03:00:00Z,1.89,8.8,1.59,271.9
14.583333333333329,73.91666666666666,2026-09-01T03:00:00Z,1.85,8.8,1.57,271.7
14.583333333333329,74.0,2026-09-01T03:00:00Z,1.82,8.8,1.55,271.4
14.583333333333329,74.08333333333331,2026-09-01T03:00:00Z,1.78,8.8,1.52,270.6
14.583333333333329,74.16666666666666,2026-09-01T03:00:00Z,1.73,8.8,1.48,269.2
14.583333333333329,74.25,2026-09-01T03:00:00Z,1.65,8.8,1.43,269.2
14.583333333333329,74.33333333333331,2026-09-01T03:00:00Z,1.41,8.7,1.26,267.4
14.583333333333329,80.25,2026-09-01T03:00:00Z,0.48,11.7,0.44,145.1
14.583333333333329,80.33333333333331,2026-09-01T03:00:00Z,0.66,11.9,0.61,147.7
14.583333333333329,80.41666666666663,2026-09-01T03:00:00Z,0.85,12.5,0.76,152.2
14.583333333333329,80.5,2026-09-01T03:00:00Z,0.97,14.6,0.79,162.0
14.583333333333329,80.58333333333331,2026-09-01T03:00:00Z,1.06,14.9,0.92,158.8
14.583333333333329,80.66666666666663,2026-09-01T03:00:00Z,1.14,15.0,0.97,160.2
14.583333333333329,80.75,2026-09-01T03:00:00Z,1.2,15.2,1.0,160.2
14.583333333333329,80.83333333333331,2026-09-01T03:00:00Z,1.26,15.4,1.04,161.4
14.583333333333329,80.91666666666663,2026-09-01T03:00:00Z,1.3,15.7,1.05,163.2
14.583333333333329,81.0,2026-09-01T03:00:00Z,1.35,16.1,0.9,157.8
14.666666666666657,73.0,2026-09-01T03:00:00Z,2.27,8.9,1.7,273.5
14.666666666666657,73.08333333333331,2026-09-01T03:00:00Z,2.27,8.9,1.7,273.3
14.666666666666657,73.16666666666666,2026-09-01T03:00:00Z,2.25,8.8,1.69,272.7
14.666666666666657,73.25,2026-09-01T03:00:00Z,2.2,8.8,1.56,272.7
14.666666666666657,73.33333333333331,2026-09-01T03:00:00Z,2.15,8.8,1.47,258.2
14.666666666666657,73.41666666666666,2026-09-01T03:00:00Z,2.1,8.8,1.56,269.6
14.666666666666657,73.5,2026-09-01T03:00:00Z,2.06,8.9,1.58,269.2
14.666666666666657,73.58333333333331,2026-09-01T03:00:00Z,1.98,8.9,1.59,269.9
14.666666666666657,73.66666666666666,2026-09-01T03:00:00Z,1.93,8.9,1.64,270.7
14.666666666666657,73.75,2026-09-01T03:00:00Z,1.89,8.8,1.64,270.7
14.666666666666657,73.83333333333331,2026-09-01T03:00:00Z,1.85,8.8,1.62,270.9
14.666666666666657,73.91666666666666,2026-09-01T03:00:00Z,1.82,8.8,1.59,270.9
14.666666666666657,74.0,2026-09-01T03:00:00Z,1.78,8.8,1.56,270.5
14.666666666666657,74.08333333333331,2026-09-01T03:00:00Z,1.73,8.8,1.51,269.0
14.666666666666657,74.16666666666666,2026-09-01T03:00:00Z,1.65,8.6,1.44,266.2
14.666666666666657,80.25,2026-09-01T03:00:00Z,0.5,10.6,0.43,148.2
14.666666666666657,80.33333333333331,2026-09-01T03:00:00Z,0.66,11.6,0.61,149.7
14.666666666666657,80.41666666666663,2026-09-01T03:00:00Z,0.84,12.7,0.78,152.9
14.666666666666657,80.5,2026-09-01T03:00:00Z,0.96,14.3,0.87,158.0
14.666666666666657,80.58333333333331,2026-09-01T03:00:00Z,1.04,14.7,0.96,162.3
14.666666666666657,80.66666666666663,2026-09-01T03:00:00Z,1.11,14.9,1.02,164.8
14.666666666666657,80.75,2026-09-01T03:00:00Z,1.18,15.1,1.05,164.8
14.666666666666657,80.83333333333331,2026-09-01T03:00:00Z,1.23,15.2,1.05,164.2
14.666666666666657,80.91666666666663,2026-09-01T03:00:00Z,1.28,15.5,0.99,160.2
14.666666666666657,81.0,2026-09-01T03:00:00Z,1.32,15.9,0.87,157.7
14.75,73.0,2026-09-01T03:00:00Z,2.27,8.9,1.68,272.7
14.75,73.08333333333331,2026-09-01T03:00:00Z,2.27,8.9,1.68,272.3
14.75,73.16666666666666,2026-09-01T03:00:00Z,2.24,8.8,1.67,271.8
14.75,73.25,2026-09-01T03:00:00Z,2.18,8.8,1.6,271.8
14.75,73.33333333333331,2026-09-01T03:00:00Z,2.02,8.8,1.47,272.2
14.75,73.41666666666666,2026-09-01T03:00:00Z,1.79,9.5,1.34,275.6
14.75,73.5,2026-09-01T03:00:00Z,1.7,12.9,1.28,277.9
14.75,73.58333333333331,2026-09-01T03:00:00Z,1.73,12.7,1.37,279.7
14.75,73.66666666666666,2026-09-01T03:00:00Z,1.75,12.8,1.29,194.1
14.75,73.75,2026-09-01T03:00:00Z,1.75,13.0,1.19,194.1
14.75,73.83333333333331,2026-09-01T03:00:00Z,1.74,11.9,1.14,202.3
14.75,73.91666666666666,2026-09-01T03:00:00Z,1.72,10.1,1.17,204.8
14.75,74.0,2026-09-01T03:00:00Z,1.68,12.0,1.36,255.8
14.75,74.08333333333331,2026-09-01T03:00:00Z,1.57,10.4,1.35,269.7
14.75,74.16666666666666,2026-09-01T03:00:00Z,1.38,9.1,1.21,265.2
14.75,80.25,2026-09-01T03:00:00Z,0.54,10.7,0.44,147.7
14.75,80.33333333333331,2026-09-01T03:00:00Z,0.69,11.7,0.62,150.7
14.75,80.41666666666663,2026-09-01T03:00:00Z,0.84,12.8,0.79,153.5
14.75,80.5,2026-09-01T03:00:00Z,0.95,14.0,0.91,157.7
14.75,80.58333333333331,2026-09-01T03:00:00Z,1.02,14.6,0.98,161.5
14.75,80.66666666666663,2026-09-01T03:00:00Z,1.09,14.8,1.03,162.7
14.75,80.75,2026-09-01T03:00:00Z,1.15,14.9,1.04,162.7
14.75,80.83333333333331,2026-09-01T03:00:00Z,1.2,15.1,0.99,160.0
14.75,80.91666666666663,2026-09-01T03:00:00Z,1.25,15.2,0.91,157.7
14.75,81.0,2026-09-01T03:00:00Z,1.3,15.5,0.86,158.3
14.833333333333329,73.0,2026-09-01T03:00:00Z,2.27,8.8,1.68,272.7
14.833333333333329,73.08333333333331,2026-09-01T03:00:00Z,2.26,8.9,1.68,272.3
14.833333333333329,73.16666666666666,2026-09-01T03:00:00Z,2.23,8.8,1.67,271.8
14.833333333333329,73.25,2026-09-01T03:00:00Z,2.15,8.8,1.65,271.8
14.833333333333329,73.33333333333331,2026-09-01T03:00:00Z,1.94,8.8,1.49,272.2
14.833333333333329,73.41666666666666,2026-09-01T03:00:00Z,1.61,9.7,1.18,275.6
14.833333333333329,73.5,2026-09-01T03:00:00Z,1.46,14.1,1.1,277.9
14.833333333333329,73.58333333333331,2026-09-01T03:00:00Z,1.54,13.9,1.2,279.7
14.833333333333329,73.66666666666666,2026-09-01T03:00:00Z,1.61,14.1,1.11,194.1
14.833333333333329,73.75,2026-09-01T03:00:00Z,1.66,14.3,1.0,194.1
14.833333333333329,73.83333333333331,2026-09-01T03:00:00Z,1.66,12.9,0.94,202.3
14.833333333333329,73.91666666666666,2026-09-01T03:00:00Z,1.64,10.4,0.98,204.8
14.833333333333329,74.0,2026-09-01T03:00:00Z,1.58,13.1,1.23,255.8
14.833333333333329,74.08333333333331,2026-09-01T03:00:00Z,1.42,10.9,1.23,269.7
14.833333333333329,80.16666666666663,2026-09-01T03:00:00Z,0.43,11.1,0.33,147.7
14.833333333333329,80.25,2026-09-01T03:00:00Z,0.58,11.5,0.48,147.7
14.833333333333329,80.33333333333331,2026-09-01T03:00:00Z,0.72,11.9,0.65,150.7
14.833333333333329,80.41666666666663,2026-09-01T03:00:00Z,0.85,12.7,0.8,153.5
14.833333333333329,80.5,2026-09-01T03:00:00Z,0.95,14.0,0.9,157.7
14.833333333333329,80.58333333333331,2026-09-01T03:00:00Z,1.01,14.5,0.96,161.5
14.833333333333329,80.66666666666663,2026-09-01T03:00:00Z,1.07,14.6,1.0,162.7
14.833333333333329,80.75,2026-09-01T03:00:00Z,1.13,14.8,0.98,162.7
14.833333333333329,80.83333333333331,2026-09-01T03:00:00Z,1.18,14.9,0.91,160.0
14.833333333333329,80.91666666666663,2026-09-01T03:00:00Z,1.23,15.0,0.86,157.7
14.833333333333329,81.0,2026-09-01T03:00:00Z,1.27,15.2,0.84,158.3
14.916666666666657,73.0,2026-09-01T03:00:00Z,2.26,8.8,1.69,271.9
14.916666666666657,73.08333333333331,2026-09-01T03:00:00Z,2.25,8.8,1.68,271.8
14.916666666666657,73.16666666666666,2026-09-01T03:00:00Z,2.21,8.8,1.69,271.9
14.916666666666657,73.25,2026-09-01T03:00:00Z,2.13,8.8,1.6,271.9
14.916666666666657,73.33333333333331,2026-09-01T03:00:00Z,2.01,8.8,1.5,264.0
14.916666666666657,73.41666666666666,2026-09-01T03:00:00Z,1.86,8.8,1.46,267.0
14.916666666666657,73.5,2026-09-01T03:00:00Z,1.71,8.8,1.47,275.9
14.916666666666657,73.58333333333331,2026-09-01T03:00:00Z,1.67,8.7,1.46,276.9
14.916666666666657,73.66666666666666,2026-09-01T03:00:00Z,1.71,8.7,1.49,277.1
14.916666666666657,73.75,2026-09-01T03:00:00Z,1.72,8.6,1.5,277.1
14.916666666666657,73.83333333333331,2026-09-01T03:00:00Z,1.7,8.6,1.47,276.5
14.916666666666657,73.91666666666666,2026-09-01T03:00:00Z,1.65,8.6,1.43,275.1
14.916666666666657,74.0,2026-09-01T03:00:00Z,1.54,8.6,1.35,272.7
14.916666666666657,80.16666666666663,2026-09-01T03:00:00Z,0.52,11.0,0.43,147.4
14.916666666666657,80.25,2026-09-01T03:00:00Z,0.64,11.6,0.58,147.4
14.916666666666657,80.33333333333331,2026-09-01T03:00:00Z,0.76,11.8,0.69,150.7
14.916666666666657,80.41666666666663,2026-09-01T03:00:00Z,0.86,12.4,0.8,153.7
14.916666666666657,80.5,2026-09-01T03:00:00Z,0.95,13.8,0.9,157.2
14.916666666666657,80.58333333333331,2026-09-01T03:00:00Z,1.01,14.3,0.95,160.6
14.916666666666657,80.66666666666663,2026-09-01T03:00:00Z,1.06,14.5,0.98,162.8
14.916666666666657,80.75,2026-09-01T03:00:00Z,1.11,14.6,0.94,162.8
14.916666666666657,80.83333333333331,2026-09-01T03:00:00Z,1.16,14.8,0.87,157.7
14.916666666666657,80.91666666666663,2026-09-01T03:00:00Z,1.21,14.9,0.84,158.1
14.916666666666657,81.0,2026-09-01T03:00:00Z,1.25,15.0,0.82,159.1
15.0,73.0,2026-09-01T03:00:00Z,2.26,8.8,1.7,271.9
15.0,73.08333333333331,2026-09-01T03:00:00Z,2.23,8.8,1.7,271.7
15.0,73.16666666666666,2026-09-01T03:00:00Z,2.2,8.8,1.7,271.4
15.0,73.25,2026-09-01T03:00:00Z,2.14,8.8,1.69,271.4
15.0,73.33333333333331,2026-09-01T03:00:00Z,2.06,8.8,1.59,269.5
15.0,73.41666666666666,2026-09-01T03:00:00Z,1.96,8.7,1.39,257.6
15.0,73.5,2026-09-01T03:00:00Z,1.87,8.7,1.37,260.2
15.0,73.58333333333331,2026-09-01T03:00:00Z,1.83,8.7,1.55,278.2
15.0,73.66666666666666,2026-09-01T03:00:00Z,1.83,8.7,1.63,275.1
15.0,73.75,2026-09-01T03:00:00Z,1.81,8.7,1.62,275.1
15.0,73.83333333333331,2026-09-01T03:00:00Z,1.76,8.6,1.56,274.9
15.0,80.16666666666663,2026-09-01T03:00:00Z,0.59,11.6,0.47,148.0
15.0,80.25,2026-09-01T03:00:00Z,0.69,11.7,0.61,148.0
15.0,80.33333333333331,2026-09-01T03:00:00Z,0.79,11.9,0.72,151.2
15.0,80.41666666666663,2026-09-01T03:00:00Z,0.88,12.4,0.8,154.0
15.0,80.5,2026-09-01T03:00:00Z,0.96,13.6,0.88,157.0
15.0,80.58333333333331,2026-09-01T03:00:00Z,1.01,14.2,0.94,159.7
15.0,80.66666666666663,2026-09-01T03:00:00Z,1.06,14.4,0.92,158.8
15.0,80.75,2026-09-01T03:00:00Z,1.1,14.5,0.9,158.8
15.0,80.83333333333331,2026-09-01T03:00:00Z,1.15,14.6,0.87,157.9
15.0,80.91666666666663,2026-09-01T03:00:00Z,1.19,14.7,0.84,158.7
15.0,81.0,2026-09-01T03:00:00Z,1.24,14.9,0.78,159.0
15.083333333333329,73.0,2026-09-01T03:00:00Z,2.25,8.8,1.7,271.8
15.083333333333329,73.08333333333331,2026-09-01T03:00:00Z,2.22,8.8,1.7,271.2
15.083333333333329,73.16666666666666,2026-09-01T03:00:00Z,2.19,8.8,1.71,271.2
15.083333333333329,73.25,2026-09-01T03:00:00Z,2.14,8.8,1.74,271.2
15.083333333333329,73.33333333333331,2026-09-01T03:00:00Z,2.08,8.8,1.75,271.6
15.083333333333329,73.41666666666666,2026-09-01T03:00:00Z,2.0,8.8,1.73,272.0
15.083333333333329,73.5,2026-09-01T03:00:00Z,1.93,8.7,1.72,272.7
15.083333333333329,73.58333333333331,2026-09-01T03:00:00Z,1.88,8.7,1.55,263.7
15.083333333333329,73.66666666666666,2026-09-01T03:00:00Z,1.85,8.7,1.41,258.8
15.083333333333329,73.75,2026-09-01T03:00:00Z,1.81,8.7,1.39,258.8
15.083333333333329,73.83333333333331,2026-09-01T03:00:00Z,1.74,8.7,1.41,269.0
15.083333333333329,80.16666666666663,2026-09-01T03:00:00Z,0.61,11.9,0.52,148.9
15.083333333333329,80.25,2026-09-01T03:00:00Z,0.72,11.9,0.64,148.9
15.083333333333329,80.33333333333331,2026-09-01T03:00:00Z,0.8,12.1,0.73,152.0
15.083333333333329,80.41666666666663,2026-09-01T03:00:00Z,0.89,12.7,0.81,154.6
15.083333333333329,80.5,2026-09-01T03:00:00Z,0.96,13.7,0.88,156.9
15.083333333333329,80.58333333333331,2026-09-01T03:00:00Z,1.02,14.1,0.94,158.9
15.083333333333329,80.66666666666663,2026-09-01T03:00:00Z,1.06,14.3,0.95,160.4
15.083333333333329,80.75,2026-09-01T03:00:00Z,1.09,14.5,0.92,160.4
15.083333333333329,80.83333333333331,2026-09-01T03:00:00Z,1.13,14.5,0.86,158.6
15.083333333333329,80.91666666666663,2026-09-01T03:00:00Z,1.18,14.6,0.81,159.3
15.083333333333329,81.0,2026-09-01T03:00:00Z,1.22,14.7,0.77,159.1
15.166666666666657,73.0,2026-09-01T03:00:00Z,2.24,8.8,1.72,271.7
15.166666666666657,73.08333333333331,2026-09-01T03:00:00Z,2.22,8.8,1.72,271.5
15.166666666666657,73.16666666666666,2026-09-01T03:00:00Z,2.18,8.8,1.74,271.3
15.166666666666657,73.25,2026-09-01T03:00:00Z,2.13,8.8,1.76,271.3
15.166666666666657,73.33333333333331,2026-09-01T03:00:00Z,2.08,8.8,1.79,271.4
15.166666666666657,73.41666666666666,2026-09-01T03:00:00Z,2.02,8.8,1.8,271.3
15.166666666666657,73.5,2026-09-01T03:00:00Z,1.95,8.8,1.79,271.7
15.166666666666657,73.58333333333331,2026-09-01T03:00:00Z,1.9,8.7,1.69,272.0
15.166666666666657,73.66666666666666,2026-09-01T03:00:00Z,1.86,8.7,1.6,271.8
15.166666666666657,73.75,2026-09-01T03:00:00Z,1.81,8.7,1.55,271.8
15.166666666666657,73.83333333333331,2026-09-01T03:00:00Z,1.76,8.7,1.53,271.1
15.166666666666657,80.16666666666663,2026-09-01T03:00:00Z,0.6,12.3,0.51,149.5
15.166666666666657,80.25,2026-09-01T03:00:00Z,0.72,12.6,0.66,149.5
15.166666666666657,80.33333333333331,2026-09-01T03:00:00Z,0.81,13.1,0.74,152.4
15.166666666666657,80.41666666666663,2026-09-01T03:00:00Z,0.88,13.5,0.81,154.9
15.166666666666657,80.5,2026-09-01T03:00:00Z,0.95,13.9,0.88,157.0
15.166666666666657,80.58333333333331,2026-09-01T03:00:00Z,1.01,14.1,0.94,158.5
15.166666666666657,80.66666666666663,2026-09-01T03:00:00Z,1.05,14.3,0.93,157.8
15.166666666666657,80.75,2026-09-01T03:00:00Z,1.08,14.4,0.9,157.8
15.166666666666657,80.83333333333331,2026-09-01T03:00:00Z,1.12,14.5,0.84,158.4
15.166666666666657,80.91666666666663,2026-09-01T03:00:00Z,1.17,14.6,0.79,159.0
15.166666666666657,81.0,2026-09-01T03:00:00Z,1.21,14.6,0.76,159.3
15.25,73.0,2026-09-01T03:00:00Z,2.25,8.8,1.73,271.7
15.25,73.08333333333331,2026-09-01T03:00:00Z,2.21,8.8,1.74,271.4
15.25,73.16666666666666,2026-09-01T03:00:00Z,2.18,8.8,1.76,271.5
15.25,73.25,2026-09-01T03:00:00Z,2.13,8.8,1.78,271.5
15.25,73.33333333333331,2026-09-01T03:00:00Z,2.08,8.8,1.8,270.9
15.25,73.41666666666666,2026-09-01T03:00:00Z,2.02,8.8,1.8,270.8
15.25,73.5,2026-09-01T03:00:00Z,1.96,8.7,1.79,271.0
15.25,73.58333333333331,2026-09-01T03:00:00Z,1.9,8.7,1.75,271.1
15.25,73.66666666666666,2026-09-01T03:00:00Z,1.86,8.7,1.7,270.7
15.25,73.75,2026-09-01T03:00:00Z,1.8,8.7,1.65,270.7
15.25,73.83333333333331,2026-09-01T03:00:00Z,1.73,8.7,1.58,269.0
15.25,80.16666666666663,2026-09-01T03:00:00Z,0.54,12.2,0.47,150.3
15.25,80.25,2026-09-01T03:00:00Z,0.66,12.6,0.61,150.3
15.25,80.33333333333331,2026-09-01T03:00:00Z,0.77,13.0,0.72,152.7
15.25,80.41666666666663,2026-09-01T03:00:00Z,0.86,13.5,0.81,155.2
15.25,80.5,2026-09-01T03:00:00Z,0.92,14.2,0.87,157.2
15.25,80.58333333333331,2026-09-01T03:00:00Z,0.99,14.1,0.93,158.8
15.25,80.66666666666663,2026-09-01T03:00:00Z,1.04,14.3,0.93,159.4
15.25,80.75,2026-09-01T03:00:00Z,1.08,14.4,0.89,159.4
15.25,80.83333333333331,2026-09-01T03:00:00Z,1.12,14.4,0.83,158.5
15.25,80.91666666666663,2026-09-01T03:00:00Z,1.16,14.5,0.77,159.1
15.25,81.0,2026-09-01T03:00:00Z,1.21,14.6,0.76,160.0
15.333333333333329,73.0,2026-09-01T03:00:00Z,2.24,8.8,1.72,271.7
15.333333333333329,73.08333333333331,2026-09-01T03:00:00Z,2.21,8.8,1.74,271.4
15.333333333333329,73.16666666666666,2026-09-01T03:00:00Z,2.17,8.8,1.77,271.5
15.333333333333329,73.25,2026-09-01T03:00:00Z,2.13,8.8,1.8,271.5
15.333333333333329,73.33333333333331,2026-09-01T03:00:00Z,2.08,8.8,1.81,270.9
15.333333333333329,73.41666666666666,2026-09-01T03:00:00Z,2.02,8.8,1.81,270.8
15.333333333333329,73.5,2026-09-01T03:00:00Z,1.95,8.7,1.78,271.0
15.333333333333329,73.58333333333331,2026-09-01T03:00:00Z,1.89,8.7,1.73,271.1
15.333333333333329,73.66666666666666,2026-09-01T03:00:00Z,1.83,8.7,1.68,270.7
15.333333333333329,73.75,2026-09-01T03:00:00Z,1.74,8.7,1.59,270.7
15.333333333333329,73.83333333333331,2026-09-01T03:00:00Z,1.6,8.7,1.44,269.0
15.333333333333329,80.16666666666663,2026-09-01T03:00:00Z,0.45,11.0,0.41,150.3
15.333333333333329,80.25,2026-09-01T03:00:00Z,0.59,11.7,0.55,150.3
15.333333333333329,80.33333333333331,2026-09-01T03:00:00Z,0.73,12.3,0.69,152.7
15.333333333333329,80.41666666666663,2026-09-01T03:00:00Z,0.83,12.9,0.79,155.2
15.333333333333329,80.5,2026-09-01T03:00:00Z,0.89,13.7,0.85,157.2
15.333333333333329,80.58333333333331,2026-09-01T03:00:00Z,0.96,13.7,0.91,158.8
15.333333333333329,80.66666666666663,2026-09-01T03:00:00Z,1.03,14.0,0.94,159.4
15.333333333333329,80.75,2026-09-01T03:00:00Z,1.08,14.3,0.9,159.4
15.333333333333329,80.83333333333331,2026-09-01T03:00:00Z,1.12,14.4,0.82,158.5
15.333333333333329,80.91666666666663,2026-09-01T03:00:00Z,1.16,14.5,0.76,159.1
15.333333333333329,81.0,2026-09-01T03:00:00Z,1.21,14.5,0.76,160.0
15.416666666666657,73.0,2026-09-01T03:00:00Z,2.24,8.8,1.7,270.6
15.416666666666657,73.08333333333331,2026-09-01T03:00:00Z,2.2,8.8,1.73,271.3
15.416666666666657,73.16666666666666,2026-09-01T03:00:00Z,2.16,8.8,1.76,271.1
15.416666666666657,73.25,2026-09-01T03:00:00Z,2.12,8.8,1.8,271.1
15.416666666666657,73.33333333333331,2026-09-01T03:00:00Z,2.07,8.8,1.82,270.4
15.416666666666657,73.41666666666666,2026-09-01T03:00:00Z,2.01,8.8,1.8,270.5
15.416666666666657,73.5,2026-09-01T03:00:00Z,1.94,8.7,1.76,270.4
15.416666666666657,73.58333333333331,2026-09-01T03:00:00Z,1.87,8.7,1.7,270.2
15.416666666666657,73.66666666666666,2026-09-01T03:00:00Z,1.8,8.7,1.64,269.7
15.416666666666657,73.75,2026-09-01T03:00:00Z,1.65,8.7,1.51,269.7
15.416666666666657,80.25,2026-09-01T03:00:00Z,0.57,11.0,0.52,152.2
15.416666666666657,80.33333333333331,2026-09-01T03:00:00Z,0.72,11.9,0.69,153.7
15.416666666666657,80.41666666666663,2026-09-01T03:00:00Z,0.8,12.2,0.76,156.3
15.416666666666657,80.5,2026-09-01T03:00:00Z,0.86,12.5,0.81,157.8
15.416666666666657,80.58333333333331,2026-09-01T03:00:00Z,0.94,12.8,0.9,159.3
15.416666666666657,80.66666666666663,2026-09-01T03:00:00Z,1.02,13.7,0.93,160.0
15.416666666666657,80.75,2026-09-01T03:00:00Z,1.08,14.2,0.89,160.0
15.416666666666657,80.83333333333331,2026-09-01T03:00:00Z,1.12,14.3,0.82,158.8
15.416666666666657,80.91666666666663,2026-09-01T03:00:00Z,1.17,14.4,0.76,159.2
15.416666666666657,81.0,2026-09-01T03:00:00Z,1.22,14.5,0.75,160.2
15.5,73.0,2026-09-01T03:00:00Z,2.24,8.8,1.7,269.5
15.5,73.08333333333331,2026-09-01T03:00:00Z,2.2,8.8,1.73,268.9
15.5,73.16666666666666,2026-09-01T03:00:00Z,2.17,8.8,1.78,268.9
15.5,73.25,2026-09-01T03:00:00Z,2.12,8.8,1.81,268.9
15.5,73.33333333333331,2026-09-01T03:00:00Z,2.07,8.8,1.82,269.2
15.5,73.41666666666666,2026-09-01T03:00:00Z,2.01,8.8,1.79,269.2
15.5,73.5,2026-09-01T03:00:00Z,1.94,8.7,1.75,269.0
15.5,73.58333333333331,2026-09-01T03:00:00Z,1.86,8.7,1.69,268.8
15.5,73.66666666666666,2026-09-01T03:00:00Z,1.79,8.7,1.63,268.1
15.5,80.25,2026-09-01T03:00:00Z,0.56,11.8,0.5,150.0
15.5,80.33333333333331,2026-09-01T03:00:00Z,0.73,11.8,0.7,154.5
15.5,80.41666666666663,2026-09-01T03:00:00Z,0.8,11.7,0.76,156.7
15.5,80.5,2026-09-01T03:00:00Z,0.84,11.7,0.8,158.2
15.5,80.58333333333331,2026-09-01T03:00:00Z,0.95,13.4,0.9,159.9
15.5,80.66666666666663,2026-09-01T03:00:00Z,1.01,14.0,0.95,161.5
15.5,80.75,2026-09-01T03:00:00Z,1.07,14.2,0.91,161.5
15.5,80.83333333333331,2026-09-01T03:00:00Z,1.13,14.2,0.83,159.4
15.5,80.91666666666663,2026-09-01T03:00:00Z,1.18,14.3,0.77,159.4
15.5,81.0,2026-09-01T03:00:00Z,1.23,14.4,0.72,160.7
15.583333333333329,73.0,2026-09-01T03:00:00Z,2.24,8.8,1.72,268.4
15.583333333333329,73.08333333333331,2026-09-01T03:00:00Z,2.19,8.8,1.76,268.7
15.583333333333329,73.16666666666666,2026-09-01T03:00:00Z,2.15,8.8,1.82,269.1
15.583333333333329,73.25,2026-09-01T03:00:00Z,2.1,8.8,1.84,269.1
15.583333333333329,73.33333333333331,2026-09-01T03:00:00Z,2.05,8.8,1.83,269.3
15.583333333333329,73.41666666666666,2026-09-01T03:00:00Z,1.98,8.8,1.79,269.0
15.583333333333329,73.5,2026-09-01T03:00:00Z,1.92,8.8,1.74,268.4
15.583333333333329,73.58333333333331,2026-09-01T03:00:00Z,1.84,8.7,1.67,267.6
15.583333333333329,73.66666666666666,2026-09-01T03:00:00Z,1.76,8.7,1.61,265.8
15.583333333333329,80.25,2026-09-01T03:00:00Z,0.58,11.8,0.55,152.7
15.583333333333329,80.33333333333331,2026-09-01T03:00:00Z,0.7,11.8,0.67,154.5
15.583333333333329,80.41666666666663,2026-09-01T03:00:00Z,0.8,11.8,0.76,156.9
15.583333333333329,80.5,2026-09-01T03:00:00Z,0.86,11.8,0.78,159.1
15.583333333333329,80.58333333333331,2026-09-01T03:00:00Z,0.93,12.2,0.81,161.4
15.583333333333329,80.66666666666663,2026-09-01T03:00:00Z,0.98,13.1,0.81,160.7
15.583333333333329,80.75,2026-09-01T03:00:00Z,1.03,14.1,0.8,160.7
15.583333333333329,80.83333333333331,2026-09-01T03:00:00Z,1.1,14.7,0.78,158.8
15.583333333333329,80.91666666666663,2026-09-01T03:00:00Z,1.17,14.6,0.77,159.7
15.583333333333329,81.0,2026-09-01T03:00:00Z,1.22,14.5,0.73,160.2
15.666666666666657,73.0,2026-09-01T03:00:00Z,2.24,8.8,1.76,268.0
15.666666666666657,73.08333333333331,2026-09-01T03:00:00Z,2.19,8.8,1.81,268.2
15.666666666666657,73.16666666666666,2026-09-01T03:00:00Z,2.14,8.8,1.85,268.7
15.666666666666657,73.25,2026-09-01T03:00:00Z,2.09,8.8,1.85,268.7
15.666666666666657,73.33333333333331,2026-09-01T03:00:00Z,2.03,8.8,1.82,268.8
15.666666666666657,73.41666666666666,2026-09-01T03:00:00Z,1.96,8.8,1.78,268.3
15.666666666666657,73.5,2026-09-01T03:00:00Z,1.89,8.8,1.71,267.4
15.666666666666657,73.58333333333331,2026-09-01T03:00:00Z,1.81,8.7,1.64,265.7
15.666666666666657,73.66666666666666,2026-09-01T03:00:00Z,1.69,8.7,1.55,264.0
15.666666666666657,80.33333333333331,2026-09-01T03:00:00Z,0.63,11.9,0.59,153.8
15.666666666666657,80.41666666666663,2026-09-01T03:00:00Z,0.78,11.9,0.7,157.6
15.666666666666657,80.5,2026-09-01T03:00:00Z,0.84,11.9,0.74,159.5
15.666666666666657,80.58333333333331,2026-09-01T03:00:00Z,0.89,11.9,0.77,161.3
15.666666666666657,80.66666666666663,2026-09-01T03:00:00Z,0.9,11.7,0.66,159.0
15.666666666666657,80.75,2026-09-01T03:00:00Z,0.92,13.3,0.63,159.0
15.666666666666657,80.83333333333331,2026-09-01T03:00:00Z,1.0,15.2,0.67,158.8
15.666666666666657,80.91666666666663,2026-09-01T03:00:00Z,1.11,15.4,0.72,160.5
15.666666666666657,81.0,2026-09-01T03:00:00Z,1.19,14.6,0.79,162.3
15.75,73.0,2026-09-01T03:00:00Z,2.24,8.8,1.78,266.9
15.75,73.08333333333331,2026-09-01T03:00:00Z,2.19,8.8,1.83,267.5
15.75,73.16666666666666,2026-09-01T03:00:00Z,2.13,8.8,1.85,268.0
15.75,73.25,2026-09-01T03:00:00Z,2.07,8.8,1.83,268.0
15.75,73.33333333333331,2026-09-01T03:00:00Z,2.0,8.8,1.79,268.1
15.75,73.41666666666666,2026-09-01T03:00:00Z,1.93,8.8,1.73,267.4
15.75,73.5,2026-09-01T03:00:00Z,1.85,8.8,1.66,265.5
15.75,73.58333333333331,2026-09-01T03:00:00Z,1.75,8.8,1.58,263.0
15.75,73.66666666666666,2026-09-01T03:00:00Z,1.62,8.8,1.48,261.5
15.75,80.33333333333331,2026-09-01T03:00:00Z,0.51,9.6,0.45,153.9
15.75,80.41666666666663,2026-09-01T03:00:00Z,0.69,11.1,0.6,157.2
15.75,80.5,2026-09-01T03:00:00Z,0.79,12.0,0.67,158.1
15.75,80.58333333333331,2026-09-01T03:00:00Z,0.83,11.9,0.65,158.7
15.75,80.66666666666663,2026-09-01T03:00:00Z,0.82,11.8,0.56,164.1
15.75,80.75,2026-09-01T03:00:00Z,0.79,12.6,0.51,164.1
15.75,80.83333333333331,2026-09-01T03:00:00Z,0.77,13.1,0.51,169.5
15.833333333333329,73.0,2026-09-01T03:00:00Z,2.23,8.8,1.78,266.9
15.833333333333329,73.08333333333331,2026-09-01T03:00:00Z,2.17,8.8,1.83,267.5
15.833333333333329,73.16666666666666,2026-09-01T03:00:00Z,2.11,8.8,1.83,268.0
15.833333333333329,73.25,2026-09-01T03:00:00Z,2.04,8.8,1.8,268.0
15.833333333333329,73.33333333333331,2026-09-01T03:00:00Z,1.95,8.8,1.73,268.1
15.833333333333329,73.41666666666666,2026-09-01T03:00:00Z,1.84,9.2,1.62,267.4
15.833333333333329,73.5,2026-09-01T03:00:00Z,1.67,11.3,1.37,265.5
15.833333333333329,73.58333333333331,2026-09-01T03:00:00Z,1.55,11.6,1.27,263.0
15.833333333333329,80.66666666666663,2026-09-01T03:00:00Z,0.72,11.8,0.49,164.1
15.916666666666657,73.0,2026-09-01T03:00:00Z,2.21,8.8,1.79,264.4
15.916666666666657,73.08333333333331,2026-09-01T03:00:00Z,2.15,8.8,1.83,266.0
15.916666666666657,73.16666666666666,2026-09-01T03:00:00Z,2.08,8.8,1.81,267.0
15.916666666666657,73.25,2026-09-01T03:00:00Z,1.99,8.8,1.75,267.0
15.916666666666657,73.33333333333331,2026-09-01T03:00:00Z,1.88,8.8,1.66,267.3
15.916666666666657,73.41666666666666,2026-09-01T03:00:00Z,1.7,9.9,1.46,267.0
15.916666666666657,73.5,2026-09-01T03:00:00Z,1.37,15.0,0.92,259.8
16.0,73.0,2026-09-01T03:00:00Z,2.18,8.7,1.82,263.4
16.0,73.08333333333331,2026-09-01T03:00:00Z,2.12,8.7,1.84,264.3
16.0,73.16666666666666,2026-09-01T03:00:00Z,2.04,8.8,1.8,265.4
16.0,73.25,2026-09-01T03:00:00Z,1.93,8.8,1.71,265.4
16.0,73.33333333333331,2026-09-01T03:00:00Z,1.81,8.8,1.62,266.1
16.0,73.41666666666666,2026-09-01T03:00:00Z,1.66,8.8,1.51,266.2
16.0,73.5,2026-09-01T03:00:00Z,1.33,8.8,1.25,266.1
13.0,73.0,2026-09-01T06:00:00Z,2.09,9.1,1.6,281.6
13.0,73.08333333333331,2026-09-01T06:00:00Z,2.09,9.1,1.61,282.0
13.0,73.16666666666666,2026-09-01T06:00:00Z,2.09,10.5,1.61,282.0
13.0,73.25,2026-09-01T06:00:00Z,2.1,14.0,1.61,282.0
13.0,73.33333333333331,2026-09-01T06:00:00Z,2.1,16.8,1.62,282.1
13.0,73.41666666666666,2026-09-01T06:00:00Z,2.09,16.8,1.63,282.1
13.0,73.5,2026-09-01T06:00:00Z,2.09,16.9,1.65,281.8
13.0,73.58333333333331,2026-09-01T06:00:00Z,2.09,16.9,1.68,282.0
13.0,73.66666666666666,2026-09-01T06:00:00Z,2.08,16.9,1.7,282.3
13.0,73.75,2026-09-01T06:00:00Z,2.06,16.9,1.7,282.3
13.0,73.83333333333331,2026-09-01T06:00:00Z,2.05,16.9,1.69,282.0
13.0,73.91666666666666,2026-09-01T06:00:00Z,2.03,16.9,1.66,281.7
13.0,74.0,2026-09-01T06:00:00Z,2.01,16.9,1.64,281.6
13.0,74.08333333333331,2026-09-01T06:00:00Z,1.98,16.4,1.62,281.4
13.0,74.16666666666666,2026-09-01T06:00:00Z,1.94,11.4,1.59,281.3
13.0,74.25,2026-09-01T06:00:00Z,1.9,8.9,1.57,281.3
13.0,74.33333333333331,2026-09-01T06:00:00Z,1.85,8.9,1.55,281.2
13.0,74.41666666666666,2026-09-01T06:00:00Z,1.81,8.9,1.53,280.9
13.0,74.5,2026-09-01T06:00:00Z,1.77,8.9,1.52,280.2
13.0,74.58333333333331,2026-09-01T06:00:00Z,1.72,8.9,1.5,279.4
13.0,74.66666666666666,2026-09-01T06:00:00Z,1.67,8.9,1.47,278.4
13.0,74.75,2026-09-01T06:00:00Z,1.58,8.9,1.41,278.4
13.0,80.33333333333331,2026-09-01T06:00:00Z,0.85,14.3,0.5,143.8
13.0,80.41666666666663,2026-09-01T06:00:00Z,1.09,14.8,0.73,147.9
13.0,80.5,2026-09-01T06:00:00Z,1.19,15.2,0.96,148.0
13.0,80.58333333333331,2026-09-01T06:00:00Z,1.25,15.4,1.0,149.2
13.0,80.66666666666663,2026-09-01T06:00:00Z,1.29,15.5,1.02,150.0
13.0,80.75,2026-09-01T06:00:00Z,1.32,15.6,1.03,150.0
13.0,80.83333333333331,2026-09-01T06:00:00Z,1.34,15.7,1.04,150.7
13.0,80.91666666666663,2026-09-01T06:00:00Z,1.36,15.8,1.05,151.5
13.0,81.0,2026-09-01T06:00:00Z,1.38,15.9,1.06,152.6
13.083333333333329,73.0,2026-09-01T06:00:00Z,2.1,9.1,1.62,281.3
13.083333333333329,73.08333333333331,2026-09-01T06:00:00Z,2.1,9.1,1.62,281.5
13.083333333333329,73.16666666666666,2026-09-01T06:00:00Z,2.1,9.3,1.62,281.5
13.083333333333329,73.25,2026-09-01T06:00:00Z,2.11,9.9,1.63,281.5
13.083333333333329,73.33333333333331,2026-09-01T06:00:00Z,2.1,10.3,1.63,281.6
13.083333333333329,73.41666666666666,2026-09-01T06:00:00Z,2.1,10.3,1.64,281.7
13.083333333333329,73.5,2026-09-01T06:00:00Z,2.1,10.3,1.65,281.2
13.083333333333329,73.58333333333331,2026-09-01T06:00:00Z,2.09,10.2,1.68,281.5
13.083333333333329,73.66666666666666,2026-09-01T06:00:00Z,2.08,13.6,1.7,281.8
13.083333333333329,73.75,2026-09-01T06:00:00Z,2.07,16.1,1.71,281.8
13.083333333333329,73.83333333333331,2026-09-01T06:00:00Z,2.05,15.3,1.69,281.6
13.083333333333329,73.91666666666666,2026-09-01T06:00:00Z,2.02,11.9,1.67,281.4
13.083333333333329,74.0,2026-09-01T06:00:00Z,2.0,10.2,1.65,281.3
13.083333333333329,74.08333333333331,2026-09-01T06:00:00Z,1.97,10.2,1.63,281.1
13.083333333333329,74.16666666666666,2026-09-01T06:00:00Z,1.93,9.3,1.6,280.9
13.083333333333329,74.25,2026-09-01T06:00:00Z,1.88,8.9,1.57,280.9
13.083333333333329,74.33333333333331,2026-09-01T06:00:00Z,1.84,8.9,1.55,280.7
13.083333333333329,74.41666666666666,2026-09-01T06:00:00Z,1.8,8.9,1.54,280.4
13.083333333333329,74.5,2026-09-01T06:00:00Z,1.77,8.9,1.53,280.0
13.083333333333329,74.58333333333331,2026-09-01T06:00:00Z,1.73,8.9,1.51,279.2
13.083333333333329,74.66666666666666,2026-09-01T06:00:00Z,1.68,8.9,1.48,277.7
13.083333333333329,74.75,2026-09-01T06:00:00Z,1.63,8.9,1.45,277.7
13.083333333333329,80.33333333333331,2026-09-01T06:00:00Z,0.8,15.5,0.64,142.1
13.083333333333329,80.41666666666663,2026-09-01T06:00:00Z,1.11,15.4,0.9,145.6
13.083333333333329,80.5,2026-09-01T06:00:00Z,1.18,15.2,0.96,148.6
13.083333333333329,80.58333333333331,2026-09-01T06:00:00Z,1.24,15.3,0.99,149.6
13.083333333333329,80.66666666666663,2026-09-01T06:00:00Z,1.28,15.5,1.01,150.4
13.083333333333329,80.75,2026-09-01T06:00:00Z,1.31,15.7,1.02,150.4
13.083333333333329,80.83333333333331,2026-09-01T06:00:00Z,1.33,15.8,1.03,151.1
13.083333333333329,80.91666666666663,2026-09-01T06:00:00Z,1.35,15.9,1.04,151.9
13.083333333333329,81.0,2026-09-01T06:00:00Z,1.37,16.1,1.05,153.0
13.166666666666657,73.0,2026-09-01T06:00:00Z,2.11,9.1,1.63,280.5
13.166666666666657,73.08333333333331,2026-09-01T06:00:00Z,2.11,9.1,1.64,281.0
13.166666666666657,73.16666666666666,2026-09-01T06:00:00Z,2.12,9.0,1.64,280.9
13.166666666666657,73.25,2026-09-01T06:00:00Z,2.12,9.0,1.64,280.9
13.166666666666657,73.33333333333331,2026-09-01T06:00:00Z,2.11,9.0,1.64,280.9
13.166666666666657,73.41666666666666,2026-09-01T06:00:00Z,2.11,9.0,1.66,280.9
13.166666666666657,73.5,2026-09-01T06:00:00Z,2.1,9.0,1.67,280.9
13.166666666666657,73.58333333333331,2026-09-01T06:00:00Z,2.1,8.9,1.69,281.0
13.166666666666657,73.66666666666666,2026-09-01T06:00:00Z,2.08,10.2,1.71,281.2
13.166666666666657,73.75,2026-09-01T06:00:00Z,2.06,11.2,1.71,281.2
13.166666666666657,73.83333333333331,2026-09-01T06:00:00Z,2.04,10.9,1.7,281.2
13.166666666666657,73.91666666666666,2026-09-01T06:00:00Z,2.01,9.5,1.68,281.1
13.166666666666657,74.0,2026-09-01T06:00:00Z,1.99,8.9,1.66,281.0
13.166666666666657,74.08333333333331,2026-09-01T06:00:00Z,1.95,8.9,1.63,280.8
13.166666666666657,74.16666666666666,2026-09-01T06:00:00Z,1.91,8.9,1.6,280.6
13.166666666666657,74.25,2026-09-01T06:00:00Z,1.87,8.9,1.57,280.6
13.166666666666657,74.33333333333331,2026-09-01T06:00:00Z,1.83,8.8,1.55,280.2
13.166666666666657,74.41666666666666,2026-09-01T06:00:00Z,1.79,8.8,1.54,280.0
13.166666666666657,74.5,2026-09-01T06:00:00Z,1.76,8.8,1.53,279.7
13.166666666666657,74.58333333333331,2026-09-01T06:00:00Z,1.73,8.8,1.51,279.1
13.166666666666657,74.66666666666666,2026-09-01T06:00:00Z,1.66,8.8,1.47,277.5
13.166666666666657,74.75,2026-09-01T06:00:00Z,1.6,8.9,1.42,277.5
13.166666666666657,80.33333333333331,2026-09-01T06:00:00Z,0.71,15.6,0.56,141.8
13.166666666666657,80.41666666666663,2026-09-01T06:00:00Z,1.09,16.0,0.91,145.9
13.166666666666657,80.5,2026-09-01T06:00:00Z,1.16,15.7,0.95,149.0
13.166666666666657,80.58333333333331,2026-09-01T06:00:00Z,1.22,15.3,0.98,150.0
13.166666666666657,80.66666666666663,2026-09-01T06:00:00Z,1.27,15.5,1.0,150.8
13.166666666666657,80.75,2026-09-01T06:00:00Z,1.3,15.7,1.01,150.8
13.166666666666657,80.83333333333331,2026-09-01T06:00:00Z,1.32,15.9,1.02,151.4
13.166666666666657,80.91666666666663,2026-09-01T06:00:00Z,1.35,16.1,1.03,152.3
13.166666666666657,81.0,2026-09-01T06:00:00Z,1.37,16.4,1.04,153.4
13.25,73.0,2026-09-01T06:00:00Z,2.12,9.1,1.64,280.1
13.25,73.08333333333331,2026-09-01T06:00:00Z,2.12,9.1,1.65,280.3
13.25,73.16666666666666,2026-09-01T06:00:00Z,2.13,9.1,1.65,280.5
13.25,73.25,2026-09-01T06:00:00Z,2.13,9.0,1.65,280.5
13.25,73.33333333333331,2026-09-01T06:00:00Z,2.12,9.0,1.65,280.4
13.25,73.41666666666666,2026-09-01T06:00:00Z,2.12,9.0,1.66,280.3
13.25,73.5,2026-09-01T06:00:00Z,2.11,9.0,1.68,280.4
13.25,73.58333333333331,2026-09-01T06:00:00Z,2.1,8.9,1.69,280.4
13.25,73.66666666666666,2026-09-01T06:00:00Z,2.08,8.9,1.71,280.5
13.25,73.75,2026-09-01T06:00:00Z,2.06,8.9,1.71,280.5
13.25,73.83333333333331,2026-09-01T06:00:00Z,2.03,8.9,1.71,280.7
13.25,73.91666666666666,2026-09-01T06:00:00Z,2.0,8.9,1.69,280.7
13.25,74.0,2026-09-01T06:00:00Z,1.98,8.9,1.67,280.7
13.25,74.08333333333331,2026-09-01T06:00:00Z,1.94,8.9,1.64,280.7
13.25,74.16666666666666,2026-09-01T06:00:00Z,1.9,8.9,1.6,280.8
13.25,74.25,2026-09-01T06:00:00Z,1.85,8.8,1.57,280.8
13.25,74.33333333333331,2026-09-01T06:00:00Z,1.81,8.8,1.54,280.8
13.25,74.41666666666666,2026-09-01T06:00:00Z,1.77,8.8,1.52,280.6
13.25,74.5,2026-09-01T06:00:00Z,1.74,8.8,1.51,280.3
13.25,74.58333333333331,2026-09-01T06:00:00Z,1.7,8.8,1.48,279.3
13.25,74.66666666666666,2026-09-01T06:00:00Z,1.63,8.8,1.42,277.4
13.25,80.33333333333331,2026-09-01T06:00:00Z,0.7,14.8,0.52,143.1
13.25,80.41666666666663,2026-09-01T06:00:00Z,1.01,15.9,0.83,145.6
13.25,80.5,2026-09-01T06:00:00Z,1.15,16.1,0.94,148.8
13.25,80.58333333333331,2026-09-01T06:00:00Z,1.2,15.6,0.96,150.3
13.25,80.66666666666663,2026-09-01T06:00:00Z,1.25,15.5,0.99,151.2
13.25,80.75,2026-09-01T06:00:00Z,1.29,15.8,1.0,151.2
13.25,80.83333333333331,2026-09-01T06:00:00Z,1.32,16.0,1.02,151.9
13.25,80.91666666666663,2026-09-01T06:00:00Z,1.34,16.3,1.02,152.8
13.25,81.0,2026-09-01T06:00:00Z,1.36,16.6,1.03,153.6
13.333333333333329,73.0,2026-09-01T06:00:00Z,2.13,9.1,1.65,280.1
13.333333333333329,73.08333333333331,2026-09-01T06:00:00Z,2.13,9.1,1.66,280.3
13.333333333333329,73.16666666666666,2026-09-01T06:00:00Z,2.13,9.1,1.66,280.5
13.333333333333329,73.25,2026-09-01T06:00:00Z,2.13,9.0,1.66,280.5
13.333333333333329,73.33333333333331,2026-09-01T06:00:00Z,2.13,9.0,1.66,280.4
13.333333333333329,73.41666666666666,2026-09-01T06:00:00Z,2.12,9.0,1.66,280.3
13.333333333333329,73.5,2026-09-01T06:00:00Z,2.11,9.0,1.68,280.4
13.333333333333329,73.58333333333331,2026-09-01T06:00:00Z,2.1,9.0,1.69,280.4
13.333333333333329,73.66666666666666,2026-09-01T06:00:00Z,2.08,8.9,1.71,280.5
13.333333333333329,73.75,2026-09-01T06:00:00Z,2.06,8.9,1.72,280.5
13.333333333333329,73.83333333333331,2026-09-01T06:00:00Z,2.03,8.9,1.72,280.7
13.333333333333329,73.91666666666666,2026-09-01T06:00:00Z,2.0,8.9,1.7,280.7
13.333333333333329,74.0,2026-09-01T06:00:00Z,1.97,8.9,1.67,280.7
13.333333333333329,74.08333333333331,2026-09-01T06:00:00Z,1.94,8.9,1.64,280.7
13.333333333333329,74.16666666666666,2026-09-01T06:00:00Z,1.89,8.9,1.6,280.8
13.333333333333329,74.25,2026-09-01T06:00:00Z,1.84,8.8,1.56,280.8
13.333333333333329,74.33333333333331,2026-09-01T06:00:00Z,1.79,8.8,1.53,280.8
13.333333333333329,74.41666666666666,2026-09-01T06:00:00Z,1.75,8.8,1.51,280.6
13.333333333333329,74.5,2026-09-01T06:00:00Z,1.72,8.8,1.49,280.3
13.333333333333329,74.58333333333331,2026-09-01T06:00:00Z,1.66,8.8,1.45,279.3
13.333333333333329,74.66666666666666,2026-09-01T06:00:00Z,1.55,8.8,1.36,277.4
13.333333333333329,80.41666666666663,2026-09-01T06:00:00Z,0.93,15.7,0.72,145.6
13.333333333333329,80.5,2026-09-01T06:00:00Z,1.12,16.3,0.91,148.8
13.333333333333329,80.58333333333331,2026-09-01T06:00:00Z,1.18,14.9,0.88,150.3
13.333333333333329,80.66666666666663,2026-09-01T06:00:00Z,1.23,15.3,0.95,151.2
13.333333333333329,80.75,2026-09-01T06:00:00Z,1.27,15.8,1.0,151.2
13.333333333333329,80.83333333333331,2026-09-01T06:00:00Z,1.31,16.1,1.01,151.9
13.333333333333329,80.91666666666663,2026-09-01T06:00:00Z,1.33,16.5,1.02,152.8
13.333333333333329,81.0,2026-09-01T06:00:00Z,1.36,16.9,1.02,153.6
13.416666666666657,73.0,2026-09-01T06:00:00Z,2.14,9.1,1.67,279.7
13.416666666666657,73.08333333333331,2026-09-01T06:00:00Z,2.14,9.1,1.67,280.0
13.416666666666657,73.16666666666666,2026-09-01T06:00:00Z,2.14,9.1,1.67,279.8
13.416666666666657,73.25,2026-09-01T06:00:00Z,2.14,9.0,1.66,279.8
13.416666666666657,73.33333333333331,2026-09-01T06:00:00Z,2.14,9.0,1.66,279.5
13.416666666666657,73.41666666666666,2026-09-01T06:00:00Z,2.13,9.0,1.66,279.3
13.416666666666657,73.5,2026-09-01T06:00:00Z,2.11,9.0,1.68,279.6
13.416666666666657,73.58333333333331,2026-09-01T06:00:00Z,2.1,9.0,1.68,279.7
13.416666666666657,73.66666666666666,2026-09-01T06:00:00Z,2.09,8.9,1.7,279.6
13.416666666666657,73.75,2026-09-01T06:00:00Z,2.06,8.9,1.72,279.6
13.416666666666657,73.83333333333331,2026-09-01T06:00:00Z,2.03,8.9,1.72,280.0
13.416666666666657,73.91666666666666,2026-09-01T06:00:00Z,2.0,8.9,1.7,280.3
13.416666666666657,74.0,2026-09-01T06:00:00Z,1.97,8.9,1.68,280.5
13.416666666666657,74.08333333333331,2026-09-01T06:00:00Z,1.93,8.9,1.65,280.6
13.416666666666657,74.16666666666666,2026-09-01T06:00:00Z,1.89,8.9,1.61,280.5
13.416666666666657,74.25,2026-09-01T06:00:00Z,1.83,8.9,1.57,280.5
13.416666666666657,74.33333333333331,2026-09-01T06:00:00Z,1.78,8.8,1.54,280.4
13.416666666666657,74.41666666666666,2026-09-01T06:00:00Z,1.74,8.8,1.51,280.1
13.416666666666657,74.5,2026-09-01T06:00:00Z,1.7,8.8,1.49,279.8
13.416666666666657,74.58333333333331,2026-09-01T06:00:00Z,1.66,8.8,1.41,278.7
13.416666666666657,80.41666666666663,2026-09-01T06:00:00Z,0.9,15.7,0.62,145.4
13.416666666666657,80.5,2026-09-01T06:00:00Z,1.07,15.7,0.85,149.2
13.416666666666657,80.58333333333331,2026-09-01T06:00:00Z,1.14,13.1,0.74,150.4
13.416666666666657,80.66666666666663,2026-09-01T06:00:00Z,1.21,14.5,0.89,151.6
13.416666666666657,80.75,2026-09-01T06:00:00Z,1.26,15.8,0.99,151.6
13.416666666666657,80.83333333333331,2026-09-01T06:00:00Z,1.3,16.2,1.0,152.3
13.416666666666657,80.91666666666663,2026-09-01T06:00:00Z,1.33,16.7,1.01,153.2
13.416666666666657,81.0,2026-09-01T06:00:00Z,1.35,17.1,1.01,153.6
13.5,73.0,2026-09-01T06:00:00Z,2.15,9.1,1.68,279.8
13.5,73.08333333333331,2026-09-01T06:00:00Z,2.15,9.1,1.68,279.5
13.5,73.16666666666666,2026-09-01T06:00:00Z,2.15,9.1,1.67,279.4
13.5,73.25,2026-09-01T06:00:00Z,2.15,9.1,1.67,279.4
13.5,73.33333333333331,2026-09-01T06:00:00Z,2.14,9.0,1.67,278.8
13.5,73.41666666666666,2026-09-01T06:00:00Z,2.13,9.0,1.67,278.7
13.5,73.5,2026-09-01T06:00:00Z,2.12,9.0,1.68,278.5
13.5,73.58333333333331,2026-09-01T06:00:00Z,2.11,9.0,1.68,278.4
13.5,73.66666666666666,2026-09-01T06:00:00Z,2.09,8.9,1.72,279.1
13.5,73.75,2026-09-01T06:00:00Z,2.06,8.9,1.74,279.1
13.5,73.83333333333331,2026-09-01T06:00:00Z,2.03,8.9,1.73,279.6
13.5,73.91666666666666,2026-09-01T06:00:00Z,2.0,8.9,1.71,280.1
13.5,74.0,2026-09-01T06:00:00Z,1.96,8.9,1.67,280.4
13.5,74.08333333333331,2026-09-01T06:00:00Z,1.92,8.9,1.64,280.2
13.5,74.16666666666666,2026-09-01T06:00:00Z,1.88,8.9,1.61,279.6
13.5,74.25,2026-09-01T06:00:00Z,1.84,8.9,1.58,279.6
13.5,74.33333333333331,2026-09-01T06:00:00Z,1.8,8.9,1.56,279.1
13.5,74.41666666666666,2026-09-01T06:00:00Z,1.76,8.9,1.54,278.6
13.5,74.5,2026-09-01T06:00:00Z,1.72,8.9,1.51,277.9
13.5,74.58333333333331,2026-09-01T06:00:00Z,1.68,8.9,1.28,268.0
13.5,80.41666666666663,2026-09-01T06:00:00Z,0.88,14.2,0.59,144.0
13.5,80.5,2026-09-01T06:00:00Z,1.04,13.9,0.82,149.1
13.5,80.58333333333331,2026-09-01T06:00:00Z,1.11,12.5,0.77,151.4
13.5,80.66666666666663,2026-09-01T06:00:00Z,1.2,14.3,0.9,152.0
13.5,80.75,2026-09-01T06:00:00Z,1.25,15.7,0.98,152.0
13.5,80.83333333333331,2026-09-01T06:00:00Z,1.29,16.2,0.99,152.7
13.5,80.91666666666663,2026-09-01T06:00:00Z,1.32,16.8,1.0,153.6
13.5,81.0,2026-09-01T06:00:00Z,1.35,17.2,1.0,154.0
13.583333333333329,73.0,2026-09-01T06:00:00Z,2.16,9.1,1.69,279.2
13.583333333333329,73.08333333333331,2026-09-01T06:00:00Z,2.16,9.1,1.69,278.9
13.583333333333329,73.16666666666666,2026-09-01T06:00:00Z,2.16,9.1,1.68,278.3
13.583333333333329,73.25,2026-09-01T06:00:00Z,2.16,9.0,1.68,278.3
13.583333333333329,73.33333333333331,2026-09-01T06:00:00Z,2.15,9.0,1.68,277.9
13.583333333333329,73.41666666666666,2026-09-01T06:00:00Z,2.14,9.0,1.67,277.9
13.583333333333329,73.5,2026-09-01T06:00:00Z,2.13,9.0,1.68,277.9
13.583333333333329,73.58333333333331,2026-09-01T06:00:00Z,2.11,9.0,1.71,278.1
13.583333333333329,73.66666666666666,2026-09-01T06:00:00Z,2.08,8.9,1.73,278.6
13.583333333333329,73.75,2026-09-01T06:00:00Z,2.05,8.9,1.74,278.6
13.583333333333329,73.83333333333331,2026-09-01T06:00:00Z,2.02,8.9,1.73,279.2
13.583333333333329,73.91666666666666,2026-09-01T06:00:00Z,1.99,8.9,1.7,279.6
13.583333333333329,74.0,2026-09-01T06:00:00Z,1.95,8.9,1.67,279.6
13.583333333333329,74.08333333333331,2026-09-01T06:00:00Z,1.92,8.9,1.64,279.1
13.583333333333329,74.16666666666666,2026-09-01T06:00:00Z,1.88,8.9,1.62,278.5
13.583333333333329,74.25,2026-09-01T06:00:00Z,1.84,8.9,1.59,278.5
13.583333333333329,74.33333333333331,2026-09-01T06:00:00Z,1.81,8.9,1.54,278.0
13.583333333333329,74.41666666666666,2026-09-01T06:00:00Z,1.78,8.9,1.41,272.9
13.583333333333329,74.5,2026-09-01T06:00:00Z,1.74,8.9,1.22,263.4
13.583333333333329,74.58333333333331,2026-09-01T06:00:00Z,1.68,8.9,1.16,263.1
13.583333333333329,80.41666666666663,2026-09-01T06:00:00Z,0.85,13.9,0.55,144.8
13.583333333333329,80.5,2026-09-01T06:00:00Z,1.01,13.2,0.68,149.4
13.583333333333329,80.58333333333331,2026-09-01T06:00:00Z,1.1,13.7,0.8,151.9
13.583333333333329,80.66666666666663,2026-09-01T06:00:00Z,1.18,14.8,0.91,152.5
13.583333333333329,80.75,2026-09-01T06:00:00Z,1.24,15.6,0.96,152.5
13.583333333333329,80.83333333333331,2026-09-01T06:00:00Z,1.28,16.1,0.98,153.2
13.583333333333329,80.91666666666663,2026-09-01T06:00:00Z,1.31,16.8,0.99,154.1
13.583333333333329,81.0,2026-09-01T06:00:00Z,1.35,17.3,0.99,154.5
13.666666666666657,73.0,2026-09-01T06:00:00Z,2.17,9.1,1.68,278.5
13.666666666666657,73.08333333333331,2026-09-01T06:00:00Z,2.18,9.0,1.7,278.2
13.666666666666657,73.16666666666666,2026-09-01T06:00:00Z,2.18,9.0,1.7,277.5
13.666666666666657,73.25,2026-09-01T06:00:00Z,2.17,9.0,1.7,277.5
13.666666666666657,73.33333333333331,2026-09-01T06:00:00Z,2.16,9.0,1.69,277.0
13.666666666666657,73.41666666666666,2026-09-01T06:00:00Z,2.15,9.0,1.68,276.7
13.666666666666657,73.5,2026-09-01T06:00:00Z,2.14,9.0,1.68,276.7
13.666666666666657,73.58333333333331,2026-09-01T06:00:00Z,2.11,9.0,1.72,277.2
13.666666666666657,73.66666666666666,2026-09-01T06:00:00Z,2.09,8.9,1.75,278.0
13.666666666666657,73.75,2026-09-01T06:00:00Z,2.05,8.9,1.76,278.0
13.666666666666657,73.83333333333331,2026-09-01T06:00:00Z,2.02,8.9,1.73,278.3
13.666666666666657,73.91666666666666,2026-09-01T06:00:00Z,1.97,8.9,1.69,278.6
13.666666666666657,74.0,2026-09-01T06:00:00Z,1.94,8.9,1.66,277.8
13.666666666666657,74.08333333333331,2026-09-01T06:00:00Z,1.91,8.9,1.41,262.4
13.666666666666657,74.16666666666666,2026-09-01T06:00:00Z,1.88,8.9,1.35,262.8
13.666666666666657,74.25,2026-09-01T06:00:00Z,1.85,8.9,1.34,262.8
13.666666666666657,74.33333333333331,2026-09-01T06:00:00Z,1.82,8.9,1.32,262.7
13.666666666666657,74.41666666666666,2026-09-01T06:00:00Z,1.78,8.9,1.26,262.7
13.666666666666657,74.5,2026-09-01T06:00:00Z,1.75,8.9,1.17,262.7
13.666666666666657,74.58333333333331,2026-09-01T06:00:00Z,1.67,8.9,1.14,262.5
13.666666666666657,74.66666666666666,2026-09-01T06:00:00Z,1.31,7.8,0.93,269.3
13.666666666666657,80.33333333333331,2026-09-01T06:00:00Z,0.57,13.5,0.38,141.9
13.666666666666657,80.41666666666663,2026-09-01T06:00:00Z,0.78,13.6,0.56,144.5
13.666666666666657,80.5,2026-09-01T06:00:00Z,0.98,12.6,0.71,149.8
13.666666666666657,80.58333333333331,2026-09-01T06:00:00Z,1.08,13.7,0.82,152.4
13.666666666666657,80.66666666666663,2026-09-01T06:00:00Z,1.16,14.7,0.91,153.3
13.666666666666657,80.75,2026-09-01T06:00:00Z,1.22,15.4,0.95,153.3
13.666666666666657,80.83333333333331,2026-09-01T06:00:00Z,1.27,16.0,0.97,153.7
13.666666666666657,80.91666666666663,2026-09-01T06:00:00Z,1.31,16.7,0.98,154.5
13.666666666666657,81.0,2026-09-01T06:00:00Z,1.35,17.3,0.99,155.5
13.75,73.0,2026-09-01T06:00:00Z,2.18,9.1,1.68,277.9
13.75,73.08333333333331,2026-09-01T06:00:00Z,2.19,9.0,1.71,277.8
13.75,73.16666666666666,2026-09-01T06:00:00Z,2.19,9.0,1.71,277.7
13.75,73.25,2026-09-01T06:00:00Z,2.19,9.0,1.71,277.7
13.75,73.33333333333331,2026-09-01T06:00:00Z,2.18,9.0,1.7,276.8
13.75,73.41666666666666,2026-09-01T06:00:00Z,2.16,9.0,1.69,276.0
13.75,73.5,2026-09-01T06:00:00Z,2.14,9.0,1.69,276.0
13.75,73.58333333333331,2026-09-01T06:00:00Z,2.12,9.0,1.73,276.8
13.75,73.66666666666666,2026-09-01T06:00:00Z,2.09,8.9,1.76,277.5
13.75,73.75,2026-09-01T06:00:00Z,2.06,8.9,1.77,277.5
13.75,73.83333333333331,2026-09-01T06:00:00Z,2.01,8.9,1.74,277.6
13.75,73.91666666666666,2026-09-01T06:00:00Z,1.96,8.9,1.67,277.7
13.75,74.0,2026-09-01T06:00:00Z,1.92,8.8,1.52,267.5
13.75,74.08333333333331,2026-09-01T06:00:00Z,1.89,8.9,1.28,261.7
13.75,74.16666666666666,2026-09-01T06:00:00Z,1.88,8.9,1.23,261.9
13.75,74.25,2026-09-01T06:00:00Z,1.86,8.9,1.23,261.9
13.75,74.33333333333331,2026-09-01T06:00:00Z,1.83,8.9,1.22,261.7
13.75,74.41666666666666,2026-09-01T06:00:00Z,1.79,8.9,1.21,261.7
13.75,74.5,2026-09-01T06:00:00Z,1.75,8.8,1.19,261.9
13.75,74.58333333333331,2026-09-01T06:00:00Z,1.65,8.9,1.2,266.4
13.75,74.66666666666666,2026-09-01T06:00:00Z,1.35,8.1,1.09,271.8
13.75,80.33333333333331,2026-09-01T06:00:00Z,0.53,12.7,0.4,142.7
13.75,80.41666666666663,2026-09-01T06:00:00Z,0.74,12.9,0.59,145.2
13.75,80.5,2026-09-01T06:00:00Z,0.95,12.5,0.76,149.9
13.75,80.58333333333331,2026-09-01T06:00:00Z,1.06,13.5,0.85,153.0
13.75,80.66666666666663,2026-09-01T06:00:00Z,1.15,14.4,0.91,154.0
13.75,80.75,2026-09-01T06:00:00Z,1.21,15.1,0.94,154.0
13.75,80.83333333333331,2026-09-01T06:00:00Z,1.26,15.8,0.96,154.4
13.75,80.91666666666663,2026-09-01T06:00:00Z,1.31,16.6,0.97,155.0
13.75,81.0,2026-09-01T06:00:00Z,1.35,17.3,0.97,155.1
13.833333333333329,73.0,2026-09-01T06:00:00Z,2.19,9.0,1.7,277.9
13.833333333333329,73.08333333333331,2026-09-01T06:00:00Z,2.2,9.0,1.72,277.8
13.833333333333329,73.16666666666666,2026-09-01T06:00:00Z,2.2,9.0,1.72,277.7
13.833333333333329,73.25,2026-09-01T06:00:00Z,2.2,9.0,1.72,277.7
13.833333333333329,73.33333333333331,2026-09-01T06:00:00Z,2.19,9.0,1.71,276.8
13.833333333333329,73.41666666666666,2026-09-01T06:00:00Z,2.17,9.0,1.7,276.0
13.833333333333329,73.5,2026-09-01T06:00:00Z,2.14,9.0,1.7,276.0
13.833333333333329,73.58333333333331,2026-09-01T06:00:00Z,2.11,8.9,1.74,276.8
13.833333333333329,73.66666666666666,2026-09-01T06:00:00Z,2.09,8.9,1.77,277.5
13.833333333333329,73.75,2026-09-01T06:00:00Z,2.05,8.9,1.72,277.5
13.833333333333329,73.83333333333331,2026-09-01T06:00:00Z,2.01,8.9,1.62,277.6
13.833333333333329,73.91666666666666,2026-09-01T06:00:00Z,1.96,8.9,1.52,277.7
13.833333333333329,74.0,2026-09-01T06:00:00Z,1.91,8.8,1.35,267.5
13.833333333333329,74.08333333333331,2026-09-01T06:00:00Z,1.88,8.8,1.25,261.7
13.833333333333329,74.16666666666666,2026-09-01T06:00:00Z,1.87,8.9,1.24,261.9
13.833333333333329,74.25,2026-09-01T06:00:00Z,1.86,8.9,1.24,261.9
13.833333333333329,74.33333333333331,2026-09-01T06:00:00Z,1.83,8.8,1.23,261.7
13.833333333333329,74.41666666666666,2026-09-01T06:00:00Z,1.79,8.8,1.22,261.7
13.833333333333329,74.5,2026-09-01T06:00:00Z,1.75,8.8,1.2,261.9
13.833333333333329,74.58333333333331,2026-09-01T06:00:00Z,1.67,8.8,1.24,266.4
13.833333333333329,80.25,2026-09-01T06:00:00Z,0.35,10.8,0.3,144.9
13.833333333333329,80.33333333333331,2026-09-01T06:00:00Z,0.53,11.5,0.45,142.7
13.833333333333329,80.41666666666663,2026-09-01T06:00:00Z,0.74,12.0,0.64,145.2
13.833333333333329,80.5,2026-09-01T06:00:00Z,0.92,12.6,0.78,149.9
13.833333333333329,80.58333333333331,2026-09-01T06:00:00Z,1.04,13.4,0.87,153.0
13.833333333333329,80.66666666666663,2026-09-01T06:00:00Z,1.13,14.2,0.91,154.0
13.833333333333329,80.75,2026-09-01T06:00:00Z,1.2,14.8,0.94,154.0
13.833333333333329,80.83333333333331,2026-09-01T06:00:00Z,1.25,15.5,0.95,154.4
13.833333333333329,80.91666666666663,2026-09-01T06:00:00Z,1.3,16.5,0.96,155.0
13.833333333333329,81.0,2026-09-01T06:00:00Z,1.35,17.2,0.94,155.1
13.916666666666657,73.0,2026-09-01T06:00:00Z,2.2,9.0,1.72,277.8
13.916666666666657,73.08333333333331,2026-09-01T06:00:00Z,2.2,9.0,1.73,277.8
13.916666666666657,73.16666666666666,2026-09-01T06:00:00Z,2.21,8.9,1.73,277.6
13.916666666666657,73.25,2026-09-01T06:00:00Z,2.2,8.9,1.73,277.6
13.916666666666657,73.33333333333331,2026-09-01T06:00:00Z,2.19,8.9,1.72,276.7
13.916666666666657,73.41666666666666,2026-09-01T06:00:00Z,2.17,9.0,1.71,275.7
13.916666666666657,73.5,2026-09-01T06:00:00Z,2.14,9.0,1.71,275.3
13.916666666666657,73.58333333333331,2026-09-01T06:00:00Z,2.11,8.9,1.72,276.0
13.916666666666657,73.66666666666666,2026-09-01T06:00:00Z,2.08,8.9,1.71,277.1
13.916666666666657,73.75,2026-09-01T06:00:00Z,2.05,8.9,1.57,277.1
13.916666666666657,73.83333333333331,2026-09-01T06:00:00Z,2.0,8.9,1.38,266.1
13.916666666666657,73.91666666666666,2026-09-01T06:00:00Z,1.96,8.9,1.27,261.0
13.916666666666657,74.0,2026-09-01T06:00:00Z,1.91,8.8,1.25,261.1
13.916666666666657,74.08333333333331,2026-09-01T06:00:00Z,1.88,8.8,1.24,261.3
13.916666666666657,74.16666666666666,2026-09-01T06:00:00Z,1.86,8.8,1.24,261.5
13.916666666666657,74.25,2026-09-01T06:00:00Z,1.84,8.8,1.23,261.5
13.916666666666657,74.33333333333331,2026-09-01T06:00:00Z,1.81,8.8,1.22,261.6
13.916666666666657,74.41666666666666,2026-09-01T06:00:00Z,1.78,8.8,1.21,261.7
13.916666666666657,74.5,2026-09-01T06:00:00Z,1.73,8.8,1.2,261.6
13.916666666666657,80.33333333333331,2026-09-01T06:00:00Z,0.54,10.5,0.48,141.1
13.916666666666657,80.41666666666663,2026-09-01T06:00:00Z,0.74,11.1,0.67,147.7
13.916666666666657,80.5,2026-09-01T06:00:00Z,0.91,12.3,0.78,151.3
13.916666666666657,80.58333333333331,2026-09-01T06:00:00Z,1.03,13.2,0.86,153.5
13.916666666666657,80.66666666666663,2026-09-01T06:00:00Z,1.12,14.0,0.91,154.4
13.916666666666657,80.75,2026-09-01T06:00:00Z,1.19,14.6,0.93,154.4
13.916666666666657,80.83333333333331,2026-09-01T06:00:00Z,1.25,15.3,0.95,154.8
13.916666666666657,80.91666666666663,2026-09-01T06:00:00Z,1.3,16.2,0.95,155.5
13.916666666666657,81.0,2026-09-01T06:00:00Z,1.35,17.1,0.93,155.5
14.0,73.0,2026-09-01T06:00:00Z,2.2,9.0,1.72,277.4
14.0,73.08333333333331,2026-09-01T06:00:00Z,2.2,9.0,1.73,277.5
14.0,73.16666666666666,2026-09-01T06:00:00Z,2.21,8.9,1.73,277.2
14.0,73.25,2026-09-01T06:00:00Z,2.2,8.9,1.73,277.2
14.0,73.33333333333331,2026-09-01T06:00:00Z,2.19,8.9,1.73,276.5
14.0,73.41666666666666,2026-09-01T06:00:00Z,2.16,8.9,1.72,275.7
14.0,73.5,2026-09-01T06:00:00Z,2.13,8.9,1.72,275.4
14.0,73.58333333333331,2026-09-01T06:00:00Z,2.09,8.9,1.63,270.2
14.0,73.66666666666666,2026-09-01T06:00:00Z,2.06,8.9,1.42,259.8
14.0,73.75,2026-09-01T06:00:00Z,2.03,8.9,1.32,259.8
14.0,73.83333333333331,2026-09-01T06:00:00Z,1.99,8.9,1.3,260.3
14.0,73.91666666666666,2026-09-01T06:00:00Z,1.95,8.9,1.28,260.6
14.0,74.0,2026-09-01T06:00:00Z,1.9,8.9,1.25,260.9
14.0,74.08333333333331,2026-09-01T06:00:00Z,1.87,8.8,1.24,261.1
14.0,74.16666666666666,2026-09-01T06:00:00Z,1.85,8.8,1.24,261.4
14.0,74.25,2026-09-01T06:00:00Z,1.82,8.8,1.22,261.4
14.0,74.33333333333331,2026-09-01T06:00:00Z,1.78,8.7,1.2,261.3
14.0,80.33333333333331,2026-09-01T06:00:00Z,0.61,10.6,0.51,145.1
14.0,80.41666666666663,2026-09-01T06:00:00Z,0.75,10.9,0.6,147.3
14.0,80.5,2026-09-01T06:00:00Z,0.91,11.7,0.75,150.8
14.0,80.58333333333331,2026-09-01T06:00:00Z,1.03,13.1,0.84,153.7
14.0,80.66666666666663,2026-09-01T06:00:00Z,1.12,13.9,0.9,154.7
14.0,80.75,2026-09-01T06:00:00Z,1.19,14.4,0.92,154.7
14.0,80.83333333333331,2026-09-01T06:00:00Z,1.25,15.0,0.94,155.6
14.0,80.91666666666663,2026-09-01T06:00:00Z,1.3,15.8,0.94,155.7
14.0,81.0,2026-09-01T06:00:00Z,1.35,17.1,0.9,155.5
14.083333333333329,73.0,2026-09-01T06:00:00Z,2.19,9.0,1.73,276.8
14.083333333333329,73.08333333333331,2026-09-01T06:00:00Z,2.2,8.9,1.74,276.9
14.083333333333329,73.16666666666666,2026-09-01T06:00:00Z,2.21,8.9,1.74,276.5
14.083333333333329,73.25,2026-09-01T06:00:00Z,2.2,8.9,1.73,276.5
14.083333333333329,73.33333333333331,2026-09-01T06:00:00Z,2.18,8.9,1.72,276.3
14.083333333333329,73.41666666666666,2026-09-01T06:00:00Z,2.15,8.9,1.67,275.8
14.083333333333329,73.5,2026-09-01T06:00:00Z,2.11,8.9,1.41,259.7
14.083333333333329,73.58333333333331,2026-09-01T06:00:00Z,2.08,8.9,1.39,259.1
14.083333333333329,73.66666666666666,2026-09-01T06:00:00Z,2.04,8.9,1.35,259.4
14.083333333333329,73.75,2026-09-01T06:00:00Z,2.01,8.9,1.32,259.4
14.083333333333329,73.83333333333331,2026-09-01T06:00:00Z,1.97,8.9,1.3,259.8
14.083333333333329,73.91666666666666,2026-09-01T06:00:00Z,1.93,8.9,1.28,260.0
14.083333333333329,74.0,2026-09-01T06:00:00Z,1.89,8.8,1.27,260.2
14.083333333333329,74.08333333333331,2026-09-01T06:00:00Z,1.87,8.9,1.26,260.6
14.083333333333329,74.16666666666666,2026-09-01T06:00:00Z,1.84,8.8,1.25,260.7
14.083333333333329,74.25,2026-09-01T06:00:00Z,1.81,8.8,1.23,260.7
14.083333333333329,74.33333333333331,2026-09-01T06:00:00Z,1.77,8.7,1.21,260.6
14.083333333333329,80.33333333333331,2026-09-01T06:00:00Z,0.63,10.8,0.53,144.5
14.083333333333329,80.41666666666663,2026-09-01T06:00:00Z,0.77,11.1,0.68,149.6
14.083333333333329,80.5,2026-09-01T06:00:00Z,0.91,12.1,0.76,151.9
14.083333333333329,80.58333333333331,2026-09-01T06:00:00Z,1.03,13.2,0.85,154.3
14.083333333333329,80.66666666666663,2026-09-01T06:00:00Z,1.12,13.8,0.9,155.2
14.083333333333329,80.75,2026-09-01T06:00:00Z,1.19,14.3,0.92,155.2
14.083333333333329,80.83333333333331,2026-09-01T06:00:00Z,1.25,14.8,0.94,155.6
14.083333333333329,80.91666666666663,2026-09-01T06:00:00Z,1.3,15.5,0.95,156.3
14.083333333333329,81.0,2026-09-01T06:00:00Z,1.35,16.7,0.92,156.3
14.166666666666657,73.0,2026-09-01T06:00:00Z,2.2,9.0,1.74,276.4
14.166666666666657,73.08333333333331,2026-09-01T06:00:00Z,2.2,8.9,1.75,276.3
14.166666666666657,73.16666666666666,2026-09-01T06:00:00Z,2.2,8.9,1.74,276.1
14.166666666666657,73.25,2026-09-01T06:00:00Z,2.19,8.9,1.73,276.1
14.166666666666657,73.33333333333331,2026-09-01T06:00:00Z,2.17,8.9,1.72,275.6
14.166666666666657,73.41666666666666,2026-09-01T06:00:00Z,2.13,8.9,1.67,274.8
14.166666666666657,73.5,2026-09-01T06:00:00Z,2.1,8.9,1.46,265.9
14.166666666666657,73.58333333333331,2026-09-01T06:00:00Z,2.06,8.9,1.36,258.8
14.166666666666657,73.66666666666666,2026-09-01T06:00:00Z,2.02,8.9,1.33,259.0
14.166666666666657,73.75,2026-09-01T06:00:00Z,1.99,8.9,1.32,259.0
14.166666666666657,73.83333333333331,2026-09-01T06:00:00Z,1.96,8.9,1.3,259.3
14.166666666666657,73.91666666666666,2026-09-01T06:00:00Z,1.92,8.8,1.29,259.6
14.166666666666657,74.0,2026-09-01T06:00:00Z,1.89,8.8,1.27,259.8
14.166666666666657,74.08333333333331,2026-09-01T06:00:00Z,1.86,8.8,1.26,260.1
14.166666666666657,74.16666666666666,2026-09-01T06:00:00Z,1.84,8.8,1.25,260.4
14.166666666666657,74.25,2026-09-01T06:00:00Z,1.8,8.8,1.24,260.4
14.166666666666657,74.33333333333331,2026-09-01T06:00:00Z,1.75,8.8,1.21,260.4
14.166666666666657,80.16666666666663,2026-09-01T06:00:00Z,0.42,10.8,0.34,145.5
14.166666666666657,80.25,2026-09-01T06:00:00Z,0.53,10.9,0.43,145.5
14.166666666666657,80.33333333333331,2026-09-01T06:00:00Z,0.63,10.9,0.52,145.7
14.166666666666657,80.41666666666663,2026-09-01T06:00:00Z,0.76,11.1,0.67,148.9
14.166666666666657,80.5,2026-09-01T06:00:00Z,0.91,11.9,0.81,152.6
14.166666666666657,80.58333333333331,2026-09-01T06:00:00Z,1.03,13.2,0.9,157.1
14.166666666666657,80.66666666666663,2026-09-01T06:00:00Z,1.12,13.8,0.97,160.4
14.166666666666657,80.75,2026-09-01T06:00:00Z,1.19,14.2,0.97,160.4
14.166666666666657,80.83333333333331,2026-09-01T06:00:00Z,1.25,14.7,0.93,156.5
14.166666666666657,80.91666666666663,2026-09-01T06:00:00Z,1.3,15.3,0.93,156.4
14.166666666666657,81.0,2026-09-01T06:00:00Z,1.35,16.2,0.9,156.5
14.25,73.0,2026-09-01T06:00:00Z,2.2,9.0,1.76,276.0
14.25,73.08333333333331,2026-09-01T06:00:00Z,2.2,8.9,1.76,275.8
14.25,73.16666666666666,2026-09-01T06:00:00Z,2.19,8.9,1.75,275.4
14.25,73.25,2026-09-01T06:00:00Z,2.18,8.9,1.73,275.4
14.25,73.33333333333331,2026-09-01T06:00:00Z,2.16,8.9,1.72,275.1
14.25,73.41666666666666,2026-09-01T06:00:00Z,2.12,8.9,1.7,274.3
14.25,73.5,2026-09-01T06:00:00Z,2.08,8.9,1.62,274.0
14.25,73.58333333333331,2026-09-01T06:00:00Z,2.04,8.8,1.53,273.0
14.25,73.66666666666666,2026-09-01T06:00:00Z,2.0,8.8,1.38,258.3
14.25,73.75,2026-09-01T06:00:00Z,1.97,8.8,1.31,258.3
14.25,73.83333333333331,2026-09-01T06:00:00Z,1.94,8.8,1.3,258.7
14.25,73.91666666666666,2026-09-01T06:00:00Z,1.91,8.8,1.29,259.0
14.25,74.0,2026-09-01T06:00:00Z,1.88,8.8,1.28,259.4
14.25,74.08333333333331,2026-09-01T06:00:00Z,1.86,8.8,1.27,259.7
14.25,74.16666666666666,2026-09-01T06:00:00Z,1.83,8.8,1.26,259.9
14.25,74.25,2026-09-01T06:00:00Z,1.78,8.8,1.24,259.9
14.25,74.33333333333331,2026-09-01T06:00:00Z,1.72,8.8,1.21,259.8
14.25,80.25,2026-09-01T06:00:00Z,0.51,10.9,0.44,145.1
14.25,80.33333333333331,2026-09-01T06:00:00Z,0.64,10.8,0.57,147.7
14.25,80.41666666666663,2026-09-01T06:00:00Z,0.76,10.9,0.7,149.5
14.25,80.5,2026-09-01T06:00:00Z,0.92,11.8,0.87,154.8
14.25,80.58333333333331,2026-09-01T06:00:00Z,1.04,13.2,0.98,160.5
14.25,80.66666666666663,2026-09-01T06:00:00Z,1.12,13.9,1.0,156.6
14.25,80.75,2026-09-01T06:00:00Z,1.19,14.2,0.96,156.6
14.25,80.83333333333331,2026-09-01T06:00:00Z,1.25,14.6,0.93,156.4
14.25,80.91666666666663,2026-09-01T06:00:00Z,1.3,15.1,0.93,156.4
14.25,81.0,2026-09-01T06:00:00Z,1.35,16.0,0.9,157.0
14.333333333333329,73.0,2026-09-01T06:00:00Z,2.2,8.9,1.77,276.0
14.333333333333329,73.08333333333331,2026-09-01T06:00:00Z,2.2,8.9,1.77,275.8
14.333333333333329,73.16666666666666,2026-09-01T06:00:00Z,2.19,8.9,1.75,275.4
14.333333333333329,73.25,2026-09-01T06:00:00Z,2.18,8.9,1.74,275.4
14.333333333333329,73.33333333333331,2026-09-01T06:00:00Z,2.15,8.9,1.72,275.1
14.333333333333329,73.41666666666666,2026-09-01T06:00:00Z,2.12,8.9,1.71,274.3
14.333333333333329,73.5,2026-09-01T06:00:00Z,2.06,8.8,1.72,274.0
14.333333333333329,73.58333333333331,2026-09-01T06:00:00Z,2.02,8.8,1.7,273.0
14.333333333333329,73.66666666666666,2026-09-01T06:00:00Z,1.98,8.8,1.52,258.3
14.333333333333329,73.75,2026-09-01T06:00:00Z,1.94,8.8,1.43,258.3
14.333333333333329,73.83333333333331,2026-09-01T06:00:00Z,1.92,8.8,1.37,258.7
14.333333333333329,73.91666666666666,2026-09-01T06:00:00Z,1.9,8.8,1.29,259.0
14.333333333333329,74.0,2026-09-01T06:00:00Z,1.87,8.8,1.28,259.4
14.333333333333329,74.08333333333331,2026-09-01T06:00:00Z,1.85,8.9,1.27,259.7
14.333333333333329,74.16666666666666,2026-09-01T06:00:00Z,1.81,8.8,1.26,259.9
14.333333333333329,74.25,2026-09-01T06:00:00Z,1.77,8.8,1.23,259.9
14.333333333333329,74.33333333333331,2026-09-01T06:00:00Z,1.69,8.8,1.2,259.8
14.333333333333329,80.25,2026-09-01T06:00:00Z,0.52,10.7,0.49,145.1
14.333333333333329,80.33333333333331,2026-09-01T06:00:00Z,0.67,10.7,0.64,147.7
14.333333333333329,80.41666666666663,2026-09-01T06:00:00Z,0.78,11.0,0.75,149.5
14.333333333333329,80.5,2026-09-01T06:00:00Z,0.94,12.1,0.92,154.8
14.333333333333329,80.58333333333331,2026-09-01T06:00:00Z,1.05,13.4,1.03,160.5
14.333333333333329,80.66666666666663,2026-09-01T06:00:00Z,1.13,13.9,1.0,156.6
14.333333333333329,80.75,2026-09-01T06:00:00Z,1.19,14.3,0.95,156.6
14.333333333333329,80.83333333333331,2026-09-01T06:00:00Z,1.25,14.5,0.93,156.4
14.333333333333329,80.91666666666663,2026-09-01T06:00:00Z,1.3,15.0,0.93,156.4
14.333333333333329,81.0,2026-09-01T06:00:00Z,1.35,15.8,0.9,157.0
14.416666666666657,73.0,2026-09-01T06:00:00Z,2.21,8.9,1.78,275.7
14.416666666666657,73.08333333333331,2026-09-01T06:00:00Z,2.2,8.9,1.78,275.5
14.416666666666657,73.16666666666666,2026-09-01T06:00:00Z,2.2,8.9,1.76,274.8
14.416666666666657,73.25,2026-09-01T06:00:00Z,2.18,8.9,1.75,274.8
14.416666666666657,73.33333333333331,2026-09-01T06:00:00Z,2.16,8.9,1.73,273.9
14.416666666666657,73.41666666666666,2026-09-01T06:00:00Z,2.11,8.8,1.72,273.0
14.416666666666657,73.5,2026-09-01T06:00:00Z,2.05,8.8,1.71,273.1
14.416666666666657,73.58333333333331,2026-09-01T06:00:00Z,2.0,8.8,1.71,273.5
14.416666666666657,73.66666666666666,2026-09-01T06:00:00Z,1.96,8.8,1.7,273.3
14.416666666666657,73.75,2026-09-01T06:00:00Z,1.92,8.8,1.67,273.3
14.416666666666657,73.83333333333331,2026-09-01T06:00:00Z,1.9,8.8,1.55,272.5
14.416666666666657,73.91666666666666,2026-09-01T06:00:00Z,1.88,8.8,1.35,258.4
14.416666666666657,74.0,2026-09-01T06:00:00Z,1.86,8.9,1.34,258.9
14.416666666666657,74.08333333333331,2026-09-01T06:00:00Z,1.83,8.9,1.33,259.1
14.416666666666657,74.16666666666666,2026-09-01T06:00:00Z,1.8,8.9,1.31,259.2
14.416666666666657,74.25,2026-09-01T06:00:00Z,1.75,8.8,1.29,259.2
14.416666666666657,74.33333333333331,2026-09-01T06:00:00Z,1.67,8.8,1.24,259.2
14.416666666666657,80.25,2026-09-01T06:00:00Z,0.57,10.5,0.53,143.9
14.416666666666657,80.33333333333331,2026-09-01T06:00:00Z,0.71,10.7,0.67,147.6
14.416666666666657,80.41666666666663,2026-09-01T06:00:00Z,0.82,11.2,0.79,149.7
14.416666666666657,80.5,2026-09-01T06:00:00Z,0.96,12.6,0.93,155.1
14.416666666666657,80.58333333333331,2026-09-01T06:00:00Z,1.05,13.7,1.03,160.5
14.416666666666657,80.66666666666663,2026-09-01T06:00:00Z,1.13,14.1,1.02,157.0
14.416666666666657,80.75,2026-09-01T06:00:00Z,1.19,14.3,0.98,157.0
14.416666666666657,80.83333333333331,2026-09-01T06:00:00Z,1.24,14.5,0.94,156.9
14.416666666666657,80.91666666666663,2026-09-01T06:00:00Z,1.29,14.9,0.93,156.9
14.416666666666657,81.0,2026-09-01T06:00:00Z,1.34,15.4,0.87,157.8
14.5,73.0,2026-09-01T06:00:00Z,2.21,8.9,1.8,275.9
14.5,73.08333333333331,2026-09-01T06:00:00Z,2.22,8.9,1.79,275.4
14.5,73.16666666666666,2026-09-01T06:00:00Z,2.22,8.8,1.78,274.3
14.5,73.25,2026-09-01T06:00:00Z,2.2,8.8,1.77,274.3
14.5,73.33333333333331,2026-09-01T06:00:00Z,2.17,8.8,1.75,273.0
14.5,73.41666666666666,2026-09-01T06:00:00Z,2.12,8.8,1.74,272.1
14.5,73.5,2026-09-01T06:00:00Z,2.07,8.8,1.73,271.7
14.5,73.58333333333331,2026-09-01T06:00:00Z,2.02,8.8,1.73,271.9
14.5,73.66666666666666,2026-09-01T06:00:00Z,1.97,8.8,1.71,272.0
14.5,73.75,2026-09-01T06:00:00Z,1.93,8.8,1.69,272.0
14.5,73.83333333333331,2026-09-01T06:00:00Z,1.9,8.8,1.67,271.8
14.5,73.91666666666666,2026-09-01T06:00:00Z,1.87,8.9,1.65,271.6
14.5,74.0,2026-09-01T06:00:00Z,1.85,8.9,1.63,271.3
14.5,74.08333333333331,2026-09-01T06:00:00Z,1.81,8.9,1.6,270.9
14.5,74.16666666666666,2026-09-01T06:00:00Z,1.77,8.9,1.57,270.2
14.5,74.25,2026-09-01T06:00:00Z,1.72,8.9,1.53,270.2
14.5,74.33333333333331,2026-09-01T06:00:00Z,1.67,8.9,1.48,268.6
14.5,80.25,2026-09-01T06:00:00Z,0.57,11.0,0.54,145.1
14.5,80.33333333333331,2026-09-01T06:00:00Z,0.71,11.1,0.68,147.4
14.5,80.41666666666663,2026-09-01T06:00:00Z,0.84,11.7,0.81,150.7
14.5,80.5,2026-09-01T06:00:00Z,0.96,13.0,0.93,155.4
14.5,80.58333333333331,2026-09-01T06:00:00Z,1.05,13.9,0.99,157.2
14.5,80.66666666666663,2026-09-01T06:00:00Z,1.13,14.2,0.98,156.8
14.5,80.75,2026-09-01T06:00:00Z,1.19,14.3,0.97,156.8
14.5,80.83333333333331,2026-09-01T06:00:00Z,1.24,14.5,0.95,158.0
14.5,80.91666666666663,2026-09-01T06:00:00Z,1.29,14.8,0.93,158.4
14.5,81.0,2026-09-01T06:00:00Z,1.33,15.3,0.89,158.2
14.583333333333329,73.0,2026-09-01T06:00:00Z,2.23,8.9,1.79,274.9
14.583333333333329,73.08333333333331,2026-09-01T06:00:00Z,2.23,8.8,1.79,274.2
14.583333333333329,73.16666666666666,2026-09-01T06:00:00Z,2.23,8.8,1.78,273.6
14.583333333333329,73.25,2026-09-01T06:00:00Z,2.2,8.8,1.78,273.6
14.583333333333329,73.33333333333331,2026-09-01T06:00:00Z,2.16,8.8,1.77,272.5
14.583333333333329,73.41666666666666,2026-09-01T06:00:00Z,2.12,8.8,1.75,270.9
14.583333333333329,73.5,2026-09-01T06:00:00Z,2.06,8.8,1.74,270.0
14.583333333333329,73.58333333333331,2026-09-01T06:00:00Z,2.01,8.9,1.73,269.9
14.583333333333329,73.66666666666666,2026-09-01T06:00:00Z,1.96,8.9,1.71,270.5
14.583333333333329,73.75,2026-09-01T06:00:00Z,1.92,8.8,1.68,270.5
14.583333333333329,73.83333333333331,2026-09-01T06:00:00Z,1.89,8.9,1.66,270.6
14.583333333333329,73.91666666666666,2026-09-01T06:00:00Z,1.86,8.9,1.63,270.5
14.583333333333329,74.0,2026-09-01T06:00:00Z,1.82,8.9,1.61,270.3
14.583333333333329,74.08333333333331,2026-09-01T06:00:00Z,1.78,8.9,1.58,269.6
14.583333333333329,74.16666666666666,2026-09-01T06:00:00Z,1.73,8.9,1.53,268.3
14.583333333333329,74.25,2026-09-01T06:00:00Z,1.66,8.8,1.47,268.3
14.583333333333329,74.33333333333331,2026-09-01T06:00:00Z,1.41,8.8,1.28,266.7
14.583333333333329,80.25,2026-09-01T06:00:00Z,0.49,11.2,0.44,145.3
14.583333333333329,80.33333333333331,2026-09-01T06:00:00Z,0.66,11.4,0.62,147.4
14.583333333333329,80.41666666666663,2026-09-01T06:00:00Z,0.84,12.0,0.81,150.6
14.583333333333329,80.5,2026-09-01T06:00:00Z,0.96,13.8,0.93,155.7
14.583333333333329,80.58333333333331,2026-09-01T06:00:00Z,1.05,14.1,1.01,160.5
14.583333333333329,80.66666666666663,2026-09-01T06:00:00Z,1.12,14.3,1.01,157.3
14.583333333333329,80.75,2026-09-01T06:00:00Z,1.18,14.4,0.98,157.3
14.583333333333329,80.83333333333331,2026-09-01T06:00:00Z,1.23,14.6,0.95,158.6
14.583333333333329,80.91666666666663,2026-09-01T06:00:00Z,1.28,14.8,0.94,158.8
14.583333333333329,81.0,2026-09-01T06:00:00Z,1.32,15.1,0.91,159.8
14.666666666666657,73.0,2026-09-01T06:00:00Z,2.24,8.8,1.77,273.8
14.666666666666657,73.08333333333331,2026-09-01T06:00:00Z,2.25,8.8,1.77,273.0
14.666666666666657,73.16666666666666,2026-09-01T06:00:00Z,2.23,8.7,1.76,272.6
14.666666666666657,73.25,2026-09-01T06:00:00Z,2.19,8.7,1.76,272.6
14.666666666666657,73.33333333333331,2026-09-01T06:00:00Z,2.13,8.7,1.74,272.8
14.666666666666657,73.41666666666666,2026-09-01T06:00:00Z,2.08,8.8,1.71,269.9
14.666666666666657,73.5,2026-09-01T06:00:00Z,2.04,8.9,1.69,267.5
14.666666666666657,73.58333333333331,2026-09-01T06:00:00Z,1.98,8.9,1.68,268.3
14.666666666666657,73.66666666666666,2026-09-01T06:00:00Z,1.93,8.9,1.67,269.2
14.666666666666657,73.75,2026-09-01T06:00:00Z,1.89,8.9,1.65,269.2
14.666666666666657,73.83333333333331,2026-09-01T06:00:00Z,1.86,8.9,1.63,269.6
14.666666666666657,73.91666666666666,2026-09-01T06:00:00Z,1.82,8.9,1.6,269.6
14.666666666666657,74.0,2026-09-01T06:00:00Z,1.78,8.8,1.57,269.3
14.666666666666657,74.08333333333331,2026-09-01T06:00:00Z,1.74,8.8,1.52,267.9
14.666666666666657,74.16666666666666,2026-09-01T06:00:00Z,1.66,8.7,1.45,265.4
14.666666666666657,80.25,2026-09-01T06:00:00Z,0.52,10.9,0.47,147.2
14.666666666666657,80.33333333333331,2026-09-01T06:00:00Z,0.67,11.4,0.63,149.1
14.666666666666657,80.41666666666663,2026-09-01T06:00:00Z,0.84,12.3,0.8,151.7
14.666666666666657,80.5,2026-09-01T06:00:00Z,0.95,13.8,0.92,155.8
14.666666666666657,80.58333333333331,2026-09-01T06:00:00Z,1.04,14.2,1.01,160.2
14.666666666666657,80.66666666666663,2026-09-01T06:00:00Z,1.11,14.3,1.05,163.2
14.666666666666657,80.75,2026-09-01T06:00:00Z,1.16,14.4,1.07,163.2
14.666666666666657,80.83333333333331,2026-09-01T06:00:00Z,1.21,14.6,1.08,165.1
14.666666666666657,80.91666666666663,2026-09-01T06:00:00Z,1.26,14.8,1.09,167.0
14.666666666666657,81.0,2026-09-01T06:00:00Z,1.31,15.1,1.08,168.8
14.75,73.0,2026-09-01T06:00:00Z,2.25,8.8,1.76,273.2
14.75,73.08333333333331,2026-09-01T06:00:00Z,2.25,8.8,1.76,272.8
14.75,73.16666666666666,2026-09-01T06:00:00Z,2.23,8.7,1.75,272.3
14.75,73.25,2026-09-01T06:00:00Z,2.17,8.7,1.75,272.3
14.75,73.33333333333331,2026-09-01T06:00:00Z,2.01,8.7,1.66,272.5
14.75,73.41666666666666,2026-09-01T06:00:00Z,1.77,9.4,1.44,272.6
14.75,73.5,2026-09-01T06:00:00Z,1.68,12.7,1.25,193.7
14.75,73.58333333333331,2026-09-01T06:00:00Z,1.72,12.5,1.4,265.9
14.75,73.66666666666666,2026-09-01T06:00:00Z,1.75,12.6,1.29,212.6
14.75,73.75,2026-09-01T06:00:00Z,1.76,11.1,1.33,212.6
14.75,73.83333333333331,2026-09-01T06:00:00Z,1.75,9.3,1.46,260.9
14.75,73.91666666666666,2026-09-01T06:00:00Z,1.72,8.8,1.49,271.5
14.75,74.0,2026-09-01T06:00:00Z,1.69,8.8,1.46,270.1
14.75,74.08333333333331,2026-09-01T06:00:00Z,1.58,8.8,1.37,268.3
14.75,74.16666666666666,2026-09-01T06:00:00Z,1.38,8.8,1.22,264.2
14.75,80.25,2026-09-01T06:00:00Z,0.55,10.8,0.5,146.0
14.75,80.33333333333331,2026-09-01T06:00:00Z,0.69,11.3,0.66,149.3
14.75,80.41666666666663,2026-09-01T06:00:00Z,0.84,12.5,0.81,151.7
14.75,80.5,2026-09-01T06:00:00Z,0.95,13.7,0.92,155.6
14.75,80.58333333333331,2026-09-01T06:00:00Z,1.02,14.2,0.99,159.8
14.75,80.66666666666663,2026-09-01T06:00:00Z,1.09,14.4,1.05,163.0
14.75,80.75,2026-09-01T06:00:00Z,1.14,14.5,1.1,163.0
14.75,80.83333333333331,2026-09-01T06:00:00Z,1.19,14.6,1.13,165.0
14.75,80.91666666666663,2026-09-01T06:00:00Z,1.24,14.8,1.15,166.9
14.75,81.0,2026-09-01T06:00:00Z,1.29,15.1,1.15,168.7
14.833333333333329,73.0,2026-09-01T06:00:00Z,2.25,8.8,1.76,273.2
14.833333333333329,73.08333333333331,2026-09-01T06:00:00Z,2.25,8.8,1.76,272.8
14.833333333333329,73.16666666666666,2026-09-01T06:00:00Z,2.22,8.7,1.75,272.3
14.833333333333329,73.25,2026-09-01T06:00:00Z,2.14,8.7,1.72,272.3
14.833333333333329,73.33333333333331,2026-09-01T06:00:00Z,1.93,8.7,1.55,272.5
14.833333333333329,73.41666666666666,2026-09-01T06:00:00Z,1.59,9.5,1.21,272.6
14.833333333333329,73.5,2026-09-01T06:00:00Z,1.44,13.9,0.99,193.7
14.833333333333329,73.58333333333331,2026-09-01T06:00:00Z,1.53,13.7,1.23,265.9
14.833333333333329,73.66666666666666,2026-09-01T06:00:00Z,1.61,13.8,1.11,212.6
14.833333333333329,73.75,2026-09-01T06:00:00Z,1.66,11.8,1.18,212.6
14.833333333333329,73.83333333333331,2026-09-01T06:00:00Z,1.66,9.3,1.36,260.9
14.833333333333329,73.91666666666666,2026-09-01T06:00:00Z,1.64,8.7,1.4,271.5
14.833333333333329,74.0,2026-09-01T06:00:00Z,1.59,8.7,1.36,270.1
14.833333333333329,74.08333333333331,2026-09-01T06:00:00Z,1.43,8.8,1.25,268.3
14.833333333333329,80.16666666666663,2026-09-01T06:00:00Z,0.44,10.7,0.37,146.0
14.833333333333329,80.25,2026-09-01T06:00:00Z,0.57,10.8,0.52,146.0
14.833333333333329,80.33333333333331,2026-09-01T06:00:00Z,0.71,11.3,0.67,149.3
14.833333333333329,80.41666666666663,2026-09-01T06:00:00Z,0.84,12.4,0.81,151.7
14.833333333333329,80.5,2026-09-01T06:00:00Z,0.94,13.8,0.91,155.6
14.833333333333329,80.58333333333331,2026-09-01T06:00:00Z,1.01,14.2,0.97,159.8
14.833333333333329,80.66666666666663,2026-09-01T06:00:00Z,1.07,14.4,1.03,163.0
14.833333333333329,80.75,2026-09-01T06:00:00Z,1.12,14.5,1.07,163.0
14.833333333333329,80.83333333333331,2026-09-01T06:00:00Z,1.17,14.7,1.1,165.0
14.833333333333329,80.91666666666663,2026-09-01T06:00:00Z,1.22,14.8,1.12,166.9
14.833333333333329,81.0,2026-09-01T06:00:00Z,1.27,15.1,1.13,168.7
14.916666666666657,73.0,2026-09-01T06:00:00Z,2.25,8.8,1.75,272.6
14.916666666666657,73.08333333333331,2026-09-01T06:00:00Z,2.24,8.8,1.76,272.5
14.916666666666657,73.16666666666666,2026-09-01T06:00:00Z,2.21,8.7,1.76,272.6
14.916666666666657,73.25,2026-09-01T06:00:00Z,2.12,8.7,1.66,272.6
14.916666666666657,73.33333333333331,2026-09-01T06:00:00Z,2.0,8.7,1.47,263.7
14.916666666666657,73.41666666666666,2026-09-01T06:00:00Z,1.85,8.7,1.3,257.7
14.916666666666657,73.5,2026-09-01T06:00:00Z,1.7,8.7,1.32,267.8
14.916666666666657,73.58333333333331,2026-09-01T06:00:00Z,1.66,8.6,1.44,276.9
14.916666666666657,73.66666666666666,2026-09-01T06:00:00Z,1.7,8.6,1.49,276.3
14.916666666666657,73.75,2026-09-01T06:00:00Z,1.72,8.6,1.49,276.3
14.916666666666657,73.83333333333331,2026-09-01T06:00:00Z,1.7,8.6,1.48,275.3
14.916666666666657,73.91666666666666,2026-09-01T06:00:00Z,1.65,8.6,1.43,273.8
14.916666666666657,74.0,2026-09-01T06:00:00Z,1.54,8.6,1.35,271.4
14.916666666666657,80.16666666666663,2026-09-01T06:00:00Z,0.5,10.8,0.43,146.3
14.916666666666657,80.25,2026-09-01T06:00:00Z,0.61,10.9,0.57,146.3
14.916666666666657,80.33333333333331,2026-09-01T06:00:00Z,0.73,11.3,0.69,149.4
14.916666666666657,80.41666666666663,2026-09-01T06:00:00Z,0.83,12.1,0.79,152.1
14.916666666666657,80.5,2026-09-01T06:00:00Z,0.94,13.8,0.9,155.3
14.916666666666657,80.58333333333331,2026-09-01T06:00:00Z,1.0,14.2,0.95,159.3
14.916666666666657,80.66666666666663,2026-09-01T06:00:00Z,1.05,14.4,1.0,162.6
14.916666666666657,80.75,2026-09-01T06:00:00Z,1.1,14.5,1.05,162.6
14.916666666666657,80.83333333333331,2026-09-01T06:00:00Z,1.15,14.7,1.08,165.0
14.916666666666657,80.91666666666663,2026-09-01T06:00:00Z,1.2,14.9,1.08,167.1
14.916666666666657,81.0,2026-09-01T06:00:00Z,1.24,15.1,1.09,168.8
15.0,73.0,2026-09-01T06:00:00Z,2.25,8.8,1.75,272.4
15.0,73.08333333333331,2026-09-01T06:00:00Z,2.23,8.8,1.75,272.1
15.0,73.16666666666666,2026-09-01T06:00:00Z,2.2,8.7,1.76,272.0
15.0,73.25,2026-09-01T06:00:00Z,2.14,8.7,1.75,272.0
15.0,73.33333333333331,2026-09-01T06:00:00Z,2.06,8.6,1.62,270.0
15.0,73.41666666666666,2026-09-01T06:00:00Z,1.96,8.6,1.38,257.2
15.0,73.5,2026-09-01T06:00:00Z,1.87,8.6,1.36,259.8
15.0,73.58333333333331,2026-09-01T06:00:00Z,1.83,8.6,1.55,278.5
15.0,73.66666666666666,2026-09-01T06:00:00Z,1.84,8.6,1.56,278.2
15.0,73.75,2026-09-01T06:00:00Z,1.82,8.6,1.57,278.2
15.0,73.83333333333331,2026-09-01T06:00:00Z,1.76,8.6,1.57,274.3
15.0,80.16666666666663,2026-09-01T06:00:00Z,0.54,10.9,0.5,147.0
15.0,80.25,2026-09-01T06:00:00Z,0.64,11.1,0.6,147.0
15.0,80.33333333333331,2026-09-01T06:00:00Z,0.75,11.6,0.71,149.8
15.0,80.41666666666663,2026-09-01T06:00:00Z,0.84,12.5,0.8,152.7
15.0,80.5,2026-09-01T06:00:00Z,0.93,13.6,0.88,155.1
15.0,80.58333333333331,2026-09-01T06:00:00Z,0.99,14.2,0.94,158.5
15.0,80.66666666666663,2026-09-01T06:00:00Z,1.03,14.4,0.98,161.9
15.0,80.75,2026-09-01T06:00:00Z,1.08,14.6,1.02,161.9
15.0,80.83333333333331,2026-09-01T06:00:00Z,1.13,14.8,1.05,164.3
15.0,80.91666666666663,2026-09-01T06:00:00Z,1.18,14.9,1.06,166.7
15.0,81.0,2026-09-01T06:00:00Z,1.22,15.2,1.07,168.4
15.083333333333329,73.0,2026-09-01T06:00:00Z,2.24,8.8,1.75,271.9
15.083333333333329,73.08333333333331,2026-09-01T06:00:00Z,2.22,8.8,1.76,271.5
15.083333333333329,73.16666666666666,2026-09-01T06:00:00Z,2.19,8.7,1.78,272.0
15.083333333333329,73.25,2026-09-01T06:00:00Z,2.14,8.7,1.8,272.0
15.083333333333329,73.33333333333331,2026-09-01T06:00:00Z,2.08,8.7,1.71,272.5
15.083333333333329,73.41666666666666,2026-09-01T06:00:00Z,2.0,8.7,1.49,261.7
15.083333333333329,73.5,2026-09-01T06:00:00Z,1.94,8.7,1.39,257.7
15.083333333333329,73.58333333333331,2026-09-01T06:00:00Z,1.89,8.6,1.39,258.1
15.083333333333329,73.66666666666666,2026-09-01T06:00:00Z,1.86,8.6,1.36,258.4
15.083333333333329,73.75,2026-09-01T06:00:00Z,1.82,8.6,1.38,258.4
15.083333333333329,73.83333333333331,2026-09-01T06:00:00Z,1.75,8.6,1.38,268.6
15.083333333333329,80.16666666666663,2026-09-01T06:00:00Z,0.57,11.5,0.53,147.4
15.083333333333329,80.25,2026-09-01T06:00:00Z,0.67,11.6,0.63,147.4
15.083333333333329,80.33333333333331,2026-09-01T06:00:00Z,0.75,12.0,0.71,150.4
15.083333333333329,80.41666666666663,2026-09-01T06:00:00Z,0.83,12.9,0.79,152.8
15.083333333333329,80.5,2026-09-01T06:00:00Z,0.92,14.0,0.87,155.0
15.083333333333329,80.58333333333331,2026-09-01T06:00:00Z,0.98,14.3,0.93,157.8
15.083333333333329,80.66666666666663,2026-09-01T06:00:00Z,1.02,14.5,0.97,161.1
15.083333333333329,80.75,2026-09-01T06:00:00Z,1.07,14.7,1.01,161.1
15.083333333333329,80.83333333333331,2026-09-01T06:00:00Z,1.11,14.8,1.03,163.7
15.083333333333329,80.91666666666663,2026-09-01T06:00:00Z,1.16,15.0,1.03,166.2
15.083333333333329,81.0,2026-09-01T06:00:00Z,1.2,15.2,1.04,168.2
15.166666666666657,73.0,2026-09-01T06:00:00Z,2.24,8.8,1.77,271.7
15.166666666666657,73.08333333333331,2026-09-01T06:00:00Z,2.21,8.8,1.78,271.7
15.166666666666657,73.16666666666666,2026-09-01T06:00:00Z,2.17,8.8,1.8,272.0
15.166666666666657,73.25,2026-09-01T06:00:00Z,2.13,8.7,1.82,272.0
15.166666666666657,73.33333333333331,2026-09-01T06:00:00Z,2.08,8.7,1.8,272.4
15.166666666666657,73.41666666666666,2026-09-01T06:00:00Z,2.02,8.7,1.72,272.7
15.166666666666657,73.5,2026-09-01T06:00:00Z,1.96,8.7,1.6,268.5
15.166666666666657,73.58333333333331,2026-09-01T06:00:00Z,1.91,8.6,1.41,257.5
15.166666666666657,73.66666666666666,2026-09-01T06:00:00Z,1.87,8.6,1.34,257.8
15.166666666666657,73.75,2026-09-01T06:00:00Z,1.83,8.6,1.32,257.8
15.166666666666657,73.83333333333331,2026-09-01T06:00:00Z,1.77,8.6,1.31,258.0
15.166666666666657,80.16666666666663,2026-09-01T06:00:00Z,0.57,13.5,0.49,148.5
15.166666666666657,80.25,2026-09-01T06:00:00Z,0.68,13.6,0.59,148.5
15.166666666666657,80.33333333333331,2026-09-01T06:00:00Z,0.76,13.7,0.67,151.7
15.166666666666657,80.41666666666663,2026-09-01T06:00:00Z,0.83,13.9,0.78,153.0
15.166666666666657,80.5,2026-09-01T06:00:00Z,0.9,14.2,0.86,154.8
15.166666666666657,80.58333333333331,2026-09-01T06:00:00Z,0.96,14.4,0.92,157.3
15.166666666666657,80.66666666666663,2026-09-01T06:00:00Z,1.01,14.6,0.96,160.1
15.166666666666657,80.75,2026-09-01T06:00:00Z,1.05,14.7,0.99,160.1
15.166666666666657,80.83333333333331,2026-09-01T06:00:00Z,1.09,14.9,1.01,162.5
15.166666666666657,80.91666666666663,2026-09-01T06:00:00Z,1.13,15.1,1.0,165.0
15.166666666666657,81.0,2026-09-01T06:00:00Z,1.18,15.3,1.02,167.0
15.25,73.0,2026-09-01T06:00:00Z,2.24,8.8,1.78,271.2
15.25,73.08333333333331,2026-09-01T06:00:00Z,2.2,8.8,1.79,271.5
15.25,73.16666666666666,2026-09-01T06:00:00Z,2.16,8.8,1.81,271.9
15.25,73.25,2026-09-01T06:00:00Z,2.12,8.8,1.83,271.9
15.25,73.33333333333331,2026-09-01T06:00:00Z,2.07,8.7,1.83,271.9
15.25,73.41666666666666,2026-09-01T06:00:00Z,2.02,8.7,1.82,272.0
15.25,73.5,2026-09-01T06:00:00Z,1.97,8.7,1.76,271.9
15.25,73.58333333333331,2026-09-01T06:00:00Z,1.92,8.6,1.6,271.5
15.25,73.66666666666666,2026-09-01T06:00:00Z,1.87,8.6,1.53,270.9
15.25,73.75,2026-09-01T06:00:00Z,1.82,8.6,1.49,270.9
15.25,73.83333333333331,2026-09-01T06:00:00Z,1.75,8.6,1.43,269.2
15.25,80.16666666666663,2026-09-01T06:00:00Z,0.51,13.3,0.43,149.7
15.25,80.25,2026-09-01T06:00:00Z,0.62,13.7,0.53,149.7
15.25,80.33333333333331,2026-09-01T06:00:00Z,0.72,13.8,0.63,151.2
15.25,80.41666666666663,2026-09-01T06:00:00Z,0.81,13.9,0.75,153.6
15.25,80.5,2026-09-01T06:00:00Z,0.87,14.5,0.84,154.8
15.25,80.58333333333331,2026-09-01T06:00:00Z,0.94,14.4,0.9,156.6
15.25,80.66666666666663,2026-09-01T06:00:00Z,0.99,14.6,0.95,159.0
15.25,80.75,2026-09-01T06:00:00Z,1.04,14.8,0.97,159.0
15.25,80.83333333333331,2026-09-01T06:00:00Z,1.08,14.9,0.98,161.4
15.25,80.91666666666663,2026-09-01T06:00:00Z,1.12,15.1,0.97,164.4
15.25,81.0,2026-09-01T06:00:00Z,1.16,15.3,0.99,166.6
15.333333333333329,73.0,2026-09-01T06:00:00Z,2.24,8.8,1.78,271.2
15.333333333333329,73.08333333333331,2026-09-01T06:00:00Z,2.2,8.8,1.8,271.5
15.333333333333329,73.16666666666666,2026-09-01T06:00:00Z,2.16,8.8,1.82,271.9
15.333333333333329,73.25,2026-09-01T06:00:00Z,2.12,8.8,1.84,271.9
15.333333333333329,73.33333333333331,2026-09-01T06:00:00Z,2.07,8.7,1.84,271.9
15.333333333333329,73.41666666666666,2026-09-01T06:00:00Z,2.01,8.7,1.82,272.0
15.333333333333329,73.5,2026-09-01T06:00:00Z,1.96,8.7,1.8,271.9
15.333333333333329,73.58333333333331,2026-09-01T06:00:00Z,1.91,8.6,1.76,271.5
15.333333333333329,73.66666666666666,2026-09-01T06:00:00Z,1.86,8.6,1.71,270.9
15.333333333333329,73.75,2026-09-01T06:00:00Z,1.76,8.6,1.61,270.9
15.333333333333329,73.83333333333331,2026-09-01T06:00:00Z,1.62,8.4,1.46,269.2
15.333333333333329,80.16666666666663,2026-09-01T06:00:00Z,0.43,11.2,0.36,149.7
15.333333333333329,80.25,2026-09-01T06:00:00Z,0.55,12.0,0.49,149.7
15.333333333333329,80.33333333333331,2026-09-01T06:00:00Z,0.68,12.5,0.62,151.2
15.333333333333329,80.41666666666663,2026-09-01T06:00:00Z,0.77,12.9,0.71,153.6
15.333333333333329,80.5,2026-09-01T06:00:00Z,0.83,13.9,0.79,154.8
15.333333333333329,80.58333333333331,2026-09-01T06:00:00Z,0.9,13.9,0.85,156.6
15.333333333333329,80.66666666666663,2026-09-01T06:00:00Z,0.97,14.3,0.92,159.0
15.333333333333329,80.75,2026-09-01T06:00:00Z,1.02,14.7,0.95,159.0
15.333333333333329,80.83333333333331,2026-09-01T06:00:00Z,1.06,14.9,0.95,161.4
15.333333333333329,80.91666666666663,2026-09-01T06:00:00Z,1.1,15.1,0.94,164.4
15.333333333333329,81.0,2026-09-01T06:00:00Z,1.14,15.4,0.96,166.6
15.416666666666657,73.0,2026-09-01T06:00:00Z,2.23,8.7,1.78,270.6
15.416666666666657,73.08333333333331,2026-09-01T06:00:00Z,2.19,8.7,1.8,271.2
15.416666666666657,73.16666666666666,2026-09-01T06:00:00Z,2.16,8.7,1.83,271.6
15.416666666666657,73.25,2026-09-01T06:00:00Z,2.12,8.8,1.85,271.6
15.416666666666657,73.33333333333331,2026-09-01T06:00:00Z,2.07,8.8,1.85,271.1
15.416666666666657,73.41666666666666,2026-09-01T06:00:00Z,2.01,8.7,1.82,270.7
15.416666666666657,73.5,2026-09-01T06:00:00Z,1.95,8.7,1.78,270.4
15.416666666666657,73.58333333333331,2026-09-01T06:00:00Z,1.89,8.6,1.73,270.2
15.416666666666657,73.66666666666666,2026-09-01T06:00:00Z,1.83,8.6,1.68,269.5
15.416666666666657,73.75,2026-09-01T06:00:00Z,1.68,8.6,1.54,269.5
15.416666666666657,80.25,2026-09-01T06:00:00Z,0.53,10.3,0.48,150.3
15.416666666666657,80.33333333333331,2026-09-01T06:00:00Z,0.66,11.1,0.63,151.9
15.416666666666657,80.41666666666663,2026-09-01T06:00:00Z,0.73,11.5,0.69,154.3
15.416666666666657,80.5,2026-09-01T06:00:00Z,0.78,12.2,0.71,156.2
15.416666666666657,80.58333333333331,2026-09-01T06:00:00Z,0.87,12.9,0.78,158.2
15.416666666666657,80.66666666666663,2026-09-01T06:00:00Z,0.95,13.9,0.88,160.1
15.416666666666657,80.75,2026-09-01T06:00:00Z,1.0,14.5,0.94,160.1
15.416666666666657,80.83333333333331,2026-09-01T06:00:00Z,1.05,14.8,0.94,162.3
15.416666666666657,80.91666666666663,2026-09-01T06:00:00Z,1.09,15.1,0.92,164.4
15.416666666666657,81.0,2026-09-01T06:00:00Z,1.13,15.3,0.94,166.1
15.5,73.0,2026-09-01T06:00:00Z,2.23,8.7,1.78,269.7
15.5,73.08333333333331,2026-09-01T06:00:00Z,2.19,8.7,1.79,269.6
15.5,73.16666666666666,2026-09-01T06:00:00Z,2.16,8.7,1.82,270.0
15.5,73.25,2026-09-01T06:00:00Z,2.12,8.7,1.85,270.0
15.5,73.33333333333331,2026-09-01T06:00:00Z,2.07,8.7,1.85,270.2
15.5,73.41666666666666,2026-09-01T06:00:00Z,2.02,8.7,1.82,269.6
15.5,73.5,2026-09-01T06:00:00Z,1.96,8.7,1.78,268.9
15.5,73.58333333333331,2026-09-01T06:00:00Z,1.89,8.6,1.73,268.3
15.5,73.66666666666666,2026-09-01T06:00:00Z,1.82,8.6,1.67,267.6
15.5,80.25,2026-09-01T06:00:00Z,0.53,11.2,0.49,149.2
15.5,80.33333333333331,2026-09-01T06:00:00Z,0.66,10.8,0.63,152.5
15.5,80.41666666666663,2026-09-01T06:00:00Z,0.72,10.8,0.68,154.6
15.5,80.5,2026-09-01T06:00:00Z,0.75,10.7,0.71,156.0
15.5,80.58333333333331,2026-09-01T06:00:00Z,0.86,13.4,0.81,158.0
15.5,80.66666666666663,2026-09-01T06:00:00Z,0.93,14.3,0.88,160.3
15.5,80.75,2026-09-01T06:00:00Z,0.98,14.6,0.92,160.3
15.5,80.83333333333331,2026-09-01T06:00:00Z,1.03,14.6,0.93,161.2
15.5,80.91666666666663,2026-09-01T06:00:00Z,1.07,14.8,0.91,163.5
15.5,81.0,2026-09-01T06:00:00Z,1.12,15.1,0.91,165.7
15.583333333333329,73.0,2026-09-01T06:00:00Z,2.23,8.7,1.79,268.9
15.583333333333329,73.08333333333331,2026-09-01T06:00:00Z,2.18,8.7,1.8,268.8
15.583333333333329,73.16666666666666,2026-09-01T06:00:00Z,2.15,8.7,1.84,269.4
15.583333333333329,73.25,2026-09-01T06:00:00Z,2.11,8.8,1.86,269.4
15.583333333333329,73.33333333333331,2026-09-01T06:00:00Z,2.06,8.8,1.85,269.5
15.583333333333329,73.41666666666666,2026-09-01T06:00:00Z,2.0,8.7,1.82,268.9
15.583333333333329,73.5,2026-09-01T06:00:00Z,1.94,8.7,1.77,267.8
15.583333333333329,73.58333333333331,2026-09-01T06:00:00Z,1.87,8.6,1.71,266.8
15.583333333333329,73.66666666666666,2026-09-01T06:00:00Z,1.8,8.7,1.65,265.2
15.583333333333329,80.25,2026-09-01T06:00:00Z,0.53,11.0,0.5,151.0
15.583333333333329,80.33333333333331,2026-09-01T06:00:00Z,0.63,10.9,0.6,152.6
15.583333333333329,80.41666666666663,2026-09-01T06:00:00Z,0.71,10.8,0.68,154.9
15.583333333333329,80.5,2026-09-01T06:00:00Z,0.77,10.9,0.73,156.6
15.583333333333329,80.58333333333331,2026-09-01T06:00:00Z,0.83,12.5,0.79,158.8
15.583333333333329,80.66666666666663,2026-09-01T06:00:00Z,0.88,14.3,0.83,160.8
15.583333333333329,80.75,2026-09-01T06:00:00Z,0.93,15.2,0.86,160.8
15.583333333333329,80.83333333333331,2026-09-01T06:00:00Z,0.99,15.5,0.87,161.9
15.583333333333329,80.91666666666663,2026-09-01T06:00:00Z,1.05,15.5,0.87,163.1
15.583333333333329,81.0,2026-09-01T06:00:00Z,1.1,15.3,0.88,164.7
15.666666666666657,73.0,2026-09-01T06:00:00Z,2.23,8.7,1.82,268.5
15.666666666666657,73.08333333333331,2026-09-01T06:00:00Z,2.18,8.7,1.83,268.7
15.666666666666657,73.16666666666666,2026-09-01T06:00:00Z,2.14,8.8,1.85,268.8
15.666666666666657,73.25,2026-09-01T06:00:00Z,2.09,8.8,1.85,268.8
15.666666666666657,73.33333333333331,2026-09-01T06:00:00Z,2.04,8.8,1.84,268.5
15.666666666666657,73.41666666666666,2026-09-01T06:00:00Z,1.98,8.7,1.8,267.7
15.666666666666657,73.5,2026-09-01T06:00:00Z,1.92,8.7,1.75,266.7
15.666666666666657,73.58333333333331,2026-09-01T06:00:00Z,1.84,8.7,1.68,265.2
15.666666666666657,73.66666666666666,2026-09-01T06:00:00Z,1.73,8.7,1.59,263.5
15.666666666666657,80.33333333333331,2026-09-01T06:00:00Z,0.57,11.0,0.55,152.0
15.666666666666657,80.41666666666663,2026-09-01T06:00:00Z,0.69,10.9,0.67,154.9
15.666666666666657,80.5,2026-09-01T06:00:00Z,0.74,10.9,0.72,157.3
15.666666666666657,80.58333333333331,2026-09-01T06:00:00Z,0.8,11.4,0.76,159.7
15.666666666666657,80.66666666666663,2026-09-01T06:00:00Z,0.79,11.5,0.65,157.8
15.666666666666657,80.75,2026-09-01T06:00:00Z,0.81,13.5,0.68,157.8
15.666666666666657,80.83333333333331,2026-09-01T06:00:00Z,0.88,15.8,0.81,162.2
15.666666666666657,80.91666666666663,2026-09-01T06:00:00Z,0.99,16.7,0.9,162.9
15.666666666666657,81.0,2026-09-01T06:00:00Z,1.06,16.7,0.95,164.0
15.75,73.0,2026-09-01T06:00:00Z,2.23,8.8,1.83,267.2
15.75,73.08333333333331,2026-09-01T06:00:00Z,2.18,8.8,1.84,267.5
15.75,73.16666666666666,2026-09-01T06:00:00Z,2.13,8.8,1.84,267.4
15.75,73.25,2026-09-01T06:00:00Z,2.07,8.7,1.84,267.4
15.75,73.33333333333331,2026-09-01T06:00:00Z,2.01,8.7,1.81,267.2
15.75,73.41666666666666,2026-09-01T06:00:00Z,1.95,8.7,1.76,266.7
15.75,73.5,2026-09-01T06:00:00Z,1.88,8.7,1.7,265.1
15.75,73.58333333333331,2026-09-01T06:00:00Z,1.79,8.7,1.62,262.7
15.75,73.66666666666666,2026-09-01T06:00:00Z,1.66,8.7,1.52,261.3
15.75,80.33333333333331,2026-09-01T06:00:00Z,0.46,11.2,0.42,152.4
15.75,80.41666666666663,2026-09-01T06:00:00Z,0.61,11.1,0.59,155.4
15.75,80.5,2026-09-01T06:00:00Z,0.7,11.0,0.66,159.0
15.75,80.58333333333331,2026-09-01T06:00:00Z,0.74,10.8,0.64,159.3
15.75,80.66666666666663,2026-09-01T06:00:00Z,0.72,10.8,0.53,163.8
15.75,80.75,2026-09-01T06:00:00Z,0.68,11.8,0.51,163.8
15.75,80.83333333333331,2026-09-01T06:00:00Z,0.66,12.8,0.57,168.8
15.833333333333329,73.0,2026-09-01T06:00:00Z,2.22,8.8,1.82,267.2
15.833333333333329,73.08333333333331,2026-09-01T06:00:00Z,2.17,8.8,1.84,267.5
15.833333333333329,73.16666666666666,2026-09-01T06:00:00Z,2.11,8.7,1.84,267.4
15.833333333333329,73.25,2026-09-01T06:00:00Z,2.05,8.7,1.81,267.4
15.833333333333329,73.33333333333331,2026-09-01T06:00:00Z,1.97,8.7,1.76,267.2
15.833333333333329,73.41666666666666,2026-09-01T06:00:00Z,1.86,9.1,1.65,266.7
15.833333333333329,73.5,2026-09-01T06:00:00Z,1.7,11.1,1.39,265.1
15.833333333333329,73.58333333333331,2026-09-01T06:00:00Z,1.58,11.5,1.3,262.7
15.833333333333329,80.66666666666663,2026-09-01T06:00:00Z,0.63,10.7,0.45,163.8
15.916666666666657,73.0,2026-09-01T06:00:00Z,2.21,8.7,1.81,264.8
15.916666666666657,73.08333333333331,2026-09-01T06:00:00Z,2.16,8.7,1.85,265.2
15.916666666666657,73.16666666666666,2026-09-01T06:00:00Z,2.1,8.7,1.83,265.7
15.916666666666657,73.25,2026-09-01T06:00:00Z,2.02,8.7,1.77,265.7
15.916666666666657,73.33333333333331,2026-09-01T06:00:00Z,1.9,8.7,1.68,266.3
15.916666666666657,73.41666666666666,2026-09-01T06:00:00Z,1.73,9.7,1.49,266.4
15.916666666666657,73.5,2026-09-01T06:00:00Z,1.41,14.8,0.94,258.1
16.0,73.0,2026-09-01T06:00:00Z,2.19,8.6,1.87,263.8
16.0,73.08333333333331,2026-09-01T06:00:00Z,2.14,8.6,1.88,263.9
16.0,73.16666666666666,2026-09-01T06:00:00Z,2.06,8.6,1.82,264.4
16.0,73.25,2026-09-01T06:00:00Z,1.96,8.7,1.73,264.4
16.0,73.33333333333331,2026-09-01T06:00:00Z,1.84,8.7,1.65,265.7
16.0,73.41666666666666,2026-09-01T06:00:00Z,1.69,8.7,1.53,266.2
16.0,73.5,2026-09-01T06:00:00Z,1.36,8.7,1.28,266.1
13.0,73.0,2026-09-01T09:00:00Z,2.05,16.7,1.57,280.7
13.0,73.08333333333331,2026-09-01T09:00:00Z,2.05,16.7,1.57,280.9
13.0,73.16666666666666,2026-09-01T09:00:00Z,2.06,16.7,1.57,281.1
13.0,73.25,2026-09-01T09:00:00Z,2.06,16.6,1.58,281.1
13.0,73.33333333333331,2026-09-01T09:00:00Z,2.06,16.7,1.59,281.0
13.0,73.41666666666666,2026-09-01T09:00:00Z,2.06,16.7,1.6,280.8
13.0,73.5,2026-09-01T09:00:00Z,2.05,16.7,1.61,280.4
13.0,73.58333333333331,2026-09-01T09:00:00Z,2.05,16.7,1.64,280.9
13.0,73.66666666666666,2026-09-01T09:00:00Z,2.04,16.8,1.66,281.4
13.0,73.75,2026-09-01T09:00:00Z,2.04,16.8,1.67,281.4
13.0,73.83333333333331,2026-09-01T09:00:00Z,2.03,16.8,1.66,281.3
13.0,73.91666666666666,2026-09-01T09:00:00Z,2.02,16.8,1.64,281.1
13.0,74.0,2026-09-01T09:00:00Z,2.0,16.8,1.63,281.1
13.0,74.08333333333331,2026-09-01T09:00:00Z,1.98,16.3,1.61,281.0
13.0,74.16666666666666,2026-09-01T09:00:00Z,1.94,11.3,1.59,280.7
13.0,74.25,2026-09-01T09:00:00Z,1.9,8.8,1.57,280.7
13.0,74.33333333333331,2026-09-01T09:00:00Z,1.86,8.8,1.55,280.7
13.0,74.41666666666666,2026-09-01T09:00:00Z,1.82,8.8,1.53,280.4
13.0,74.5,2026-09-01T09:00:00Z,1.78,8.8,1.52,279.6
13.0,74.58333333333331,2026-09-01T09:00:00Z,1.73,8.8,1.5,278.9
13.0,74.66666666666666,2026-09-01T09:00:00Z,1.68,8.9,1.47,277.9
13.0,74.75,2026-09-01T09:00:00Z,1.58,8.9,1.41,277.9
13.0,80.33333333333331,2026-09-01T09:00:00Z,0.81,12.7,0.65,141.8
13.0,80.41666666666663,2026-09-01T09:00:00Z,1.02,13.0,0.85,144.7
13.0,80.5,2026-09-01T09:00:00Z,1.11,13.5,1.0,148.3
13.0,80.58333333333331,2026-09-01T09:00:00Z,1.16,13.5,1.0,149.6
13.0,80.66666666666663,2026-09-01T09:00:00Z,1.2,13.5,1.01,150.4
13.0,80.75,2026-09-01T09:00:00Z,1.23,13.6,1.02,150.4
13.0,80.83333333333331,2026-09-01T09:00:00Z,1.24,13.6,1.03,151.0
13.0,80.91666666666663,2026-09-01T09:00:00Z,1.26,13.6,1.03,151.8
13.0,81.0,2026-09-01T09:00:00Z,1.27,13.6,1.03,152.8
13.083333333333329,73.0,2026-09-01T09:00:00Z,2.06,16.7,1.59,280.4
13.083333333333329,73.08333333333331,2026-09-01T09:00:00Z,2.06,16.7,1.59,280.5
13.083333333333329,73.16666666666666,2026-09-01T09:00:00Z,2.07,16.6,1.59,280.6
13.083333333333329,73.25,2026-09-01T09:00:00Z,2.07,16.6,1.6,280.6
13.083333333333329,73.33333333333331,2026-09-01T09:00:00Z,2.06,16.6,1.61,280.3
13.083333333333329,73.41666666666666,2026-09-01T09:00:00Z,2.06,16.7,1.62,280.3
13.083333333333329,73.5,2026-09-01T09:00:00Z,2.06,16.7,1.63,280.5
13.083333333333329,73.58333333333331,2026-09-01T09:00:00Z,2.06,16.7,1.66,280.7
13.083333333333329,73.66666666666666,2026-09-01T09:00:00Z,2.05,16.7,1.67,281.0
13.083333333333329,73.75,2026-09-01T09:00:00Z,2.04,16.7,1.68,281.0
13.083333333333329,73.83333333333331,2026-09-01T09:00:00Z,2.03,16.7,1.67,280.9
13.083333333333329,73.91666666666666,2026-09-01T09:00:00Z,2.01,15.9,1.65,280.8
13.083333333333329,74.0,2026-09-01T09:00:00Z,1.99,12.3,1.64,280.7
13.083333333333329,74.08333333333331,2026-09-01T09:00:00Z,1.96,10.4,1.62,280.5
13.083333333333329,74.16666666666666,2026-09-01T09:00:00Z,1.93,9.3,1.6,280.3
13.083333333333329,74.25,2026-09-01T09:00:00Z,1.89,8.8,1.57,280.3
13.083333333333329,74.33333333333331,2026-09-01T09:00:00Z,1.85,8.8,1.55,280.1
13.083333333333329,74.41666666666666,2026-09-01T09:00:00Z,1.81,8.8,1.54,279.7
13.083333333333329,74.5,2026-09-01T09:00:00Z,1.78,8.8,1.53,279.4
13.083333333333329,74.58333333333331,2026-09-01T09:00:00Z,1.74,8.8,1.51,278.6
13.083333333333329,74.66666666666666,2026-09-01T09:00:00Z,1.69,8.8,1.48,277.1
13.083333333333329,74.75,2026-09-01T09:00:00Z,1.63,8.8,1.44,277.1
13.083333333333329,80.33333333333331,2026-09-01T09:00:00Z,0.74,13.9,0.59,143.0
13.083333333333329,80.41666666666663,2026-09-01T09:00:00Z,1.04,13.8,0.9,145.6
13.083333333333329,80.5,2026-09-01T09:00:00Z,1.11,13.6,0.96,148.6
13.083333333333329,80.58333333333331,2026-09-01T09:00:00Z,1.16,13.6,0.99,150.1
13.083333333333329,80.66666666666663,2026-09-01T09:00:00Z,1.19,13.7,1.01,150.8
13.083333333333329,80.75,2026-09-01T09:00:00Z,1.22,13.7,1.02,150.8
13.083333333333329,80.83333333333331,2026-09-01T09:00:00Z,1.24,13.7,1.02,151.5
13.083333333333329,80.91666666666663,2026-09-01T09:00:00Z,1.25,13.7,1.03,152.2
13.083333333333329,81.0,2026-09-01T09:00:00Z,1.27,13.7,1.03,153.2
13.166666666666657,73.0,2026-09-01T09:00:00Z,2.07,11.7,1.6,279.7
13.166666666666657,73.08333333333331,2026-09-01T09:00:00Z,2.07,15.5,1.6,279.9
13.166666666666657,73.16666666666666,2026-09-01T09:00:00Z,2.08,16.5,1.61,280.0
13.166666666666657,73.25,2026-09-01T09:00:00Z,2.08,16.6,1.61,280.0
13.166666666666657,73.33333333333331,2026-09-01T09:00:00Z,2.07,16.6,1.62,279.7
13.166666666666657,73.41666666666666,2026-09-01T09:00:00Z,2.07,16.0,1.63,280.1
13.166666666666657,73.5,2026-09-01T09:00:00Z,2.06,12.5,1.65,280.0
13.166666666666657,73.58333333333331,2026-09-01T09:00:00Z,2.06,11.7,1.67,280.2
13.166666666666657,73.66666666666666,2026-09-01T09:00:00Z,2.05,11.5,1.68,280.5
13.166666666666657,73.75,2026-09-01T09:00:00Z,2.03,11.5,1.68,280.5
13.166666666666657,73.83333333333331,2026-09-01T09:00:00Z,2.02,11.5,1.68,280.4
13.166666666666657,73.91666666666666,2026-09-01T09:00:00Z,2.0,11.2,1.66,280.4
13.166666666666657,74.0,2026-09-01T09:00:00Z,1.98,9.7,1.64,280.3
13.166666666666657,74.08333333333331,2026-09-01T09:00:00Z,1.95,9.0,1.62,280.1
13.166666666666657,74.16666666666666,2026-09-01T09:00:00Z,1.92,8.8,1.6,280.0
13.166666666666657,74.25,2026-09-01T09:00:00Z,1.88,8.8,1.57,280.0
13.166666666666657,74.33333333333331,2026-09-01T09:00:00Z,1.83,8.8,1.55,279.6
13.166666666666657,74.41666666666666,2026-09-01T09:00:00Z,1.8,8.7,1.53,279.4
13.166666666666657,74.5,2026-09-01T09:00:00Z,1.77,8.7,1.52,279.1
13.166666666666657,74.58333333333331,2026-09-01T09:00:00Z,1.73,8.8,1.5,278.5
13.166666666666657,74.66666666666666,2026-09-01T09:00:00Z,1.67,8.8,1.46,276.9
13.166666666666657,74.75,2026-09-01T09:00:00Z,1.61,8.8,1.42,276.9
13.166666666666657,80.33333333333331,2026-09-01T09:00:00Z,0.68,14.2,0.53,142.2
13.166666666666657,80.41666666666663,2026-09-01T09:00:00Z,1.03,14.1,0.89,146.1
13.166666666666657,80.5,2026-09-01T09:00:00Z,1.09,13.9,0.94,149.0
13.166666666666657,80.58333333333331,2026-09-01T09:00:00Z,1.15,13.7,0.98,150.5
13.166666666666657,80.66666666666663,2026-09-01T09:00:00Z,1.19,13.8,1.0,151.3
13.166666666666657,80.75,2026-09-01T09:00:00Z,1.21,13.8,1.01,151.3
13.166666666666657,80.83333333333331,2026-09-01T09:00:00Z,1.23,13.9,1.02,151.9
13.166666666666657,80.91666666666663,2026-09-01T09:00:00Z,1.25,13.9,1.02,152.6
13.166666666666657,81.0,2026-09-01T09:00:00Z,1.26,13.9,1.03,153.6
13.25,73.0,2026-09-01T09:00:00Z,2.08,9.2,1.62,279.6
13.25,73.08333333333331,2026-09-01T09:00:00Z,2.08,12.0,1.62,279.7
13.25,73.16666666666666,2026-09-01T09:00:00Z,2.08,12.8,1.62,279.5
13.25,73.25,2026-09-01T09:00:00Z,2.08,12.9,1.63,279.5
13.25,73.33333333333331,2026-09-01T09:00:00Z,2.08,12.9,1.64,279.2
13.25,73.41666666666666,2026-09-01T09:00:00Z,2.07,12.3,1.65,279.3
13.25,73.5,2026-09-01T09:00:00Z,2.07,9.7,1.66,279.6
13.25,73.58333333333331,2026-09-01T09:00:00Z,2.06,9.1,1.68,279.9
13.25,73.66666666666666,2026-09-01T09:00:00Z,2.05,8.9,1.69,279.9
13.25,73.75,2026-09-01T09:00:00Z,2.03,8.9,1.69,279.9
13.25,73.83333333333331,2026-09-01T09:00:00Z,2.01,8.9,1.68,279.9
13.25,73.91666666666666,2026-09-01T09:00:00Z,1.99,8.9,1.67,279.9
13.25,74.0,2026-09-01T09:00:00Z,1.97,8.9,1.65,279.9
13.25,74.08333333333331,2026-09-01T09:00:00Z,1.94,8.9,1.63,280.0
13.25,74.16666666666666,2026-09-01T09:00:00Z,1.9,8.8,1.6,280.0
13.25,74.25,2026-09-01T09:00:00Z,1.86,8.8,1.56,280.0
13.25,74.33333333333331,2026-09-01T09:00:00Z,1.81,8.7,1.53,280.1
13.25,74.41666666666666,2026-09-01T09:00:00Z,1.78,8.7,1.52,279.9
13.25,74.5,2026-09-01T09:00:00Z,1.75,8.7,1.5,279.6
13.25,74.58333333333331,2026-09-01T09:00:00Z,1.7,8.7,1.47,278.6
13.25,74.66666666666666,2026-09-01T09:00:00Z,1.63,8.8,1.42,276.8
13.25,80.33333333333331,2026-09-01T09:00:00Z,0.68,13.9,0.51,143.3
13.25,80.41666666666663,2026-09-01T09:00:00Z,0.96,14.1,0.8,145.8
13.25,80.5,2026-09-01T09:00:00Z,1.08,14.1,0.93,149.1
13.25,80.58333333333331,2026-09-01T09:00:00Z,1.13,13.9,0.97,150.8
13.25,80.66666666666663,2026-09-01T09:00:00Z,1.18,13.9,0.99,151.7
13.25,80.75,2026-09-01T09:00:00Z,1.21,14.0,1.01,151.7
13.25,80.83333333333331,2026-09-01T09:00:00Z,1.23,14.0,1.02,152.3
13.25,80.91666666666663,2026-09-01T09:00:00Z,1.24,14.0,1.02,153.1
13.25,81.0,2026-09-01T09:00:00Z,1.26,14.0,1.03,154.1
13.333333333333329,73.0,2026-09-01T09:00:00Z,2.09,9.2,1.64,279.6
13.333333333333329,73.08333333333331,2026-09-01T09:00:00Z,2.09,9.2,1.64,279.7
13.333333333333329,73.16666666666666,2026-09-01T09:00:00Z,2.09,9.1,1.64,279.5
13.333333333333329,73.25,2026-09-01T09:00:00Z,2.09,9.1,1.64,279.5
13.333333333333329,73.33333333333331,2026-09-01T09:00:00Z,2.09,9.1,1.65,279.2
13.333333333333329,73.41666666666666,2026-09-01T09:00:00Z,2.08,9.1,1.66,279.3
13.333333333333329,73.5,2026-09-01T09:00:00Z,2.07,9.0,1.67,279.6
13.333333333333329,73.58333333333331,2026-09-01T09:00:00Z,2.06,9.0,1.68,279.9
13.333333333333329,73.66666666666666,2026-09-01T09:00:00Z,2.05,8.9,1.69,279.9
13.333333333333329,73.75,2026-09-01T09:00:00Z,2.03,8.9,1.7,279.9
13.333333333333329,73.83333333333331,2026-09-01T09:00:00Z,2.01,8.9,1.69,279.9
13.333333333333329,73.91666666666666,2026-09-01T09:00:00Z,1.98,8.9,1.68,279.9
13.333333333333329,74.0,2026-09-01T09:00:00Z,1.96,8.9,1.66,279.9
13.333333333333329,74.08333333333331,2026-09-01T09:00:00Z,1.93,8.9,1.63,280.0
13.333333333333329,74.16666666666666,2026-09-01T09:00:00Z,1.89,8.8,1.59,280.0
13.333333333333329,74.25,2026-09-01T09:00:00Z,1.84,8.8,1.55,280.0
13.333333333333329,74.33333333333331,2026-09-01T09:00:00Z,1.79,8.7,1.52,280.1
13.333333333333329,74.41666666666666,2026-09-01T09:00:00Z,1.75,8.7,1.5,279.9
13.333333333333329,74.5,2026-09-01T09:00:00Z,1.72,8.7,1.48,279.6
13.333333333333329,74.58333333333331,2026-09-01T09:00:00Z,1.67,8.7,1.44,278.6
13.333333333333329,74.66666666666666,2026-09-01T09:00:00Z,1.55,8.8,1.35,276.8
13.333333333333329,80.41666666666663,2026-09-01T09:00:00Z,0.88,14.2,0.68,145.8
13.333333333333329,80.5,2026-09-01T09:00:00Z,1.06,14.4,0.9,149.1
13.333333333333329,80.58333333333331,2026-09-01T09:00:00Z,1.11,13.7,0.89,150.8
13.333333333333329,80.66666666666663,2026-09-01T09:00:00Z,1.16,13.9,0.96,151.7
13.333333333333329,80.75,2026-09-01T09:00:00Z,1.2,14.1,1.01,151.7
13.333333333333329,80.83333333333331,2026-09-01T09:00:00Z,1.22,14.1,1.02,152.3
13.333333333333329,80.91666666666663,2026-09-01T09:00:00Z,1.24,14.2,1.02,153.1
13.333333333333329,81.0,2026-09-01T09:00:00Z,1.26,14.2,1.03,154.1
13.416666666666657,73.0,2026-09-01T09:00:00Z,2.1,9.2,1.65,279.9
13.416666666666657,73.08333333333331,2026-09-01T09:00:00Z,2.1,9.2,1.66,279.8
13.416666666666657,73.16666666666666,2026-09-01T09:00:00Z,2.1,9.1,1.66,279.4
13.416666666666657,73.25,2026-09-01T09:00:00Z,2.1,9.1,1.66,279.4
13.416666666666657,73.33333333333331,2026-09-01T09:00:00Z,2.09,9.1,1.66,279.1
13.416666666666657,73.41666666666666,2026-09-01T09:00:00Z,2.09,9.1,1.67,278.8
13.416666666666657,73.5,2026-09-01T09:00:00Z,2.07,9.0,1.68,278.8
13.416666666666657,73.58333333333331,2026-09-01T09:00:00Z,2.07,9.0,1.69,279.1
13.416666666666657,73.66666666666666,2026-09-01T09:00:00Z,2.05,9.0,1.7,279.2
13.416666666666657,73.75,2026-09-01T09:00:00Z,2.03,8.9,1.71,279.2
13.416666666666657,73.83333333333331,2026-09-01T09:00:00Z,2.01,8.9,1.7,279.3
13.416666666666657,73.91666666666666,2026-09-01T09:00:00Z,1.98,8.9,1.68,279.5
13.416666666666657,74.0,2026-09-01T09:00:00Z,1.96,8.9,1.66,279.6
13.416666666666657,74.08333333333331,2026-09-01T09:00:00Z,1.92,8.9,1.63,279.9
13.416666666666657,74.16666666666666,2026-09-01T09:00:00Z,1.88,8.9,1.6,279.8
13.416666666666657,74.25,2026-09-01T09:00:00Z,1.83,8.8,1.56,279.8
13.416666666666657,74.33333333333331,2026-09-01T09:00:00Z,1.78,8.8,1.53,279.6
13.416666666666657,74.41666666666666,2026-09-01T09:00:00Z,1.74,8.8,1.5,279.4
13.416666666666657,74.5,2026-09-01T09:00:00Z,1.7,8.8,1.48,279.1
13.416666666666657,74.58333333333331,2026-09-01T09:00:00Z,1.65,8.8,1.43,278.1
13.416666666666657,80.41666666666663,2026-09-01T09:00:00Z,0.83,14.4,0.57,145.1
13.416666666666657,80.5,2026-09-01T09:00:00Z,1.02,14.5,0.83,149.4
13.416666666666657,80.58333333333331,2026-09-01T09:00:00Z,1.08,12.9,0.76,150.8
13.416666666666657,80.66666666666663,2026-09-01T09:00:00Z,1.15,13.6,0.91,152.1
13.416666666666657,80.75,2026-09-01T09:00:00Z,1.2,14.2,1.0,152.1
13.416666666666657,80.83333333333331,2026-09-01T09:00:00Z,1.22,14.3,1.01,152.7
13.416666666666657,80.91666666666663,2026-09-01T09:00:00Z,1.24,14.3,1.02,153.6
13.416666666666657,81.0,2026-09-01T09:00:00Z,1.26,14.3,1.03,154.5
13.5,73.0,2026-09-01T09:00:00Z,2.11,9.2,1.66,279.5
13.5,73.08333333333331,2026-09-01T09:00:00Z,2.11,9.2,1.67,279.4
13.5,73.16666666666666,2026-09-01T09:00:00Z,2.11,9.1,1.67,279.2
13.5,73.25,2026-09-01T09:00:00Z,2.1,9.1,1.67,279.2
13.5,73.33333333333331,2026-09-01T09:00:00Z,2.1,9.1,1.67,278.6
13.5,73.41666666666666,2026-09-01T09:00:00Z,2.09,9.1,1.68,278.3
13.5,73.5,2026-09-01T09:00:00Z,2.08,9.1,1.69,278.5
13.5,73.58333333333331,2026-09-01T09:00:00Z,2.07,9.0,1.69,278.2
13.5,73.66666666666666,2026-09-01T09:00:00Z,2.05,9.0,1.7,278.6
13.5,73.75,2026-09-01T09:00:00Z,2.03,8.9,1.71,278.6
13.5,73.83333333333331,2026-09-01T09:00:00Z,2.01,8.9,1.7,278.8
13.5,73.91666666666666,2026-09-01T09:00:00Z,1.98,8.9,1.69,279.3
13.5,74.0,2026-09-01T09:00:00Z,1.95,8.9,1.66,279.5
13.5,74.08333333333331,2026-09-01T09:00:00Z,1.91,8.9,1.62,279.4
13.5,74.16666666666666,2026-09-01T09:00:00Z,1.88,8.9,1.59,278.9
13.5,74.25,2026-09-01T09:00:00Z,1.84,8.9,1.57,278.9
13.5,74.33333333333331,2026-09-01T09:00:00Z,1.8,8.9,1.55,278.3
13.5,74.41666666666666,2026-09-01T09:00:00Z,1.76,8.8,1.52,278.0
13.5,74.5,2026-09-01T09:00:00Z,1.72,8.8,1.5,277.3
13.5,74.58333333333331,2026-09-01T09:00:00Z,1.68,8.8,1.47,276.1
13.5,80.41666666666663,2026-09-01T09:00:00Z,0.81,14.1,0.56,144.5
13.5,80.5,2026-09-01T09:00:00Z,0.99,13.9,0.8,149.3
13.5,80.58333333333331,2026-09-01T09:00:00Z,1.06,12.6,0.74,151.2
13.5,80.66666666666663,2026-09-01T09:00:00Z,1.14,13.7,0.89,152.1
13.5,80.75,2026-09-01T09:00:00Z,1.19,14.4,0.97,152.1
13.5,80.83333333333331,2026-09-01T09:00:00Z,1.22,14.4,0.99,152.7
13.5,80.91666666666663,2026-09-01T09:00:00Z,1.24,14.4,0.99,153.5
13.5,81.0,2026-09-01T09:00:00Z,1.26,14.5,1.0,154.5
13.583333333333329,73.0,2026-09-01T09:00:00Z,2.12,9.2,1.65,278.3
13.583333333333329,73.08333333333331,2026-09-01T09:00:00Z,2.12,9.2,1.67,278.5
13.583333333333329,73.16666666666666,2026-09-01T09:00:00Z,2.12,9.1,1.68,278.2
13.583333333333329,73.25,2026-09-01T09:00:00Z,2.11,9.1,1.69,278.2
13.583333333333329,73.33333333333331,2026-09-01T09:00:00Z,2.11,9.1,1.69,277.8
13.583333333333329,73.41666666666666,2026-09-01T09:00:00Z,2.1,9.1,1.69,277.5
13.583333333333329,73.5,2026-09-01T09:00:00Z,2.09,9.0,1.69,277.5
13.583333333333329,73.58333333333331,2026-09-01T09:00:00Z,2.07,9.0,1.7,277.4
13.583333333333329,73.66666666666666,2026-09-01T09:00:00Z,2.05,9.0,1.71,277.7
13.583333333333329,73.75,2026-09-01T09:00:00Z,2.03,8.9,1.72,277.7
13.583333333333329,73.83333333333331,2026-09-01T09:00:00Z,2.0,8.9,1.7,278.3
13.583333333333329,73.91666666666666,2026-09-01T09:00:00Z,1.97,8.9,1.68,278.7
13.583333333333329,74.0,2026-09-01T09:00:00Z,1.94,8.9,1.65,278.7
13.583333333333329,74.08333333333331,2026-09-01T09:00:00Z,1.91,8.9,1.63,278.3
13.583333333333329,74.16666666666666,2026-09-01T09:00:00Z,1.87,8.9,1.6,277.8
13.583333333333329,74.25,2026-09-01T09:00:00Z,1.84,8.9,1.58,277.8
13.583333333333329,74.33333333333331,2026-09-01T09:00:00Z,1.81,8.9,1.56,277.3
13.583333333333329,74.41666666666666,2026-09-01T09:00:00Z,1.77,8.9,1.53,276.9
13.583333333333329,74.5,2026-09-01T09:00:00Z,1.74,8.8,1.43,272.5
13.583333333333329,74.58333333333331,2026-09-01T09:00:00Z,1.68,8.8,1.28,265.8
13.583333333333329,80.41666666666663,2026-09-01T09:00:00Z,0.81,14.1,0.64,145.3
13.583333333333329,80.5,2026-09-01T09:00:00Z,0.97,14.0,0.9,151.8
13.583333333333329,80.58333333333331,2026-09-01T09:00:00Z,1.07,14.0,0.92,152.9
13.583333333333329,80.66666666666663,2026-09-01T09:00:00Z,1.14,14.3,0.95,152.3
13.583333333333329,80.75,2026-09-01T09:00:00Z,1.19,14.5,0.97,152.3
13.583333333333329,80.83333333333331,2026-09-01T09:00:00Z,1.22,14.6,0.98,153.1
13.583333333333329,80.91666666666663,2026-09-01T09:00:00Z,1.24,14.6,0.99,153.9
13.583333333333329,81.0,2026-09-01T09:00:00Z,1.27,14.6,0.99,154.4
13.666666666666657,73.0,2026-09-01T09:00:00Z,2.13,9.2,1.64,277.3
13.666666666666657,73.08333333333331,2026-09-01T09:00:00Z,2.13,9.1,1.67,277.2
13.666666666666657,73.16666666666666,2026-09-01T09:00:00Z,2.13,9.1,1.7,277.1
13.666666666666657,73.25,2026-09-01T09:00:00Z,2.13,9.1,1.71,277.1
13.666666666666657,73.33333333333331,2026-09-01T09:00:00Z,2.12,9.1,1.71,276.9
13.666666666666657,73.41666666666666,2026-09-01T09:00:00Z,2.11,9.0,1.7,276.6
13.666666666666657,73.5,2026-09-01T09:00:00Z,2.1,9.0,1.69,276.5
13.666666666666657,73.58333333333331,2026-09-01T09:00:00Z,2.08,9.0,1.71,276.6
13.666666666666657,73.66666666666666,2026-09-01T09:00:00Z,2.06,8.9,1.72,277.0
13.666666666666657,73.75,2026-09-01T09:00:00Z,2.03,8.9,1.73,277.0
13.666666666666657,73.83333333333331,2026-09-01T09:00:00Z,2.0,8.9,1.71,277.5
13.666666666666657,73.91666666666666,2026-09-01T09:00:00Z,1.96,8.9,1.68,277.8
13.666666666666657,74.0,2026-09-01T09:00:00Z,1.92,8.9,1.65,277.6
13.666666666666657,74.08333333333331,2026-09-01T09:00:00Z,1.9,8.9,1.63,277.2
13.666666666666657,74.16666666666666,2026-09-01T09:00:00Z,1.87,8.9,1.61,276.8
13.666666666666657,74.25,2026-09-01T09:00:00Z,1.85,8.9,1.59,276.8
13.666666666666657,74.33333333333331,2026-09-01T09:00:00Z,1.82,8.9,1.57,276.1
13.666666666666657,74.41666666666666,2026-09-01T09:00:00Z,1.78,8.9,1.55,275.5
13.666666666666657,74.5,2026-09-01T09:00:00Z,1.75,8.9,1.5,275.3
13.666666666666657,74.58333333333331,2026-09-01T09:00:00Z,1.67,8.9,1.39,273.7
13.666666666666657,74.66666666666666,2026-09-01T09:00:00Z,1.31,7.8,1.09,271.0
13.666666666666657,80.33333333333331,2026-09-01T09:00:00Z,0.57,14.0,0.36,141.3
13.666666666666657,80.41666666666663,2026-09-01T09:00:00Z,0.76,13.8,0.55,145.6
13.666666666666657,80.5,2026-09-01T09:00:00Z,0.98,13.2,0.78,149.2
13.666666666666657,80.58333333333331,2026-09-01T09:00:00Z,1.07,14.1,0.94,151.4
13.666666666666657,80.66666666666663,2026-09-01T09:00:00Z,1.14,14.5,0.96,152.7
13.666666666666657,80.75,2026-09-01T09:00:00Z,1.18,14.6,0.97,152.7
13.666666666666657,80.83333333333331,2026-09-01T09:00:00Z,1.22,14.7,0.98,153.6
13.666666666666657,80.91666666666663,2026-09-01T09:00:00Z,1.24,14.7,0.99,154.4
13.666666666666657,81.0,2026-09-01T09:00:00Z,1.27,14.8,1.0,155.2
13.75,73.0,2026-09-01T09:00:00Z,2.14,9.1,1.64,276.6
13.75,73.08333333333331,2026-09-01T09:00:00Z,2.15,9.1,1.68,276.5
13.75,73.16666666666666,2026-09-01T09:00:00Z,2.15,9.0,1.71,276.7
13.75,73.25,2026-09-01T09:00:00Z,2.14,9.0,1.72,276.7
13.75,73.33333333333331,2026-09-01T09:00:00Z,2.13,9.0,1.72,276.4
13.75,73.41666666666666,2026-09-01T09:00:00Z,2.12,9.0,1.72,276.0
13.75,73.5,2026-09-01T09:00:00Z,2.1,9.0,1.71,276.0
13.75,73.58333333333331,2026-09-01T09:00:00Z,2.08,9.0,1.72,276.1
13.75,73.66666666666666,2026-09-01T09:00:00Z,2.06,8.9,1.74,276.5
13.75,73.75,2026-09-01T09:00:00Z,2.04,8.9,1.74,276.5
13.75,73.83333333333331,2026-09-01T09:00:00Z,2.0,8.9,1.71,276.6
13.75,73.91666666666666,2026-09-01T09:00:00Z,1.95,8.9,1.68,276.8
13.75,74.0,2026-09-01T09:00:00Z,1.9,8.8,1.64,276.7
13.75,74.08333333333331,2026-09-01T09:00:00Z,1.88,8.9,1.63,276.3
13.75,74.16666666666666,2026-09-01T09:00:00Z,1.87,8.9,1.62,275.6
13.75,74.25,2026-09-01T09:00:00Z,1.85,8.9,1.6,275.6
13.75,74.33333333333331,2026-09-01T09:00:00Z,1.83,8.9,1.59,274.9
13.75,74.41666666666666,2026-09-01T09:00:00Z,1.79,8.9,1.57,274.3
13.75,74.5,2026-09-01T09:00:00Z,1.76,8.8,1.55,273.9
13.75,74.58333333333331,2026-09-01T09:00:00Z,1.66,8.9,1.47,272.7
13.75,74.66666666666666,2026-09-01T09:00:00Z,1.35,8.1,1.19,271.5
13.75,80.33333333333331,2026-09-01T09:00:00Z,0.56,14.0,0.38,141.6
13.75,80.41666666666663,2026-09-01T09:00:00Z,0.76,13.9,0.53,145.6
13.75,80.5,2026-09-01T09:00:00Z,0.97,13.5,0.8,152.5
13.75,80.58333333333331,2026-09-01T09:00:00Z,1.07,14.3,0.95,153.3
13.75,80.66666666666663,2026-09-01T09:00:00Z,1.14,14.6,0.96,153.3
13.75,80.75,2026-09-01T09:00:00Z,1.18,14.8,0.97,153.3
13.75,80.83333333333331,2026-09-01T09:00:00Z,1.22,14.8,0.98,154.0
13.75,80.91666666666663,2026-09-01T09:00:00Z,1.25,14.9,0.99,154.8
13.75,81.0,2026-09-01T09:00:00Z,1.27,15.0,1.0,155.0
13.833333333333329,73.0,2026-09-01T09:00:00Z,2.15,9.1,1.66,276.6
13.833333333333329,73.08333333333331,2026-09-01T09:00:00Z,2.16,9.1,1.68,276.5
13.833333333333329,73.16666666666666,2026-09-01T09:00:00Z,2.16,9.0,1.7,276.7
13.833333333333329,73.25,2026-09-01T09:00:00Z,2.15,9.0,1.72,276.7
13.833333333333329,73.33333333333331,2026-09-01T09:00:00Z,2.14,9.0,1.72,276.4
13.833333333333329,73.41666666666666,2026-09-01T09:00:00Z,2.13,9.0,1.72,276.0
13.833333333333329,73.5,2026-09-01T09:00:00Z,2.11,9.0,1.72,276.0
13.833333333333329,73.58333333333331,2026-09-01T09:00:00Z,2.08,9.0,1.73,276.1
13.833333333333329,73.66666666666666,2026-09-01T09:00:00Z,2.06,8.9,1.75,276.5
13.833333333333329,73.75,2026-09-01T09:00:00Z,2.04,8.9,1.74,276.5
13.833333333333329,73.83333333333331,2026-09-01T09:00:00Z,2.0,8.9,1.72,276.6
13.833333333333329,73.91666666666666,2026-09-01T09:00:00Z,1.95,8.9,1.67,276.8
13.833333333333329,74.0,2026-09-01T09:00:00Z,1.9,8.8,1.56,276.7
13.833333333333329,74.08333333333331,2026-09-01T09:00:00Z,1.88,8.8,1.51,276.3
13.833333333333329,74.16666666666666,2026-09-01T09:00:00Z,1.87,8.8,1.49,275.6
13.833333333333329,74.25,2026-09-01T09:00:00Z,1.85,8.9,1.49,275.6
13.833333333333329,74.33333333333331,2026-09-01T09:00:00Z,1.83,8.8,1.48,274.9
13.833333333333329,74.41666666666666,2026-09-01T09:00:00Z,1.8,8.8,1.46,274.3
13.833333333333329,74.5,2026-09-01T09:00:00Z,1.76,8.8,1.43,273.9
13.833333333333329,74.58333333333331,2026-09-01T09:00:00Z,1.67,8.8,1.38,272.7
13.833333333333329,80.25,2026-09-01T09:00:00Z,0.42,12.8,0.34,140.6
13.833333333333329,80.33333333333331,2026-09-01T09:00:00Z,0.59,13.2,0.47,141.6
13.833333333333329,80.41666666666663,2026-09-01T09:00:00Z,0.79,13.6,0.64,145.6
13.833333333333329,80.5,2026-09-01T09:00:00Z,0.97,14.2,0.91,152.5
13.833333333333329,80.58333333333331,2026-09-01T09:00:00Z,1.07,14.5,0.96,153.3
13.833333333333329,80.66666666666663,2026-09-01T09:00:00Z,1.13,14.7,0.97,153.3
13.833333333333329,80.75,2026-09-01T09:00:00Z,1.18,14.9,0.97,153.3
13.833333333333329,80.83333333333331,2026-09-01T09:00:00Z,1.22,15.0,0.98,154.0
13.833333333333329,80.91666666666663,2026-09-01T09:00:00Z,1.25,15.1,0.99,154.8
13.833333333333329,81.0,2026-09-01T09:00:00Z,1.28,15.1,0.98,155.0
13.916666666666657,73.0,2026-09-01T09:00:00Z,2.15,9.1,1.68,276.7
13.916666666666657,73.08333333333331,2026-09-01T09:00:00Z,2.16,9.0,1.69,276.3
13.916666666666657,73.16666666666666,2026-09-01T09:00:00Z,2.16,9.0,1.69,276.1
13.916666666666657,73.25,2026-09-01T09:00:00Z,2.16,9.0,1.7,276.1
13.916666666666657,73.33333333333331,2026-09-01T09:00:00Z,2.15,9.0,1.71,275.8
13.916666666666657,73.41666666666666,2026-09-01T09:00:00Z,2.13,9.0,1.72,275.6
13.916666666666657,73.5,2026-09-01T09:00:00Z,2.1,9.0,1.72,275.4
13.916666666666657,73.58333333333331,2026-09-01T09:00:00Z,2.08,9.0,1.74,275.7
13.916666666666657,73.66666666666666,2026-09-01T09:00:00Z,2.06,8.9,1.75,276.1
13.916666666666657,73.75,2026-09-01T09:00:00Z,2.03,8.9,1.74,276.1
13.916666666666657,73.83333333333331,2026-09-01T09:00:00Z,1.99,8.9,1.71,276.4
13.916666666666657,73.91666666666666,2026-09-01T09:00:00Z,1.95,8.9,1.62,276.3
13.916666666666657,74.0,2026-09-01T09:00:00Z,1.9,8.8,1.38,266.4
13.916666666666657,74.08333333333331,2026-09-01T09:00:00Z,1.87,8.8,1.27,260.8
13.916666666666657,74.16666666666666,2026-09-01T09:00:00Z,1.86,8.8,1.24,261.0
13.916666666666657,74.25,2026-09-01T09:00:00Z,1.84,8.8,1.24,261.0
13.916666666666657,74.33333333333331,2026-09-01T09:00:00Z,1.82,8.8,1.22,261.2
13.916666666666657,74.41666666666666,2026-09-01T09:00:00Z,1.78,8.8,1.21,261.3
13.916666666666657,74.5,2026-09-01T09:00:00Z,1.74,8.8,1.2,261.2
13.916666666666657,80.33333333333331,2026-09-01T09:00:00Z,0.62,11.8,0.55,140.2
13.916666666666657,80.41666666666663,2026-09-01T09:00:00Z,0.81,12.4,0.77,147.0
13.916666666666657,80.5,2026-09-01T09:00:00Z,0.97,13.8,0.95,153.3
13.916666666666657,80.58333333333331,2026-09-01T09:00:00Z,1.07,14.5,0.98,153.8
13.916666666666657,80.66666666666663,2026-09-01T09:00:00Z,1.14,14.9,0.97,153.7
13.916666666666657,80.75,2026-09-01T09:00:00Z,1.18,15.1,0.97,153.7
13.916666666666657,80.83333333333331,2026-09-01T09:00:00Z,1.22,15.2,0.98,154.4
13.916666666666657,80.91666666666663,2026-09-01T09:00:00Z,1.25,15.2,0.99,155.2
13.916666666666657,81.0,2026-09-01T09:00:00Z,1.28,15.3,0.97,155.0
14.0,73.0,2026-09-01T09:00:00Z,2.15,9.1,1.69,276.9
14.0,73.08333333333331,2026-09-01T09:00:00Z,2.16,9.0,1.7,276.6
14.0,73.16666666666666,2026-09-01T09:00:00Z,2.16,9.0,1.7,276.1
14.0,73.25,2026-09-01T09:00:00Z,2.16,9.0,1.7,276.1
14.0,73.33333333333331,2026-09-01T09:00:00Z,2.15,9.0,1.7,275.5
14.0,73.41666666666666,2026-09-01T09:00:00Z,2.13,9.0,1.7,274.8
14.0,73.5,2026-09-01T09:00:00Z,2.1,9.0,1.7,274.6
14.0,73.58333333333331,2026-09-01T09:00:00Z,2.07,9.0,1.72,275.0
14.0,73.66666666666666,2026-09-01T09:00:00Z,2.04,9.0,1.73,275.5
14.0,73.75,2026-09-01T09:00:00Z,2.01,8.9,1.72,275.5
14.0,73.83333333333331,2026-09-01T09:00:00Z,1.98,8.9,1.67,275.7
14.0,73.91666666666666,2026-09-01T09:00:00Z,1.94,8.9,1.53,271.9
14.0,74.0,2026-09-01T09:00:00Z,1.89,8.9,1.26,260.0
14.0,74.08333333333331,2026-09-01T09:00:00Z,1.86,8.9,1.25,260.4
14.0,74.16666666666666,2026-09-01T09:00:00Z,1.84,8.9,1.24,260.7
14.0,74.25,2026-09-01T09:00:00Z,1.82,8.8,1.22,260.7
14.0,74.33333333333331,2026-09-01T09:00:00Z,1.79,8.8,1.2,260.7
14.0,80.33333333333331,2026-09-01T09:00:00Z,0.68,11.7,0.6,144.3
14.0,80.41666666666663,2026-09-01T09:00:00Z,0.83,12.1,0.71,147.9
14.0,80.5,2026-09-01T09:00:00Z,0.97,12.9,0.89,153.6
14.0,80.58333333333331,2026-09-01T09:00:00Z,1.07,14.5,1.01,155.9
14.0,80.66666666666663,2026-09-01T09:00:00Z,1.14,15.0,1.0,154.3
14.0,80.75,2026-09-01T09:00:00Z,1.18,15.2,0.98,154.3
14.0,80.83333333333331,2026-09-01T09:00:00Z,1.22,15.4,0.98,154.8
14.0,80.91666666666663,2026-09-01T09:00:00Z,1.25,15.4,0.99,155.4
14.0,81.0,2026-09-01T09:00:00Z,1.28,15.5,0.97,155.1
14.083333333333329,73.0,2026-09-01T09:00:00Z,2.15,9.1,1.69,276.4
14.083333333333329,73.08333333333331,2026-09-01T09:00:00Z,2.16,9.0,1.7,276.3
14.083333333333329,73.16666666666666,2026-09-01T09:00:00Z,2.16,9.0,1.7,276.0
14.083333333333329,73.25,2026-09-01T09:00:00Z,2.16,9.0,1.7,276.0
14.083333333333329,73.33333333333331,2026-09-01T09:00:00Z,2.14,9.0,1.7,275.8
14.083333333333329,73.41666666666666,2026-09-01T09:00:00Z,2.11,9.0,1.7,275.0
14.083333333333329,73.5,2026-09-01T09:00:00Z,2.08,9.0,1.7,274.0
14.083333333333329,73.58333333333331,2026-09-01T09:00:00Z,2.05,9.0,1.72,274.6
14.083333333333329,73.66666666666666,2026-09-01T09:00:00Z,2.03,8.9,1.73,274.8
14.083333333333329,73.75,2026-09-01T09:00:00Z,2.0,8.9,1.71,274.8
14.083333333333329,73.83333333333331,2026-09-01T09:00:00Z,1.96,8.9,1.6,274.7
14.083333333333329,73.91666666666666,2026-09-01T09:00:00Z,1.92,8.9,1.37,262.0
14.083333333333329,74.0,2026-09-01T09:00:00Z,1.88,8.9,1.26,259.6
14.083333333333329,74.08333333333331,2026-09-01T09:00:00Z,1.86,8.9,1.26,260.1
14.083333333333329,74.16666666666666,2026-09-01T09:00:00Z,1.84,8.9,1.25,260.2
14.083333333333329,74.25,2026-09-01T09:00:00Z,1.81,8.8,1.23,260.2
14.083333333333329,74.33333333333331,2026-09-01T09:00:00Z,1.77,8.8,1.21,260.1
14.083333333333329,80.33333333333331,2026-09-01T09:00:00Z,0.7,11.9,0.59,144.1
14.083333333333329,80.41666666666663,2026-09-01T09:00:00Z,0.84,12.4,0.76,148.8
14.083333333333329,80.5,2026-09-01T09:00:00Z,0.98,14.1,0.94,153.7
14.083333333333329,80.58333333333331,2026-09-01T09:00:00Z,1.07,14.9,1.01,154.0
14.083333333333329,80.66666666666663,2026-09-01T09:00:00Z,1.13,15.2,1.0,154.8
14.083333333333329,80.75,2026-09-01T09:00:00Z,1.18,15.4,0.99,154.8
14.083333333333329,80.83333333333331,2026-09-01T09:00:00Z,1.22,15.5,0.98,155.3
14.083333333333329,80.91666666666663,2026-09-01T09:00:00Z,1.25,15.6,0.98,155.2
14.083333333333329,81.0,2026-09-01T09:00:00Z,1.29,15.7,0.95,155.2
14.166666666666657,73.0,2026-09-01T09:00:00Z,2.15,9.0,1.69,275.6
14.166666666666657,73.08333333333331,2026-09-01T09:00:00Z,2.16,9.0,1.69,275.6
14.166666666666657,73.16666666666666,2026-09-01T09:00:00Z,2.16,9.0,1.69,275.4
14.166666666666657,73.25,2026-09-01T09:00:00Z,2.15,9.0,1.69,275.4
14.166666666666657,73.33333333333331,2026-09-01T09:00:00Z,2.13,9.0,1.69,275.1
14.166666666666657,73.41666666666666,2026-09-01T09:00:00Z,2.1,9.0,1.7,274.7
14.166666666666657,73.5,2026-09-01T09:00:00Z,2.07,8.9,1.71,274.4
14.166666666666657,73.58333333333331,2026-09-01T09:00:00Z,2.04,8.9,1.72,274.4
14.166666666666657,73.66666666666666,2026-09-01T09:00:00Z,2.01,8.9,1.72,274.3
14.166666666666657,73.75,2026-09-01T09:00:00Z,1.98,8.9,1.65,274.3
14.166666666666657,73.83333333333331,2026-09-01T09:00:00Z,1.94,8.9,1.49,267.3
14.166666666666657,73.91666666666666,2026-09-01T09:00:00Z,1.91,8.9,1.3,259.0
14.166666666666657,74.0,2026-09-01T09:00:00Z,1.87,8.9,1.27,259.2
14.166666666666657,74.08333333333331,2026-09-01T09:00:00Z,1.85,8.9,1.26,259.5
14.166666666666657,74.16666666666666,2026-09-01T09:00:00Z,1.83,8.9,1.25,259.7
14.166666666666657,74.25,2026-09-01T09:00:00Z,1.79,8.8,1.23,259.7
14.166666666666657,74.33333333333331,2026-09-01T09:00:00Z,1.74,8.8,1.21,259.9
14.166666666666657,80.16666666666663,2026-09-01T09:00:00Z,0.46,11.6,0.38,145.4
14.166666666666657,80.25,2026-09-01T09:00:00Z,0.59,11.9,0.5,145.4
14.166666666666657,80.33333333333331,2026-09-01T09:00:00Z,0.7,11.9,0.61,147.0
14.166666666666657,80.41666666666663,2026-09-01T09:00:00Z,0.81,12.2,0.74,149.9
14.166666666666657,80.5,2026-09-01T09:00:00Z,0.96,13.5,0.91,153.6
14.166666666666657,80.58333333333331,2026-09-01T09:00:00Z,1.06,14.9,1.01,155.8
14.166666666666657,80.66666666666663,2026-09-01T09:00:00Z,1.13,15.4,1.02,155.0
14.166666666666657,80.75,2026-09-01T09:00:00Z,1.18,15.5,1.0,155.0
14.166666666666657,80.83333333333331,2026-09-01T09:00:00Z,1.22,15.7,0.98,155.6
14.166666666666657,80.91666666666663,2026-09-01T09:00:00Z,1.25,15.8,0.97,155.9
14.166666666666657,81.0,2026-09-01T09:00:00Z,1.29,15.9,0.93,155.5
14.25,73.0,2026-09-01T09:00:00Z,2.16,9.0,1.69,275.4
14.25,73.08333333333331,2026-09-01T09:00:00Z,2.16,9.0,1.69,275.0
14.25,73.16666666666666,2026-09-01T09:00:00Z,2.15,9.0,1.68,274.4
14.25,73.25,2026-09-01T09:00:00Z,2.14,9.0,1.68,274.4
14.25,73.33333333333331,2026-09-01T09:00:00Z,2.12,9.0,1.69,274.3
14.25,73.41666666666666,2026-09-01T09:00:00Z,2.09,8.9,1.7,273.7
14.25,73.5,2026-09-01T09:00:00Z,2.05,8.9,1.71,273.7
14.25,73.58333333333331,2026-09-01T09:00:00Z,2.02,8.9,1.71,274.1
14.25,73.66666666666666,2026-09-01T09:00:00Z,1.98,8.9,1.7,273.7
14.25,73.75,2026-09-01T09:00:00Z,1.95,8.9,1.65,273.7
14.25,73.83333333333331,2026-09-01T09:00:00Z,1.92,8.9,1.55,273.3
14.25,73.91666666666666,2026-09-01T09:00:00Z,1.89,8.9,1.46,273.0
14.25,74.0,2026-09-01T09:00:00Z,1.87,8.9,1.44,272.6
14.25,74.08333333333331,2026-09-01T09:00:00Z,1.84,8.9,1.3,259.8
14.25,74.16666666666666,2026-09-01T09:00:00Z,1.82,8.9,1.26,259.2
14.25,74.25,2026-09-01T09:00:00Z,1.78,8.8,1.23,259.2
14.25,74.33333333333331,2026-09-01T09:00:00Z,1.72,8.8,1.24,259.2
14.25,80.25,2026-09-01T09:00:00Z,0.56,11.9,0.49,146.5
14.25,80.33333333333331,2026-09-01T09:00:00Z,0.7,11.8,0.64,146.3
14.25,80.41666666666663,2026-09-01T09:00:00Z,0.81,12.2,0.71,149.2
14.25,80.5,2026-09-01T09:00:00Z,0.96,14.2,0.84,155.1
14.25,80.58333333333331,2026-09-01T09:00:00Z,1.06,15.2,0.98,154.4
14.25,80.66666666666663,2026-09-01T09:00:00Z,1.13,15.5,1.01,155.5
14.25,80.75,2026-09-01T09:00:00Z,1.18,15.7,0.99,155.5
14.25,80.83333333333331,2026-09-01T09:00:00Z,1.22,15.8,0.98,156.0
14.25,80.91666666666663,2026-09-01T09:00:00Z,1.25,16.0,0.97,155.8
14.25,81.0,2026-09-01T09:00:00Z,1.29,16.2,0.92,155.8
14.333333333333329,73.0,2026-09-01T09:00:00Z,2.16,9.0,1.7,275.4
14.333333333333329,73.08333333333331,2026-09-01T09:00:00Z,2.16,9.0,1.69,275.0
14.333333333333329,73.16666666666666,2026-09-01T09:00:00Z,2.15,9.0,1.68,274.4
14.333333333333329,73.25,2026-09-01T09:00:00Z,2.14,9.0,1.68,274.4
14.333333333333329,73.33333333333331,2026-09-01T09:00:00Z,2.12,8.9,1.69,274.3
14.333333333333329,73.41666666666666,2026-09-01T09:00:00Z,2.08,8.9,1.69,273.7
14.333333333333329,73.5,2026-09-01T09:00:00Z,2.03,8.9,1.69,273.7
14.333333333333329,73.58333333333331,2026-09-01T09:00:00Z,1.99,8.8,1.7,274.1
14.333333333333329,73.66666666666666,2026-09-01T09:00:00Z,1.96,8.8,1.68,273.7
14.333333333333329,73.75,2026-09-01T09:00:00Z,1.92,8.8,1.67,273.7
14.333333333333329,73.83333333333331,2026-09-01T09:00:00Z,1.9,8.8,1.65,273.3
14.333333333333329,73.91666666666666,2026-09-01T09:00:00Z,1.88,8.8,1.64,273.0
14.333333333333329,74.0,2026-09-01T09:00:00Z,1.86,8.9,1.62,272.6
14.333333333333329,74.08333333333331,2026-09-01T09:00:00Z,1.84,8.9,1.43,259.8
14.333333333333329,74.16666666666666,2026-09-01T09:00:00Z,1.8,8.9,1.37,259.2
14.333333333333329,74.25,2026-09-01T09:00:00Z,1.76,8.8,1.33,259.2
14.333333333333329,74.33333333333331,2026-09-01T09:00:00Z,1.69,8.8,1.35,259.2
14.333333333333329,80.25,2026-09-01T09:00:00Z,0.57,11.7,0.51,146.5
14.333333333333329,80.33333333333331,2026-09-01T09:00:00Z,0.72,11.7,0.67,146.3
14.333333333333329,80.41666666666663,2026-09-01T09:00:00Z,0.83,12.3,0.71,149.2
14.333333333333329,80.5,2026-09-01T09:00:00Z,0.98,15.3,0.79,155.1
14.333333333333329,80.58333333333331,2026-09-01T09:00:00Z,1.07,15.5,0.96,154.4
14.333333333333329,80.66666666666663,2026-09-01T09:00:00Z,1.13,15.7,1.02,155.5
14.333333333333329,80.75,2026-09-01T09:00:00Z,1.18,15.9,1.01,155.5
14.333333333333329,80.83333333333331,2026-09-01T09:00:00Z,1.22,16.0,0.98,156.0
14.333333333333329,80.91666666666663,2026-09-01T09:00:00Z,1.26,16.2,0.95,155.8
14.333333333333329,81.0,2026-09-01T09:00:00Z,1.3,16.5,0.9,155.8
14.416666666666657,73.0,2026-09-01T09:00:00Z,2.17,9.0,1.71,275.4
14.416666666666657,73.08333333333331,2026-09-01T09:00:00Z,2.16,9.0,1.7,274.8
14.416666666666657,73.16666666666666,2026-09-01T09:00:00Z,2.16,8.9,1.69,273.8
14.416666666666657,73.25,2026-09-01T09:00:00Z,2.15,8.9,1.69,273.8
14.416666666666657,73.33333333333331,2026-09-01T09:00:00Z,2.12,8.9,1.7,272.8
14.416666666666657,73.41666666666666,2026-09-01T09:00:00Z,2.08,8.9,1.69,272.5
14.416666666666657,73.5,2026-09-01T09:00:00Z,2.03,8.8,1.69,272.8
14.416666666666657,73.58333333333331,2026-09-01T09:00:00Z,1.98,8.8,1.68,273.0
14.416666666666657,73.66666666666666,2026-09-01T09:00:00Z,1.94,8.8,1.67,272.8
14.416666666666657,73.75,2026-09-01T09:00:00Z,1.91,8.8,1.65,272.8
14.416666666666657,73.83333333333331,2026-09-01T09:00:00Z,1.88,8.8,1.64,272.4
14.416666666666657,73.91666666666666,2026-09-01T09:00:00Z,1.87,8.8,1.63,271.9
14.416666666666657,74.0,2026-09-01T09:00:00Z,1.85,8.9,1.62,271.7
14.416666666666657,74.08333333333331,2026-09-01T09:00:00Z,1.82,8.9,1.6,271.3
14.416666666666657,74.16666666666666,2026-09-01T09:00:00Z,1.79,8.9,1.58,270.8
14.416666666666657,74.25,2026-09-01T09:00:00Z,1.74,8.9,1.54,270.8
14.416666666666657,74.33333333333331,2026-09-01T09:00:00Z,1.67,8.8,1.48,270.0
14.416666666666657,80.25,2026-09-01T09:00:00Z,0.61,11.5,0.57,142.5
14.416666666666657,80.33333333333331,2026-09-01T09:00:00Z,0.75,11.6,0.68,146.2
14.416666666666657,80.41666666666663,2026-09-01T09:00:00Z,0.86,12.7,0.73,149.2
14.416666666666657,80.5,2026-09-01T09:00:00Z,0.99,15.4,0.81,155.1
14.416666666666657,80.58333333333331,2026-09-01T09:00:00Z,1.07,15.7,0.97,154.7
14.416666666666657,80.66666666666663,2026-09-01T09:00:00Z,1.13,15.9,1.08,160.0
14.416666666666657,80.75,2026-09-01T09:00:00Z,1.18,16.0,1.06,160.0
14.416666666666657,80.83333333333331,2026-09-01T09:00:00Z,1.22,16.2,0.98,157.1
14.416666666666657,80.91666666666663,2026-09-01T09:00:00Z,1.26,16.5,0.92,156.0
14.416666666666657,81.0,2026-09-01T09:00:00Z,1.3,16.7,0.9,156.3
14.5,73.0,2026-09-01T09:00:00Z,2.17,8.9,1.72,275.7
14.5,73.08333333333331,2026-09-01T09:00:00Z,2.18,8.9,1.72,274.7
14.5,73.16666666666666,2026-09-01T09:00:00Z,2.18,8.9,1.72,273.3
14.5,73.25,2026-09-01T09:00:00Z,2.16,8.9,1.72,273.3
14.5,73.33333333333331,2026-09-01T09:00:00Z,2.13,8.9,1.72,272.2
14.5,73.41666666666666,2026-09-01T09:00:00Z,2.09,8.9,1.71,271.4
14.5,73.5,2026-09-01T09:00:00Z,2.04,8.8,1.7,271.2
14.5,73.58333333333331,2026-09-01T09:00:00Z,2.0,8.8,1.69,271.3
14.5,73.66666666666666,2026-09-01T09:00:00Z,1.96,8.8,1.68,271.4
14.5,73.75,2026-09-01T09:00:00Z,1.92,8.8,1.66,271.4
14.5,73.83333333333331,2026-09-01T09:00:00Z,1.88,8.8,1.65,271.2
14.5,73.91666666666666,2026-09-01T09:00:00Z,1.86,8.8,1.63,271.0
14.5,74.0,2026-09-01T09:00:00Z,1.84,8.9,1.61,270.8
14.5,74.08333333333331,2026-09-01T09:00:00Z,1.81,8.9,1.59,270.3
14.5,74.16666666666666,2026-09-01T09:00:00Z,1.77,8.9,1.56,269.5
14.5,74.25,2026-09-01T09:00:00Z,1.72,8.9,1.52,269.5
14.5,74.33333333333331,2026-09-01T09:00:00Z,1.67,8.9,1.47,268.0
14.5,80.25,2026-09-01T09:00:00Z,0.61,11.8,0.56,143.7
14.5,80.33333333333331,2026-09-01T09:00:00Z,0.75,12.4,0.67,146.3
14.5,80.41666666666663,2026-09-01T09:00:00Z,0.87,14.1,0.75,150.2
14.5,80.5,2026-09-01T09:00:00Z,0.98,15.6,0.88,154.4
14.5,80.58333333333331,2026-09-01T09:00:00Z,1.06,15.8,1.03,157.9
14.5,80.66666666666663,2026-09-01T09:00:00Z,1.12,16.0,1.05,158.4
14.5,80.75,2026-09-01T09:00:00Z,1.18,16.2,1.02,158.4
14.5,80.83333333333331,2026-09-01T09:00:00Z,1.22,16.5,0.96,156.6
14.5,80.91666666666663,2026-09-01T09:00:00Z,1.26,16.7,0.93,156.3
14.5,81.0,2026-09-01T09:00:00Z,1.3,17.0,0.93,157.5
14.583333333333329,73.0,2026-09-01T09:00:00Z,2.19,8.9,1.73,274.9
14.583333333333329,73.08333333333331,2026-09-01T09:00:00Z,2.19,8.9,1.73,273.8
14.583333333333329,73.16666666666666,2026-09-01T09:00:00Z,2.19,8.8,1.74,272.8
14.583333333333329,73.25,2026-09-01T09:00:00Z,2.17,8.8,1.74,272.8
14.583333333333329,73.33333333333331,2026-09-01T09:00:00Z,2.13,8.8,1.73,272.0
14.583333333333329,73.41666666666666,2026-09-01T09:00:00Z,2.08,8.8,1.72,270.7
14.583333333333329,73.5,2026-09-01T09:00:00Z,2.04,8.8,1.7,269.6
14.583333333333329,73.58333333333331,2026-09-01T09:00:00Z,1.99,8.8,1.69,269.3
14.583333333333329,73.66666666666666,2026-09-01T09:00:00Z,1.95,8.8,1.68,269.9
14.583333333333329,73.75,2026-09-01T09:00:00Z,1.91,8.8,1.66,269.9
14.583333333333329,73.83333333333331,2026-09-01T09:00:00Z,1.88,8.8,1.64,270.1
14.583333333333329,73.91666666666666,2026-09-01T09:00:00Z,1.85,8.8,1.62,270.0
14.583333333333329,74.0,2026-09-01T09:00:00Z,1.82,8.8,1.6,269.7
14.583333333333329,74.08333333333331,2026-09-01T09:00:00Z,1.78,8.9,1.57,269.0
14.583333333333329,74.16666666666666,2026-09-01T09:00:00Z,1.74,8.8,1.53,267.8
14.583333333333329,74.25,2026-09-01T09:00:00Z,1.66,8.8,1.47,267.8
14.583333333333329,74.33333333333331,2026-09-01T09:00:00Z,1.42,8.8,1.28,266.0
14.583333333333329,80.25,2026-09-01T09:00:00Z,0.52,11.9,0.46,144.1
14.583333333333329,80.33333333333331,2026-09-01T09:00:00Z,0.7,12.2,0.62,146.4
14.583333333333329,80.41666666666663,2026-09-01T09:00:00Z,0.88,13.2,0.8,149.8
14.583333333333329,80.5,2026-09-01T09:00:00Z,0.98,15.8,0.95,154.3
14.583333333333329,80.58333333333331,2026-09-01T09:00:00Z,1.06,16.0,1.04,158.2
14.583333333333329,80.66666666666663,2026-09-01T09:00:00Z,1.12,16.2,1.09,160.8
14.583333333333329,80.75,2026-09-01T09:00:00Z,1.17,16.4,1.04,160.8
14.583333333333329,80.83333333333331,2026-09-01T09:00:00Z,1.22,16.7,0.96,157.4
14.583333333333329,80.91666666666663,2026-09-01T09:00:00Z,1.26,17.0,0.92,156.4
14.583333333333329,81.0,2026-09-01T09:00:00Z,1.3,17.2,0.9,157.1
14.666666666666657,73.0,2026-09-01T09:00:00Z,2.2,8.9,1.72,273.5
14.666666666666657,73.08333333333331,2026-09-01T09:00:00Z,2.21,8.8,1.72,272.6
14.666666666666657,73.16666666666666,2026-09-01T09:00:00Z,2.19,8.8,1.73,272.1
14.666666666666657,73.25,2026-09-01T09:00:00Z,2.15,8.7,1.73,272.1
14.666666666666657,73.33333333333331,2026-09-01T09:00:00Z,2.1,8.7,1.72,272.3
14.666666666666657,73.41666666666666,2026-09-01T09:00:00Z,2.05,8.8,1.68,269.7
14.666666666666657,73.5,2026-09-01T09:00:00Z,2.02,8.8,1.66,267.1
14.666666666666657,73.58333333333331,2026-09-01T09:00:00Z,1.96,8.8,1.65,267.4
14.666666666666657,73.66666666666666,2026-09-01T09:00:00Z,1.92,8.8,1.64,268.5
14.666666666666657,73.75,2026-09-01T09:00:00Z,1.88,8.8,1.63,268.5
14.666666666666657,73.83333333333331,2026-09-01T09:00:00Z,1.85,8.8,1.62,269.1
14.666666666666657,73.91666666666666,2026-09-01T09:00:00Z,1.82,8.8,1.6,269.2
14.666666666666657,74.0,2026-09-01T09:00:00Z,1.79,8.8,1.57,268.8
14.666666666666657,74.08333333333331,2026-09-01T09:00:00Z,1.74,8.8,1.52,267.4
14.666666666666657,74.16666666666666,2026-09-01T09:00:00Z,1.67,8.7,1.45,264.9
14.666666666666657,80.25,2026-09-01T09:00:00Z,0.56,11.7,0.47,148.0
14.666666666666657,80.33333333333331,2026-09-01T09:00:00Z,0.71,12.1,0.63,148.6
14.666666666666657,80.41666666666663,2026-09-01T09:00:00Z,0.88,13.1,0.79,150.9
14.666666666666657,80.5,2026-09-01T09:00:00Z,0.99,15.3,0.93,154.5
14.666666666666657,80.58333333333331,2026-09-01T09:00:00Z,1.06,16.0,1.03,158.1
14.666666666666657,80.66666666666663,2026-09-01T09:00:00Z,1.12,16.4,1.05,158.5
14.666666666666657,80.75,2026-09-01T09:00:00Z,1.17,16.7,1.01,158.5
14.666666666666657,80.83333333333331,2026-09-01T09:00:00Z,1.22,16.9,0.94,156.9
14.666666666666657,80.91666666666663,2026-09-01T09:00:00Z,1.26,17.1,0.9,156.7
14.666666666666657,81.0,2026-09-01T09:00:00Z,1.3,17.4,0.93,158.5
14.75,73.0,2026-09-01T09:00:00Z,2.21,8.8,1.72,272.7
14.75,73.08333333333331,2026-09-01T09:00:00Z,2.22,8.8,1.72,272.4
14.75,73.16666666666666,2026-09-01T09:00:00Z,2.19,8.7,1.72,272.2
14.75,73.25,2026-09-01T09:00:00Z,2.13,8.7,1.73,272.2
14.75,73.33333333333331,2026-09-01T09:00:00Z,1.98,8.7,1.64,272.1
14.75,73.41666666666666,2026-09-01T09:00:00Z,1.75,9.3,1.43,272.2
14.75,73.5,2026-09-01T09:00:00Z,1.67,12.6,1.33,272.1
14.75,73.58333333333331,2026-09-01T09:00:00Z,1.71,12.5,1.19,184.0
14.75,73.66666666666666,2026-09-01T09:00:00Z,1.74,12.5,1.16,199.3
14.75,73.75,2026-09-01T09:00:00Z,1.76,11.0,1.3,199.3
14.75,73.83333333333331,2026-09-01T09:00:00Z,1.75,9.2,1.46,260.3
14.75,73.91666666666666,2026-09-01T09:00:00Z,1.73,8.7,1.49,271.1
14.75,74.0,2026-09-01T09:00:00Z,1.69,8.7,1.46,269.6
14.75,74.08333333333331,2026-09-01T09:00:00Z,1.59,8.8,1.38,267.8
14.75,74.16666666666666,2026-09-01T09:00:00Z,1.39,8.7,1.22,263.7
14.75,80.25,2026-09-01T09:00:00Z,0.59,11.6,0.52,144.5
14.75,80.33333333333331,2026-09-01T09:00:00Z,0.74,12.1,0.67,148.2
14.75,80.41666666666663,2026-09-01T09:00:00Z,0.89,13.3,0.79,150.8
14.75,80.5,2026-09-01T09:00:00Z,0.99,15.1,0.92,154.3
14.75,80.58333333333331,2026-09-01T09:00:00Z,1.06,16.1,1.02,158.1
14.75,80.66666666666663,2026-09-01T09:00:00Z,1.11,16.5,1.03,158.7
14.75,80.75,2026-09-01T09:00:00Z,1.16,16.8,0.98,158.7
14.75,80.83333333333331,2026-09-01T09:00:00Z,1.21,17.1,0.92,157.2
14.75,80.91666666666663,2026-09-01T09:00:00Z,1.25,17.3,0.9,157.0
14.75,81.0,2026-09-01T09:00:00Z,1.29,17.5,0.94,158.8
14.833333333333329,73.0,2026-09-01T09:00:00Z,2.22,8.8,1.72,272.7
14.833333333333329,73.08333333333331,2026-09-01T09:00:00Z,2.21,8.8,1.72,272.4
14.833333333333329,73.16666666666666,2026-09-01T09:00:00Z,2.19,8.7,1.72,272.2
14.833333333333329,73.25,2026-09-01T09:00:00Z,2.11,8.7,1.72,272.2
14.833333333333329,73.33333333333331,2026-09-01T09:00:00Z,1.91,8.7,1.58,272.1
14.833333333333329,73.41666666666666,2026-09-01T09:00:00Z,1.59,9.5,1.26,272.2
14.833333333333329,73.5,2026-09-01T09:00:00Z,1.44,13.8,1.09,272.1
14.833333333333329,73.58333333333331,2026-09-01T09:00:00Z,1.52,13.6,0.95,184.0
14.833333333333329,73.66666666666666,2026-09-01T09:00:00Z,1.61,13.7,0.95,199.3
14.833333333333329,73.75,2026-09-01T09:00:00Z,1.66,11.6,1.15,199.3
14.833333333333329,73.83333333333331,2026-09-01T09:00:00Z,1.67,9.2,1.36,260.3
14.833333333333329,73.91666666666666,2026-09-01T09:00:00Z,1.65,8.6,1.41,271.1
14.833333333333329,74.0,2026-09-01T09:00:00Z,1.6,8.6,1.37,269.6
14.833333333333329,74.08333333333331,2026-09-01T09:00:00Z,1.44,8.7,1.26,267.8
14.833333333333329,80.16666666666663,2026-09-01T09:00:00Z,0.47,11.6,0.4,144.5
14.833333333333329,80.25,2026-09-01T09:00:00Z,0.62,11.6,0.58,144.5
14.833333333333329,80.33333333333331,2026-09-01T09:00:00Z,0.77,12.0,0.71,148.2
14.833333333333329,80.41666666666663,2026-09-01T09:00:00Z,0.89,13.2,0.81,150.8
14.833333333333329,80.5,2026-09-01T09:00:00Z,0.99,15.2,0.94,154.3
14.833333333333329,80.58333333333331,2026-09-01T09:00:00Z,1.05,16.1,1.02,158.1
14.833333333333329,80.66666666666663,2026-09-01T09:00:00Z,1.11,16.7,1.03,158.7
14.833333333333329,80.75,2026-09-01T09:00:00Z,1.16,17.0,0.98,158.7
14.833333333333329,80.83333333333331,2026-09-01T09:00:00Z,1.2,17.2,0.91,157.2
14.833333333333329,80.91666666666663,2026-09-01T09:00:00Z,1.25,17.4,0.89,157.0
14.833333333333329,81.0,2026-09-01T09:00:00Z,1.29,17.7,0.93,158.8
14.916666666666657,73.0,2026-09-01T09:00:00Z,2.21,8.8,1.71,271.8
14.916666666666657,73.08333333333331,2026-09-01T09:00:00Z,2.21,8.8,1.72,272.0
14.916666666666657,73.16666666666666,2026-09-01T09:00:00Z,2.17,8.7,1.73,271.9
14.916666666666657,73.25,2026-09-01T09:00:00Z,2.1,8.6,1.72,271.9
14.916666666666657,73.33333333333331,2026-09-01T09:00:00Z,1.98,8.6,1.63,272.4
14.916666666666657,73.41666666666666,2026-09-01T09:00:00Z,1.84,8.6,1.43,264.9
14.916666666666657,73.5,2026-09-01T09:00:00Z,1.69,8.6,1.24,268.7
14.916666666666657,73.58333333333331,2026-09-01T09:00:00Z,1.65,8.5,1.33,277.6
14.916666666666657,73.66666666666666,2026-09-01T09:00:00Z,1.7,8.5,1.44,275.3
14.916666666666657,73.75,2026-09-01T09:00:00Z,1.72,8.5,1.47,275.3
14.916666666666657,73.83333333333331,2026-09-01T09:00:00Z,1.7,8.5,1.46,274.6
14.916666666666657,73.91666666666666,2026-09-01T09:00:00Z,1.65,8.5,1.43,273.3
14.916666666666657,74.0,2026-09-01T09:00:00Z,1.55,8.5,1.35,271.1
14.916666666666657,80.16666666666663,2026-09-01T09:00:00Z,0.54,11.6,0.49,145.4
14.916666666666657,80.25,2026-09-01T09:00:00Z,0.67,11.7,0.62,145.4
14.916666666666657,80.33333333333331,2026-09-01T09:00:00Z,0.79,12.0,0.73,148.5
14.916666666666657,80.41666666666663,2026-09-01T09:00:00Z,0.89,12.9,0.82,151.3
14.916666666666657,80.5,2026-09-01T09:00:00Z,0.99,15.2,0.96,154.1
14.916666666666657,80.58333333333331,2026-09-01T09:00:00Z,1.05,16.1,1.02,157.8
14.916666666666657,80.66666666666663,2026-09-01T09:00:00Z,1.1,16.7,1.05,160.4
14.916666666666657,80.75,2026-09-01T09:00:00Z,1.15,17.1,1.0,160.4
14.916666666666657,80.83333333333331,2026-09-01T09:00:00Z,1.19,17.3,0.92,157.4
14.916666666666657,80.91666666666663,2026-09-01T09:00:00Z,1.24,17.6,0.92,158.7
14.916666666666657,81.0,2026-09-01T09:00:00Z,1.28,17.8,0.94,158.9
15.0,73.0,2026-09-01T09:00:00Z,2.21,8.8,1.71,271.3
15.0,73.08333333333331,2026-09-01T09:00:00Z,2.2,8.8,1.72,271.2
15.0,73.16666666666666,2026-09-01T09:00:00Z,2.17,8.7,1.73,271.4
15.0,73.25,2026-09-01T09:00:00Z,2.12,8.7,1.75,271.4
15.0,73.33333333333331,2026-09-01T09:00:00Z,2.04,8.6,1.73,271.6
15.0,73.41666666666666,2026-09-01T09:00:00Z,1.95,8.5,1.64,270.8
15.0,73.5,2026-09-01T09:00:00Z,1.87,8.5,1.32,257.8
15.0,73.58333333333331,2026-09-01T09:00:00Z,1.82,8.5,1.3,259.8
15.0,73.66666666666666,2026-09-01T09:00:00Z,1.83,8.5,1.46,277.8
15.0,73.75,2026-09-01T09:00:00Z,1.82,8.5,1.51,277.8
15.0,73.83333333333331,2026-09-01T09:00:00Z,1.77,8.5,1.49,277.2
15.0,80.16666666666663,2026-09-01T09:00:00Z,0.6,11.6,0.55,145.9
15.0,80.25,2026-09-01T09:00:00Z,0.7,11.7,0.64,145.9
15.0,80.33333333333331,2026-09-01T09:00:00Z,0.81,12.0,0.71,149.3
15.0,80.41666666666663,2026-09-01T09:00:00Z,0.9,12.8,0.79,152.4
15.0,80.5,2026-09-01T09:00:00Z,0.99,14.5,0.93,154.3
15.0,80.58333333333331,2026-09-01T09:00:00Z,1.04,15.8,1.01,157.3
15.0,80.66666666666663,2026-09-01T09:00:00Z,1.09,16.6,1.06,160.5
15.0,80.75,2026-09-01T09:00:00Z,1.14,17.0,1.08,160.5
15.0,80.83333333333331,2026-09-01T09:00:00Z,1.18,17.4,1.08,162.7
15.0,80.91666666666663,2026-09-01T09:00:00Z,1.23,17.7,1.1,165.0
15.0,81.0,2026-09-01T09:00:00Z,1.27,18.0,1.17,166.7
15.083333333333329,73.0,2026-09-01T09:00:00Z,2.21,8.8,1.72,270.7
15.083333333333329,73.08333333333331,2026-09-01T09:00:00Z,2.19,8.7,1.72,270.4
15.083333333333329,73.16666666666666,2026-09-01T09:00:00Z,2.16,8.7,1.74,270.8
15.083333333333329,73.25,2026-09-01T09:00:00Z,2.12,8.7,1.76,270.8
15.083333333333329,73.33333333333331,2026-09-01T09:00:00Z,2.06,8.6,1.77,271.5
15.083333333333329,73.41666666666666,2026-09-01T09:00:00Z,1.99,8.6,1.72,272.1
15.083333333333329,73.5,2026-09-01T09:00:00Z,1.93,8.6,1.47,262.1
15.083333333333329,73.58333333333331,2026-09-01T09:00:00Z,1.88,8.6,1.36,257.8
15.083333333333329,73.66666666666666,2026-09-01T09:00:00Z,1.86,8.5,1.34,258.0
15.083333333333329,73.75,2026-09-01T09:00:00Z,1.82,8.5,1.31,258.0
15.083333333333329,73.83333333333331,2026-09-01T09:00:00Z,1.76,8.5,1.27,258.0
15.083333333333329,80.16666666666663,2026-09-01T09:00:00Z,0.62,11.9,0.56,146.4
15.083333333333329,80.25,2026-09-01T09:00:00Z,0.73,11.9,0.65,146.4
15.083333333333329,80.33333333333331,2026-09-01T09:00:00Z,0.81,12.3,0.72,150.1
15.083333333333329,80.41666666666663,2026-09-01T09:00:00Z,0.9,13.2,0.82,152.2
15.083333333333329,80.5,2026-09-01T09:00:00Z,0.98,14.9,0.95,154.1
15.083333333333329,80.58333333333331,2026-09-01T09:00:00Z,1.04,15.6,1.01,156.9
15.083333333333329,80.66666666666663,2026-09-01T09:00:00Z,1.08,16.4,1.05,159.8
15.083333333333329,80.75,2026-09-01T09:00:00Z,1.13,17.0,1.05,159.8
15.083333333333329,80.83333333333331,2026-09-01T09:00:00Z,1.17,17.4,1.05,162.1
15.083333333333329,80.91666666666663,2026-09-01T09:00:00Z,1.21,17.7,1.09,164.9
15.083333333333329,81.0,2026-09-01T09:00:00Z,1.26,18.0,1.19,166.6
15.166666666666657,73.0,2026-09-01T09:00:00Z,2.2,8.8,1.73,270.5
15.166666666666657,73.08333333333331,2026-09-01T09:00:00Z,2.18,8.7,1.73,270.3
15.166666666666657,73.16666666666666,2026-09-01T09:00:00Z,2.15,8.7,1.75,270.6
15.166666666666657,73.25,2026-09-01T09:00:00Z,2.11,8.7,1.77,270.6
15.166666666666657,73.33333333333331,2026-09-01T09:00:00Z,2.06,8.7,1.78,271.3
15.166666666666657,73.41666666666666,2026-09-01T09:00:00Z,2.01,8.6,1.77,271.7
15.166666666666657,73.5,2026-09-01T09:00:00Z,1.95,8.6,1.69,271.8
15.166666666666657,73.58333333333331,2026-09-01T09:00:00Z,1.91,8.6,1.58,268.4
15.166666666666657,73.66666666666666,2026-09-01T09:00:00Z,1.87,8.5,1.39,257.5
15.166666666666657,73.75,2026-09-01T09:00:00Z,1.83,8.5,1.29,257.5
15.166666666666657,73.83333333333331,2026-09-01T09:00:00Z,1.77,8.5,1.26,257.6
15.166666666666657,80.16666666666663,2026-09-01T09:00:00Z,0.62,12.4,0.52,147.5
15.166666666666657,80.25,2026-09-01T09:00:00Z,0.74,13.3,0.63,147.5
15.166666666666657,80.33333333333331,2026-09-01T09:00:00Z,0.82,14.3,0.72,150.9
15.166666666666657,80.41666666666663,2026-09-01T09:00:00Z,0.9,14.6,0.85,152.3
15.166666666666657,80.5,2026-09-01T09:00:00Z,0.97,15.0,0.95,154.1
15.166666666666657,80.58333333333331,2026-09-01T09:00:00Z,1.03,15.4,1.0,156.5
15.166666666666657,80.66666666666663,2026-09-01T09:00:00Z,1.08,16.2,1.04,159.4
15.166666666666657,80.75,2026-09-01T09:00:00Z,1.12,16.8,1.04,159.4
15.166666666666657,80.83333333333331,2026-09-01T09:00:00Z,1.16,17.3,1.03,161.9
15.166666666666657,80.91666666666663,2026-09-01T09:00:00Z,1.2,17.7,1.05,164.0
15.166666666666657,81.0,2026-09-01T09:00:00Z,1.24,18.0,1.1,166.3
15.25,73.0,2026-09-01T09:00:00Z,2.2,8.7,1.74,270.2
15.25,73.08333333333331,2026-09-01T09:00:00Z,2.17,8.7,1.75,270.4
15.25,73.16666666666666,2026-09-01T09:00:00Z,2.14,8.7,1.76,270.3
15.25,73.25,2026-09-01T09:00:00Z,2.1,8.7,1.77,270.3
15.25,73.33333333333331,2026-09-01T09:00:00Z,2.06,8.7,1.77,270.4
15.25,73.41666666666666,2026-09-01T09:00:00Z,2.01,8.6,1.78,270.6
15.25,73.5,2026-09-01T09:00:00Z,1.96,8.6,1.77,271.0
15.25,73.58333333333331,2026-09-01T09:00:00Z,1.91,8.6,1.71,270.9
15.25,73.66666666666666,2026-09-01T09:00:00Z,1.87,8.5,1.57,270.5
15.25,73.75,2026-09-01T09:00:00Z,1.82,8.5,1.48,270.5
15.25,73.83333333333331,2026-09-01T09:00:00Z,1.75,8.6,1.43,268.9
15.25,80.16666666666663,2026-09-01T09:00:00Z,0.55,12.2,0.46,147.8
15.25,80.25,2026-09-01T09:00:00Z,0.68,13.0,0.57,147.8
15.25,80.33333333333331,2026-09-01T09:00:00Z,0.79,14.0,0.69,150.6
15.25,80.41666666666663,2026-09-01T09:00:00Z,0.88,14.8,0.82,152.6
15.25,80.5,2026-09-01T09:00:00Z,0.95,15.5,0.92,153.7
15.25,80.58333333333331,2026-09-01T09:00:00Z,1.01,15.2,0.98,155.5
15.25,80.66666666666663,2026-09-01T09:00:00Z,1.07,15.8,1.03,157.7
15.25,80.75,2026-09-01T09:00:00Z,1.11,16.5,1.03,157.7
15.25,80.83333333333331,2026-09-01T09:00:00Z,1.15,17.1,1.02,159.6
15.25,80.91666666666663,2026-09-01T09:00:00Z,1.19,17.6,1.03,163.2
15.25,81.0,2026-09-01T09:00:00Z,1.23,17.9,1.04,165.7
15.333333333333329,73.0,2026-09-01T09:00:00Z,2.2,8.7,1.75,270.2
15.333333333333329,73.08333333333331,2026-09-01T09:00:00Z,2.17,8.7,1.77,270.4
15.333333333333329,73.16666666666666,2026-09-01T09:00:00Z,2.13,8.7,1.77,270.3
15.333333333333329,73.25,2026-09-01T09:00:00Z,2.1,8.7,1.77,270.3
15.333333333333329,73.33333333333331,2026-09-01T09:00:00Z,2.06,8.7,1.77,270.4
15.333333333333329,73.41666666666666,2026-09-01T09:00:00Z,2.01,8.7,1.77,270.6
15.333333333333329,73.5,2026-09-01T09:00:00Z,1.95,8.6,1.76,271.0
15.333333333333329,73.58333333333331,2026-09-01T09:00:00Z,1.9,8.5,1.73,270.9
15.333333333333329,73.66666666666666,2026-09-01T09:00:00Z,1.85,8.5,1.69,270.5
15.333333333333329,73.75,2026-09-01T09:00:00Z,1.76,8.5,1.61,270.5
15.333333333333329,73.83333333333331,2026-09-01T09:00:00Z,1.62,8.4,1.47,268.9
15.333333333333329,80.16666666666663,2026-09-01T09:00:00Z,0.48,10.9,0.4,147.8
15.333333333333329,80.25,2026-09-01T09:00:00Z,0.61,11.6,0.53,147.8
15.333333333333329,80.33333333333331,2026-09-01T09:00:00Z,0.75,12.5,0.67,150.6
15.333333333333329,80.41666666666663,2026-09-01T09:00:00Z,0.85,13.6,0.78,152.6
15.333333333333329,80.5,2026-09-01T09:00:00Z,0.91,14.9,0.87,153.7
15.333333333333329,80.58333333333331,2026-09-01T09:00:00Z,0.99,14.4,0.94,155.5
15.333333333333329,80.66666666666663,2026-09-01T09:00:00Z,1.05,15.0,1.0,157.7
15.333333333333329,80.75,2026-09-01T09:00:00Z,1.1,15.9,1.02,157.7
15.333333333333329,80.83333333333331,2026-09-01T09:00:00Z,1.14,16.7,1.01,159.6
15.333333333333329,80.91666666666663,2026-09-01T09:00:00Z,1.18,17.4,1.01,163.2
15.333333333333329,81.0,2026-09-01T09:00:00Z,1.22,17.7,1.01,165.7
15.416666666666657,73.0,2026-09-01T09:00:00Z,2.2,8.7,1.77,270.1
15.416666666666657,73.08333333333331,2026-09-01T09:00:00Z,2.16,8.7,1.78,269.9
15.416666666666657,73.16666666666666,2026-09-01T09:00:00Z,2.13,8.7,1.79,270.2
15.416666666666657,73.25,2026-09-01T09:00:00Z,2.1,8.7,1.79,270.2
15.416666666666657,73.33333333333331,2026-09-01T09:00:00Z,2.06,8.7,1.79,269.9
15.416666666666657,73.41666666666666,2026-09-01T09:00:00Z,2.0,8.7,1.77,269.7
15.416666666666657,73.5,2026-09-01T09:00:00Z,1.94,8.6,1.74,269.5
15.416666666666657,73.58333333333331,2026-09-01T09:00:00Z,1.89,8.5,1.71,269.6
15.416666666666657,73.66666666666666,2026-09-01T09:00:00Z,1.83,8.5,1.67,269.2
15.416666666666657,73.75,2026-09-01T09:00:00Z,1.68,8.5,1.54,269.2
15.416666666666657,80.25,2026-09-01T09:00:00Z,0.6,10.9,0.53,149.4
15.416666666666657,80.33333333333331,2026-09-01T09:00:00Z,0.74,11.8,0.7,150.7
15.416666666666657,80.41666666666663,2026-09-01T09:00:00Z,0.81,12.1,0.76,153.1
15.416666666666657,80.5,2026-09-01T09:00:00Z,0.86,12.4,0.8,154.6
15.416666666666657,80.58333333333331,2026-09-01T09:00:00Z,0.95,13.0,0.88,156.5
15.416666666666657,80.66666666666663,2026-09-01T09:00:00Z,1.03,14.2,0.96,158.7
15.416666666666657,80.75,2026-09-01T09:00:00Z,1.09,15.2,1.0,158.7
15.416666666666657,80.83333333333331,2026-09-01T09:00:00Z,1.13,16.1,0.99,160.5
15.416666666666657,80.91666666666663,2026-09-01T09:00:00Z,1.17,16.9,0.99,163.4
15.416666666666657,81.0,2026-09-01T09:00:00Z,1.21,17.4,0.99,165.7
15.5,73.0,2026-09-01T09:00:00Z,2.2,8.7,1.77,268.4
15.5,73.08333333333331,2026-09-01T09:00:00Z,2.16,8.7,1.77,268.7
15.5,73.16666666666666,2026-09-01T09:00:00Z,2.13,8.7,1.78,268.9
15.5,73.25,2026-09-01T09:00:00Z,2.1,8.7,1.79,268.9
15.5,73.33333333333331,2026-09-01T09:00:00Z,2.06,8.7,1.79,268.8
15.5,73.41666666666666,2026-09-01T09:00:00Z,2.01,8.7,1.78,268.5
15.5,73.5,2026-09-01T09:00:00Z,1.96,8.6,1.75,268.0
15.5,73.58333333333331,2026-09-01T09:00:00Z,1.89,8.5,1.71,267.6
15.5,73.66666666666666,2026-09-01T09:00:00Z,1.82,8.5,1.67,267.3
15.5,80.25,2026-09-01T09:00:00Z,0.59,11.8,0.5,146.1
15.5,80.33333333333331,2026-09-01T09:00:00Z,0.75,11.7,0.69,151.3
15.5,80.41666666666663,2026-09-01T09:00:00Z,0.81,11.7,0.75,153.4
15.5,80.5,2026-09-01T09:00:00Z,0.84,11.7,0.79,154.7
15.5,80.58333333333331,2026-09-01T09:00:00Z,0.94,13.6,0.89,156.9
15.5,80.66666666666663,2026-09-01T09:00:00Z,1.02,14.6,0.94,158.8
15.5,80.75,2026-09-01T09:00:00Z,1.07,15.0,0.96,158.8
15.5,80.83333333333331,2026-09-01T09:00:00Z,1.12,15.3,0.97,161.0
15.5,80.91666666666663,2026-09-01T09:00:00Z,1.16,15.8,0.99,163.0
15.5,81.0,2026-09-01T09:00:00Z,1.2,16.8,0.99,165.1
15.583333333333329,73.0,2026-09-01T09:00:00Z,2.19,8.7,1.77,268.0
15.583333333333329,73.08333333333331,2026-09-01T09:00:00Z,2.15,8.7,1.77,268.3
15.583333333333329,73.16666666666666,2026-09-01T09:00:00Z,2.12,8.7,1.79,268.3
15.583333333333329,73.25,2026-09-01T09:00:00Z,2.09,8.7,1.8,268.3
15.583333333333329,73.33333333333331,2026-09-01T09:00:00Z,2.05,8.7,1.8,268.2
15.583333333333329,73.41666666666666,2026-09-01T09:00:00Z,2.0,8.7,1.78,268.0
15.583333333333329,73.5,2026-09-01T09:00:00Z,1.94,8.6,1.75,267.2
15.583333333333329,73.58333333333331,2026-09-01T09:00:00Z,1.88,8.6,1.7,266.4
15.583333333333329,73.66666666666666,2026-09-01T09:00:00Z,1.8,8.6,1.65,265.2
15.583333333333329,80.25,2026-09-01T09:00:00Z,0.59,11.8,0.54,149.5
15.583333333333329,80.33333333333331,2026-09-01T09:00:00Z,0.7,11.8,0.66,151.1
15.583333333333329,80.41666666666663,2026-09-01T09:00:00Z,0.8,11.7,0.74,153.3
15.583333333333329,80.5,2026-09-01T09:00:00Z,0.85,11.8,0.76,155.7
15.583333333333329,80.58333333333331,2026-09-01T09:00:00Z,0.92,12.2,0.78,158.5
15.583333333333329,80.66666666666663,2026-09-01T09:00:00Z,0.97,13.6,0.83,159.9
15.583333333333329,80.75,2026-09-01T09:00:00Z,1.02,15.5,0.88,159.9
15.583333333333329,80.83333333333331,2026-09-01T09:00:00Z,1.09,16.9,0.93,160.7
15.583333333333329,80.91666666666663,2026-09-01T09:00:00Z,1.14,17.0,0.95,162.5
15.583333333333329,81.0,2026-09-01T09:00:00Z,1.18,17.0,0.95,164.3
15.666666666666657,73.0,2026-09-01T09:00:00Z,2.19,8.7,1.79,268.0
15.666666666666657,73.08333333333331,2026-09-01T09:00:00Z,2.15,8.7,1.79,267.9
15.666666666666657,73.16666666666666,2026-09-01T09:00:00Z,2.12,8.7,1.8,267.8
15.666666666666657,73.25,2026-09-01T09:00:00Z,2.08,8.7,1.8,267.8
15.666666666666657,73.33333333333331,2026-09-01T09:00:00Z,2.03,8.7,1.79,267.7
15.666666666666657,73.41666666666666,2026-09-01T09:00:00Z,1.98,8.7,1.77,267.1
15.666666666666657,73.5,2026-09-01T09:00:00Z,1.92,8.6,1.74,266.4
15.666666666666657,73.58333333333331,2026-09-01T09:00:00Z,1.85,8.6,1.68,265.0
15.666666666666657,73.66666666666666,2026-09-01T09:00:00Z,1.74,8.6,1.59,263.5
15.666666666666657,80.33333333333331,2026-09-01T09:00:00Z,0.64,11.9,0.57,151.2
15.666666666666657,80.41666666666663,2026-09-01T09:00:00Z,0.78,11.8,0.67,154.4
15.666666666666657,80.5,2026-09-01T09:00:00Z,0.83,11.8,0.71,156.5
15.666666666666657,80.58333333333331,2026-09-01T09:00:00Z,0.87,11.8,0.74,157.4
15.666666666666657,80.66666666666663,2026-09-01T09:00:00Z,0.87,11.9,0.74,161.4
15.666666666666657,80.75,2026-09-01T09:00:00Z,0.9,14.4,0.77,161.4
15.666666666666657,80.83333333333331,2026-09-01T09:00:00Z,0.97,17.3,0.86,161.7
15.666666666666657,80.91666666666663,2026-09-01T09:00:00Z,1.08,18.1,0.97,161.9
15.666666666666657,81.0,2026-09-01T09:00:00Z,1.15,18.1,0.95,167.9
15.75,73.0,2026-09-01T09:00:00Z,2.19,8.8,1.81,267.3
15.75,73.08333333333331,2026-09-01T09:00:00Z,2.15,8.7,1.81,267.1
15.75,73.16666666666666,2026-09-01T09:00:00Z,2.11,8.7,1.8,266.9
15.75,73.25,2026-09-01T09:00:00Z,2.06,8.7,1.79,266.9
15.75,73.33333333333331,2026-09-01T09:00:00Z,2.01,8.7,1.77,266.8
15.75,73.41666666666666,2026-09-01T09:00:00Z,1.95,8.7,1.74,266.3
15.75,73.5,2026-09-01T09:00:00Z,1.88,8.6,1.69,264.9
15.75,73.58333333333331,2026-09-01T09:00:00Z,1.79,8.7,1.62,262.7
15.75,73.66666666666666,2026-09-01T09:00:00Z,1.66,8.7,1.53,261.3
15.75,80.33333333333331,2026-09-01T09:00:00Z,0.53,11.9,0.43,151.0
15.75,80.41666666666663,2026-09-01T09:00:00Z,0.69,11.9,0.57,154.5
15.75,80.5,2026-09-01T09:00:00Z,0.78,11.9,0.66,157.8
15.75,80.58333333333331,2026-09-01T09:00:00Z,0.81,11.7,0.69,160.2
15.75,80.66666666666663,2026-09-01T09:00:00Z,0.79,11.7,0.67,163.7
15.75,80.75,2026-09-01T09:00:00Z,0.75,13.0,0.64,163.7
15.75,80.83333333333331,2026-09-01T09:00:00Z,0.73,14.2,0.64,167.0
15.833333333333329,73.0,2026-09-01T09:00:00Z,2.18,8.7,1.81,267.3
15.833333333333329,73.08333333333331,2026-09-01T09:00:00Z,2.14,8.7,1.81,267.1
15.833333333333329,73.16666666666666,2026-09-01T09:00:00Z,2.1,8.7,1.79,266.9
15.833333333333329,73.25,2026-09-01T09:00:00Z,2.04,8.7,1.77,266.9
15.833333333333329,73.33333333333331,2026-09-01T09:00:00Z,1.97,8.7,1.72,266.8
15.833333333333329,73.41666666666666,2026-09-01T09:00:00Z,1.87,9.0,1.63,266.3
15.833333333333329,73.5,2026-09-01T09:00:00Z,1.7,11.0,1.39,264.9
15.833333333333329,73.58333333333331,2026-09-01T09:00:00Z,1.59,11.4,1.31,262.7
15.833333333333329,80.66666666666663,2026-09-01T09:00:00Z,0.68,11.7,0.59,163.7
15.916666666666657,73.0,2026-09-01T09:00:00Z,2.17,8.7,1.82,265.2
15.916666666666657,73.08333333333331,2026-09-01T09:00:00Z,2.14,8.7,1.82,265.3
15.916666666666657,73.16666666666666,2026-09-01T09:00:00Z,2.09,8.6,1.78,265.3
15.916666666666657,73.25,2026-09-01T09:00:00Z,2.01,8.6,1.73,265.3
15.916666666666657,73.33333333333331,2026-09-01T09:00:00Z,1.91,8.6,1.66,265.8
15.916666666666657,73.41666666666666,2026-09-01T09:00:00Z,1.73,9.7,1.47,266.1
15.916666666666657,73.5,2026-09-01T09:00:00Z,1.41,14.6,0.95,258.4
16.0,73.0,2026-09-01T09:00:00Z,2.16,8.5,1.86,264.8
16.0,73.08333333333331,2026-09-01T09:00:00Z,2.12,8.5,1.84,264.2
16.0,73.16666666666666,2026-09-01T09:00:00Z,2.06,8.6,1.79,264.7
16.0,73.25,2026-09-01T09:00:00Z,1.95,8.6,1.7,264.7
16.0,73.33333333333331,2026-09-01T09:00:00Z,1.84,8.6,1.62,265.0
16.0,73.41666666666666,2026-09-01T09:00:00Z,1.69,8.6,1.52,265.6
16.0,73.5,2026-09-01T09:00:00Z,1.37,8.6,1.28,266.1
13.0,73.0,2026-09-01T12:00:00Z,2.05,16.9,1.56,280.2
13.0,73.08333333333331,2026-09-01T12:00:00Z,2.05,16.9,1.56,280.0
13.0,73.16666666666666,2026-09-01T12:00:00Z,2.05,16.9,1.55,279.5
13.0,73.25,2026-09-01T12:00:00Z,2.05,16.9,1.56,279.5
13.0,73.33333333333331,2026-09-01T12:00:00Z,2.04,16.9,1.57,279.6
13.0,73.41666666666666,2026-09-01T12:00:00Z,2.04,17.0,1.58,279.8
13.0,73.5,2026-09-01T12:00:00Z,2.03,17.0,1.59,279.8
13.0,73.58333333333331,2026-09-01T12:00:00Z,2.02,17.0,1.61,280.2
13.0,73.66666666666666,2026-09-01T12:00:00Z,2.02,17.0,1.63,280.8
13.0,73.75,2026-09-01T12:00:00Z,2.01,17.0,1.63,280.8
13.0,73.83333333333331,2026-09-01T12:00:00Z,2.01,17.1,1.63,281.1
13.0,73.91666666666666,2026-09-01T12:00:00Z,2.0,17.1,1.62,281.0
13.0,74.0,2026-09-01T12:00:00Z,1.98,17.1,1.6,281.1
13.0,74.08333333333331,2026-09-01T12:00:00Z,1.96,17.0,1.59,280.8
13.0,74.16666666666666,2026-09-01T12:00:00Z,1.93,16.8,1.57,280.4
13.0,74.25,2026-09-01T12:00:00Z,1.9,12.8,1.55,280.4
13.0,74.33333333333331,2026-09-01T12:00:00Z,1.86,8.9,1.54,280.0
13.0,74.41666666666666,2026-09-01T12:00:00Z,1.81,8.8,1.53,279.8
13.0,74.5,2026-09-01T12:00:00Z,1.78,8.8,1.51,279.5
13.0,74.58333333333331,2026-09-01T12:00:00Z,1.74,8.8,1.5,279.1
13.0,74.66666666666666,2026-09-01T12:00:00Z,1.69,8.8,1.48,278.4
13.0,74.75,2026-09-01T12:00:00Z,1.6,8.8,1.42,278.4
13.0,80.33333333333331,2026-09-01T12:00:00Z,0.76,11.8,0.76,144.2
13.0,80.41666666666663,2026-09-01T12:00:00Z,0.95,12.3,0.94,149.1
13.0,80.5,2026-09-01T12:00:00Z,1.04,12.5,0.99,150.8
13.0,80.58333333333331,2026-09-01T12:00:00Z,1.08,12.7,1.0,150.3
13.0,80.66666666666663,2026-09-01T12:00:00Z,1.11,12.8,1.01,151.3
13.0,80.75,2026-09-01T12:00:00Z,1.14,12.9,1.02,151.3
13.0,80.83333333333331,2026-09-01T12:00:00Z,1.15,13.0,1.03,152.0
13.0,80.91666666666663,2026-09-01T12:00:00Z,1.16,13.1,1.03,152.8
13.0,81.0,2026-09-01T12:00:00Z,1.17,13.2,1.03,153.4
13.083333333333329,73.0,2026-09-01T12:00:00Z,2.06,17.0,1.58,279.6
13.083333333333329,73.08333333333331,2026-09-01T12:00:00Z,2.06,17.0,1.58,279.6
13.083333333333329,73.16666666666666,2026-09-01T12:00:00Z,2.06,16.9,1.58,279.6
13.083333333333329,73.25,2026-09-01T12:00:00Z,2.05,16.9,1.58,279.6
13.083333333333329,73.33333333333331,2026-09-01T12:00:00Z,2.05,17.0,1.59,279.5
13.083333333333329,73.41666666666666,2026-09-01T12:00:00Z,2.04,17.0,1.6,279.7
13.083333333333329,73.5,2026-09-01T12:00:00Z,2.03,17.0,1.61,279.8
13.083333333333329,73.58333333333331,2026-09-01T12:00:00Z,2.02,17.0,1.62,280.4
13.083333333333329,73.66666666666666,2026-09-01T12:00:00Z,2.02,17.0,1.64,280.8
13.083333333333329,73.75,2026-09-01T12:00:00Z,2.01,17.0,1.64,280.8
13.083333333333329,73.83333333333331,2026-09-01T12:00:00Z,2.0,17.0,1.63,281.1
13.083333333333329,73.91666666666666,2026-09-01T12:00:00Z,1.99,17.0,1.62,281.2
13.083333333333329,74.0,2026-09-01T12:00:00Z,1.97,17.0,1.6,281.0
13.083333333333329,74.08333333333331,2026-09-01T12:00:00Z,1.94,13.3,1.59,280.5
13.083333333333329,74.16666666666666,2026-09-01T12:00:00Z,1.92,11.0,1.57,279.8
13.083333333333329,74.25,2026-09-01T12:00:00Z,1.88,9.5,1.56,279.8
13.083333333333329,74.33333333333331,2026-09-01T12:00:00Z,1.84,8.8,1.54,279.5
13.083333333333329,74.41666666666666,2026-09-01T12:00:00Z,1.81,8.8,1.53,279.2
13.083333333333329,74.5,2026-09-01T12:00:00Z,1.77,8.8,1.52,278.9
13.083333333333329,74.58333333333331,2026-09-01T12:00:00Z,1.74,8.8,1.5,278.5
13.083333333333329,74.66666666666666,2026-09-01T12:00:00Z,1.69,8.8,1.47,277.2
13.083333333333329,74.75,2026-09-01T12:00:00Z,1.64,8.8,1.44,277.2
13.083333333333329,80.33333333333331,2026-09-01T12:00:00Z,0.7,12.4,0.69,144.6
13.083333333333329,80.41666666666663,2026-09-01T12:00:00Z,0.97,12.4,0.96,149.0
13.083333333333329,80.5,2026-09-01T12:00:00Z,1.03,12.6,0.97,149.2
13.083333333333329,80.58333333333331,2026-09-01T12:00:00Z,1.08,12.7,0.99,150.8
13.083333333333329,80.66666666666663,2026-09-01T12:00:00Z,1.11,12.8,1.01,151.8
13.083333333333329,80.75,2026-09-01T12:00:00Z,1.13,12.9,1.02,151.8
13.083333333333329,80.83333333333331,2026-09-01T12:00:00Z,1.15,13.0,1.03,152.5
13.083333333333329,80.91666666666663,2026-09-01T12:00:00Z,1.16,13.1,1.03,153.3
13.083333333333329,81.0,2026-09-01T12:00:00Z,1.17,13.3,1.03,153.5
13.166666666666657,73.0,2026-09-01T12:00:00Z,2.06,17.0,1.6,279.1
13.166666666666657,73.08333333333331,2026-09-01T12:00:00Z,2.06,17.0,1.6,279.1
13.166666666666657,73.16666666666666,2026-09-01T12:00:00Z,2.06,17.0,1.6,279.0
13.166666666666657,73.25,2026-09-01T12:00:00Z,2.06,17.0,1.6,279.0
13.166666666666657,73.33333333333331,2026-09-01T12:00:00Z,2.05,17.0,1.61,279.1
13.166666666666657,73.41666666666666,2026-09-01T12:00:00Z,2.04,17.0,1.62,279.1
13.166666666666657,73.5,2026-09-01T12:00:00Z,2.03,17.0,1.62,279.4
13.166666666666657,73.58333333333331,2026-09-01T12:00:00Z,2.02,17.0,1.64,279.9
13.166666666666657,73.66666666666666,2026-09-01T12:00:00Z,2.01,17.0,1.64,280.4
13.166666666666657,73.75,2026-09-01T12:00:00Z,2.0,17.0,1.64,280.4
13.166666666666657,73.83333333333331,2026-09-01T12:00:00Z,1.99,15.7,1.63,280.6
13.166666666666657,73.91666666666666,2026-09-01T12:00:00Z,1.97,13.0,1.62,280.5
13.166666666666657,74.0,2026-09-01T12:00:00Z,1.95,11.7,1.6,280.1
13.166666666666657,74.08333333333331,2026-09-01T12:00:00Z,1.93,10.2,1.59,279.6
13.166666666666657,74.16666666666666,2026-09-01T12:00:00Z,1.9,9.2,1.57,279.2
13.166666666666657,74.25,2026-09-01T12:00:00Z,1.87,8.8,1.55,279.2
13.166666666666657,74.33333333333331,2026-09-01T12:00:00Z,1.83,8.8,1.53,279.0
13.166666666666657,74.41666666666666,2026-09-01T12:00:00Z,1.8,8.8,1.52,278.7
13.166666666666657,74.5,2026-09-01T12:00:00Z,1.77,8.8,1.51,278.4
13.166666666666657,74.58333333333331,2026-09-01T12:00:00Z,1.73,8.8,1.49,277.8
13.166666666666657,74.66666666666666,2026-09-01T12:00:00Z,1.67,8.8,1.45,276.4
13.166666666666657,74.75,2026-09-01T12:00:00Z,1.61,8.8,1.42,276.4
13.166666666666657,80.33333333333331,2026-09-01T12:00:00Z,0.64,12.8,0.57,142.7
13.166666666666657,80.41666666666663,2026-09-01T12:00:00Z,0.96,12.7,0.88,146.4
13.166666666666657,80.5,2026-09-01T12:00:00Z,1.02,12.6,0.95,149.5
13.166666666666657,80.58333333333331,2026-09-01T12:00:00Z,1.07,12.7,0.98,151.2
13.166666666666657,80.66666666666663,2026-09-01T12:00:00Z,1.1,12.8,1.0,152.2
13.166666666666657,80.75,2026-09-01T12:00:00Z,1.13,12.9,1.02,152.2
13.166666666666657,80.83333333333331,2026-09-01T12:00:00Z,1.14,13.0,1.05,153.1
13.166666666666657,80.91666666666663,2026-09-01T12:00:00Z,1.15,13.2,1.08,160.5
13.166666666666657,81.0,2026-09-01T12:00:00Z,1.17,13.3,1.01,155.8
13.25,73.0,2026-09-01T12:00:00Z,2.07,17.0,1.62,279.3
13.25,73.08333333333331,2026-09-01T12:00:00Z,2.07,17.0,1.62,279.2
13.25,73.16666666666666,2026-09-01T12:00:00Z,2.07,17.0,1.62,279.0
13.25,73.25,2026-09-01T12:00:00Z,2.06,17.0,1.62,279.0
13.25,73.33333333333331,2026-09-01T12:00:00Z,2.06,17.0,1.62,278.9
13.25,73.41666666666666,2026-09-01T12:00:00Z,2.05,17.0,1.63,278.9
13.25,73.5,2026-09-01T12:00:00Z,2.04,17.0,1.64,279.1
13.25,73.58333333333331,2026-09-01T12:00:00Z,2.02,17.0,1.65,279.3
13.25,73.66666666666666,2026-09-01T12:00:00Z,2.01,16.1,1.65,279.5
13.25,73.75,2026-09-01T12:00:00Z,1.99,14.3,1.64,279.5
13.25,73.83333333333331,2026-09-01T12:00:00Z,1.97,12.1,1.63,279.5
13.25,73.91666666666666,2026-09-01T12:00:00Z,1.96,10.0,1.62,279.3
13.25,74.0,2026-09-01T12:00:00Z,1.94,9.0,1.61,279.1
13.25,74.08333333333331,2026-09-01T12:00:00Z,1.92,9.0,1.59,278.8
13.25,74.16666666666666,2026-09-01T12:00:00Z,1.89,8.9,1.57,278.4
13.25,74.25,2026-09-01T12:00:00Z,1.85,8.8,1.54,278.4
13.25,74.33333333333331,2026-09-01T12:00:00Z,1.81,8.7,1.51,278.3
13.25,74.41666666666666,2026-09-01T12:00:00Z,1.78,8.7,1.5,278.1
13.25,74.5,2026-09-01T12:00:00Z,1.75,8.7,1.5,277.9
13.25,74.58333333333331,2026-09-01T12:00:00Z,1.7,8.7,1.47,277.4
13.25,74.66666666666666,2026-09-01T12:00:00Z,1.64,8.8,1.42,275.8
13.25,80.33333333333331,2026-09-01T12:00:00Z,0.64,12.9,0.55,143.8
13.25,80.41666666666663,2026-09-01T12:00:00Z,0.9,12.9,0.82,147.7
13.25,80.5,2026-09-01T12:00:00Z,1.01,12.8,0.96,150.8
13.25,80.58333333333331,2026-09-01T12:00:00Z,1.06,12.8,0.97,151.5
13.25,80.66666666666663,2026-09-01T12:00:00Z,1.09,12.8,1.0,152.7
13.25,80.75,2026-09-01T12:00:00Z,1.12,13.0,1.01,152.7
13.25,80.83333333333331,2026-09-01T12:00:00Z,1.14,13.1,1.03,153.1
13.25,80.91666666666663,2026-09-01T12:00:00Z,1.15,13.2,1.04,153.7
13.25,81.0,2026-09-01T12:00:00Z,1.16,13.3,0.98,155.1
13.333333333333329,73.0,2026-09-01T12:00:00Z,2.08,17.0,1.65,279.3
13.333333333333329,73.08333333333331,2026-09-01T12:00:00Z,2.08,17.0,1.65,279.2
13.333333333333329,73.16666666666666,2026-09-01T12:00:00Z,2.08,17.0,1.64,279.0
13.333333333333329,73.25,2026-09-01T12:00:00Z,2.07,17.0,1.64,279.0
13.333333333333329,73.33333333333331,2026-09-01T12:00:00Z,2.06,17.0,1.64,278.9
13.333333333333329,73.41666666666666,2026-09-01T12:00:00Z,2.06,17.0,1.65,278.9
13.333333333333329,73.5,2026-09-01T12:00:00Z,2.04,17.0,1.65,279.1
13.333333333333329,73.58333333333331,2026-09-01T12:00:00Z,2.03,17.0,1.66,279.3
13.333333333333329,73.66666666666666,2026-09-01T12:00:00Z,2.01,14.1,1.66,279.5
13.333333333333329,73.75,2026-09-01T12:00:00Z,1.99,10.9,1.65,279.5
13.333333333333329,73.83333333333331,2026-09-01T12:00:00Z,1.97,9.1,1.64,279.5
13.333333333333329,73.91666666666666,2026-09-01T12:00:00Z,1.95,9.0,1.63,279.3
13.333333333333329,74.0,2026-09-01T12:00:00Z,1.94,9.0,1.62,279.1
13.333333333333329,74.08333333333331,2026-09-01T12:00:00Z,1.92,9.0,1.6,278.8
13.333333333333329,74.16666666666666,2026-09-01T12:00:00Z,1.89,8.9,1.57,278.4
13.333333333333329,74.25,2026-09-01T12:00:00Z,1.84,8.8,1.54,278.4
13.333333333333329,74.33333333333331,2026-09-01T12:00:00Z,1.8,8.8,1.51,278.3
13.333333333333329,74.41666666666666,2026-09-01T12:00:00Z,1.76,8.7,1.5,278.1
13.333333333333329,74.5,2026-09-01T12:00:00Z,1.73,8.7,1.49,277.9
13.333333333333329,74.58333333333331,2026-09-01T12:00:00Z,1.68,8.7,1.45,277.4
13.333333333333329,74.66666666666666,2026-09-01T12:00:00Z,1.57,8.8,1.36,275.8
13.333333333333329,80.41666666666663,2026-09-01T12:00:00Z,0.83,12.5,0.73,147.7
13.333333333333329,80.5,2026-09-01T12:00:00Z,0.99,12.9,0.94,150.8
13.333333333333329,80.58333333333331,2026-09-01T12:00:00Z,1.04,12.6,0.96,151.5
13.333333333333329,80.66666666666663,2026-09-01T12:00:00Z,1.08,12.8,0.99,152.7
13.333333333333329,80.75,2026-09-01T12:00:00Z,1.11,13.0,1.0,152.7
13.333333333333329,80.83333333333331,2026-09-01T12:00:00Z,1.13,13.1,0.99,153.1
13.333333333333329,80.91666666666663,2026-09-01T12:00:00Z,1.15,13.2,0.97,153.7
13.333333333333329,81.0,2026-09-01T12:00:00Z,1.16,13.3,0.96,155.1
13.416666666666657,73.0,2026-09-01T12:00:00Z,2.1,17.1,1.67,279.3
13.416666666666657,73.08333333333331,2026-09-01T12:00:00Z,2.09,17.0,1.67,278.7
13.416666666666657,73.16666666666666,2026-09-01T12:00:00Z,2.09,17.0,1.67,278.2
13.416666666666657,73.25,2026-09-01T12:00:00Z,2.08,17.0,1.66,278.2
13.416666666666657,73.33333333333331,2026-09-01T12:00:00Z,2.08,17.0,1.66,277.7
13.416666666666657,73.41666666666666,2026-09-01T12:00:00Z,2.07,17.0,1.66,278.1
13.416666666666657,73.5,2026-09-01T12:00:00Z,2.05,17.0,1.67,278.3
13.416666666666657,73.58333333333331,2026-09-01T12:00:00Z,2.04,15.9,1.67,278.7
13.416666666666657,73.66666666666666,2026-09-01T12:00:00Z,2.02,11.6,1.67,278.8
13.416666666666657,73.75,2026-09-01T12:00:00Z,1.99,9.3,1.66,278.8
13.416666666666657,73.83333333333331,2026-09-01T12:00:00Z,1.97,9.1,1.66,278.8
13.416666666666657,73.91666666666666,2026-09-01T12:00:00Z,1.96,9.0,1.65,278.8
13.416666666666657,74.0,2026-09-01T12:00:00Z,1.94,9.0,1.63,278.5
13.416666666666657,74.08333333333331,2026-09-01T12:00:00Z,1.92,9.0,1.62,278.1
13.416666666666657,74.16666666666666,2026-09-01T12:00:00Z,1.89,8.9,1.59,277.6
13.416666666666657,74.25,2026-09-01T12:00:00Z,1.85,8.9,1.56,277.6
13.416666666666657,74.33333333333331,2026-09-01T12:00:00Z,1.81,8.8,1.53,277.3
13.416666666666657,74.41666666666666,2026-09-01T12:00:00Z,1.77,8.8,1.52,277.3
13.416666666666657,74.5,2026-09-01T12:00:00Z,1.73,8.8,1.5,277.2
13.416666666666657,74.58333333333331,2026-09-01T12:00:00Z,1.69,8.8,1.46,276.7
13.416666666666657,80.41666666666663,2026-09-01T12:00:00Z,0.78,11.8,0.59,146.1
13.416666666666657,80.5,2026-09-01T12:00:00Z,0.95,12.9,0.89,149.9
13.416666666666657,80.58333333333331,2026-09-01T12:00:00Z,1.02,12.3,0.93,151.9
13.416666666666657,80.66666666666663,2026-09-01T12:00:00Z,1.08,12.7,0.97,153.1
13.416666666666657,80.75,2026-09-01T12:00:00Z,1.11,13.0,0.97,153.1
13.416666666666657,80.83333333333331,2026-09-01T12:00:00Z,1.13,13.2,0.95,153.7
13.416666666666657,80.91666666666663,2026-09-01T12:00:00Z,1.14,13.2,0.96,154.5
13.416666666666657,81.0,2026-09-01T12:00:00Z,1.16,13.3,0.96,155.5
13.5,73.0,2026-09-01T12:00:00Z,2.12,17.1,1.68,278.6
13.5,73.08333333333331,2026-09-01T12:00:00Z,2.12,17.0,1.7,278.2
13.5,73.16666666666666,2026-09-01T12:00:00Z,2.12,17.0,1.7,277.7
13.5,73.25,2026-09-01T12:00:00Z,2.11,17.0,1.69,277.7
13.5,73.33333333333331,2026-09-01T12:00:00Z,2.09,17.0,1.68,277.6
13.5,73.41666666666666,2026-09-01T12:00:00Z,2.07,17.0,1.68,277.7
13.5,73.5,2026-09-01T12:00:00Z,2.06,17.0,1.69,278.1
13.5,73.58333333333331,2026-09-01T12:00:00Z,2.04,10.7,1.68,278.1
13.5,73.66666666666666,2026-09-01T12:00:00Z,2.02,9.2,1.67,278.3
13.5,73.75,2026-09-01T12:00:00Z,2.0,9.1,1.67,278.3
13.5,73.83333333333331,2026-09-01T12:00:00Z,1.98,9.1,1.67,278.3
13.5,73.91666666666666,2026-09-01T12:00:00Z,1.97,9.1,1.66,278.1
13.5,74.0,2026-09-01T12:00:00Z,1.95,9.0,1.64,277.9
13.5,74.08333333333331,2026-09-01T12:00:00Z,1.92,9.0,1.62,277.5
13.5,74.16666666666666,2026-09-01T12:00:00Z,1.89,8.9,1.6,277.1
13.5,74.25,2026-09-01T12:00:00Z,1.86,8.9,1.58,277.1
13.5,74.33333333333331,2026-09-01T12:00:00Z,1.83,8.9,1.56,276.8
13.5,74.41666666666666,2026-09-01T12:00:00Z,1.79,8.9,1.54,276.6
13.5,74.5,2026-09-01T12:00:00Z,1.76,8.8,1.52,276.5
13.5,74.58333333333331,2026-09-01T12:00:00Z,1.72,8.8,1.5,275.7
13.5,80.41666666666663,2026-09-01T12:00:00Z,0.77,12.5,0.56,145.1
13.5,80.5,2026-09-01T12:00:00Z,0.94,12.4,0.87,150.1
13.5,80.58333333333331,2026-09-01T12:00:00Z,1.0,12.1,0.92,152.4
13.5,80.66666666666663,2026-09-01T12:00:00Z,1.07,12.7,0.93,153.4
13.5,80.75,2026-09-01T12:00:00Z,1.11,13.1,0.94,153.4
13.5,80.83333333333331,2026-09-01T12:00:00Z,1.13,13.2,0.95,154.2
13.5,80.91666666666663,2026-09-01T12:00:00Z,1.14,13.2,0.96,155.0
13.5,81.0,2026-09-01T12:00:00Z,1.16,13.3,0.96,156.0
13.583333333333329,73.0,2026-09-01T12:00:00Z,2.14,17.1,1.66,277.4
13.583333333333329,73.08333333333331,2026-09-01T12:00:00Z,2.14,17.0,1.7,277.9
13.583333333333329,73.16666666666666,2026-09-01T12:00:00Z,2.13,17.0,1.71,278.1
13.583333333333329,73.25,2026-09-01T12:00:00Z,2.11,17.0,1.71,278.1
13.583333333333329,73.33333333333331,2026-09-01T12:00:00Z,2.1,15.7,1.71,278.0
13.583333333333329,73.41666666666666,2026-09-01T12:00:00Z,2.09,12.6,1.7,277.6
13.583333333333329,73.5,2026-09-01T12:00:00Z,2.07,10.5,1.69,277.3
13.583333333333329,73.58333333333331,2026-09-01T12:00:00Z,2.05,9.4,1.68,277.4
13.583333333333329,73.66666666666666,2026-09-01T12:00:00Z,2.03,9.1,1.68,277.6
13.583333333333329,73.75,2026-09-01T12:00:00Z,2.01,9.1,1.68,277.6
13.583333333333329,73.83333333333331,2026-09-01T12:00:00Z,1.99,9.1,1.67,277.6
13.583333333333329,73.91666666666666,2026-09-01T12:00:00Z,1.97,9.1,1.67,277.5
13.583333333333329,74.0,2026-09-01T12:00:00Z,1.95,9.0,1.65,277.2
13.583333333333329,74.08333333333331,2026-09-01T12:00:00Z,1.92,9.0,1.63,276.8
13.583333333333329,74.16666666666666,2026-09-01T12:00:00Z,1.89,9.0,1.61,276.5
13.583333333333329,74.25,2026-09-01T12:00:00Z,1.86,8.9,1.59,276.5
13.583333333333329,74.33333333333331,2026-09-01T12:00:00Z,1.83,8.9,1.57,276.3
13.583333333333329,74.41666666666666,2026-09-01T12:00:00Z,1.8,8.9,1.56,276.0
13.583333333333329,74.5,2026-09-01T12:00:00Z,1.77,8.9,1.53,275.7
13.583333333333329,74.58333333333331,2026-09-01T12:00:00Z,1.71,8.9,1.49,274.6
13.583333333333329,80.41666666666663,2026-09-01T12:00:00Z,0.77,12.5,0.6,145.3
13.583333333333329,80.5,2026-09-01T12:00:00Z,0.92,12.4,0.87,152.0
13.583333333333329,80.58333333333331,2026-09-01T12:00:00Z,1.0,12.4,0.92,153.7
13.583333333333329,80.66666666666663,2026-09-01T12:00:00Z,1.07,12.7,0.93,153.7
13.583333333333329,80.75,2026-09-01T12:00:00Z,1.1,13.1,0.94,153.7
13.583333333333329,80.83333333333331,2026-09-01T12:00:00Z,1.13,13.2,0.95,154.6
13.583333333333329,80.91666666666663,2026-09-01T12:00:00Z,1.14,13.3,0.96,155.4
13.583333333333329,81.0,2026-09-01T12:00:00Z,1.16,13.4,0.96,156.4
13.666666666666657,73.0,2026-09-01T12:00:00Z,2.15,17.1,1.65,276.5
13.666666666666657,73.08333333333331,2026-09-01T12:00:00Z,2.15,17.0,1.69,277.3
13.666666666666657,73.16666666666666,2026-09-01T12:00:00Z,2.14,16.1,1.72,277.9
13.666666666666657,73.25,2026-09-01T12:00:00Z,2.12,13.7,1.73,277.9
13.666666666666657,73.33333333333331,2026-09-01T12:00:00Z,2.11,11.3,1.72,277.8
13.666666666666657,73.41666666666666,2026-09-01T12:00:00Z,2.09,10.0,1.71,277.4
13.666666666666657,73.5,2026-09-01T12:00:00Z,2.08,9.2,1.69,276.9
13.666666666666657,73.58333333333331,2026-09-01T12:00:00Z,2.06,9.1,1.69,276.7
13.666666666666657,73.66666666666666,2026-09-01T12:00:00Z,2.04,9.1,1.69,276.7
13.666666666666657,73.75,2026-09-01T12:00:00Z,2.02,9.1,1.68,276.7
13.666666666666657,73.83333333333331,2026-09-01T12:00:00Z,1.99,9.1,1.68,276.9
13.666666666666657,73.91666666666666,2026-09-01T12:00:00Z,1.96,9.0,1.66,276.9
13.666666666666657,74.0,2026-09-01T12:00:00Z,1.93,9.0,1.65,276.7
13.666666666666657,74.08333333333331,2026-09-01T12:00:00Z,1.91,9.0,1.63,276.3
13.666666666666657,74.16666666666666,2026-09-01T12:00:00Z,1.89,9.0,1.61,275.9
13.666666666666657,74.25,2026-09-01T12:00:00Z,1.87,8.9,1.6,275.9
13.666666666666657,74.33333333333331,2026-09-01T12:00:00Z,1.84,8.9,1.58,275.6
13.666666666666657,74.41666666666666,2026-09-01T12:00:00Z,1.81,8.9,1.56,275.3
13.666666666666657,74.5,2026-09-01T12:00:00Z,1.78,8.9,1.54,274.8
13.666666666666657,74.58333333333331,2026-09-01T12:00:00Z,1.7,8.9,1.47,273.3
13.666666666666657,74.66666666666666,2026-09-01T12:00:00Z,1.33,7.9,1.12,270.8
13.666666666666657,80.33333333333331,2026-09-01T12:00:00Z,0.55,12.5,0.4,143.5
13.666666666666657,80.41666666666663,2026-09-01T12:00:00Z,0.73,12.4,0.6,145.9
13.666666666666657,80.5,2026-09-01T12:00:00Z,0.93,12.2,0.89,151.7
13.666666666666657,80.58333333333331,2026-09-01T12:00:00Z,1.01,12.5,0.92,152.4
13.666666666666657,80.66666666666663,2026-09-01T12:00:00Z,1.07,12.8,0.93,154.1
13.666666666666657,80.75,2026-09-01T12:00:00Z,1.11,13.1,0.94,154.1
13.666666666666657,80.83333333333331,2026-09-01T12:00:00Z,1.13,13.3,0.95,155.0
13.666666666666657,80.91666666666663,2026-09-01T12:00:00Z,1.14,13.3,0.96,155.8
13.666666666666657,81.0,2026-09-01T12:00:00Z,1.16,13.4,0.96,156.6
13.75,73.0,2026-09-01T12:00:00Z,2.16,17.1,1.65,275.6
13.75,73.08333333333331,2026-09-01T12:00:00Z,2.16,14.1,1.68,275.9
13.75,73.16666666666666,2026-09-01T12:00:00Z,2.15,12.6,1.71,277.0
13.75,73.25,2026-09-01T12:00:00Z,2.13,10.6,1.73,277.0
13.75,73.33333333333331,2026-09-01T12:00:00Z,2.12,9.2,1.73,277.1
13.75,73.41666666666666,2026-09-01T12:00:00Z,2.1,9.2,1.72,277.0
13.75,73.5,2026-09-01T12:00:00Z,2.08,9.1,1.71,276.7
13.75,73.58333333333331,2026-09-01T12:00:00Z,2.06,9.1,1.7,276.4
13.75,73.66666666666666,2026-09-01T12:00:00Z,2.04,9.1,1.7,276.1
13.75,73.75,2026-09-01T12:00:00Z,2.02,9.1,1.69,276.1
13.75,73.83333333333331,2026-09-01T12:00:00Z,1.99,9.0,1.68,276.0
13.75,73.91666666666666,2026-09-01T12:00:00Z,1.95,9.0,1.66,276.2
13.75,74.0,2026-09-01T12:00:00Z,1.91,8.9,1.64,276.1
13.75,74.08333333333331,2026-09-01T12:00:00Z,1.9,8.9,1.63,275.7
13.75,74.16666666666666,2026-09-01T12:00:00Z,1.88,8.9,1.62,275.3
13.75,74.25,2026-09-01T12:00:00Z,1.87,8.9,1.6,275.3
13.75,74.33333333333331,2026-09-01T12:00:00Z,1.84,8.9,1.59,274.9
13.75,74.41666666666666,2026-09-01T12:00:00Z,1.81,8.9,1.57,274.5
13.75,74.5,2026-09-01T12:00:00Z,1.78,8.9,1.54,274.0
13.75,74.58333333333331,2026-09-01T12:00:00Z,1.68,8.9,1.46,272.7
13.75,74.66666666666666,2026-09-01T12:00:00Z,1.37,8.1,1.18,271.5
13.75,80.33333333333331,2026-09-01T12:00:00Z,0.54,12.3,0.47,140.3
13.75,80.41666666666663,2026-09-01T12:00:00Z,0.73,12.3,0.66,146.7
13.75,80.5,2026-09-01T12:00:00Z,0.92,12.3,0.9,153.3
13.75,80.58333333333331,2026-09-01T12:00:00Z,1.01,12.7,0.92,154.2
13.75,80.66666666666663,2026-09-01T12:00:00Z,1.07,13.0,0.93,154.5
13.75,80.75,2026-09-01T12:00:00Z,1.11,13.2,0.94,154.5
13.75,80.83333333333331,2026-09-01T12:00:00Z,1.13,13.3,0.96,155.4
13.75,80.91666666666663,2026-09-01T12:00:00Z,1.15,13.4,0.96,156.2
13.75,81.0,2026-09-01T12:00:00Z,1.17,13.5,0.96,156.8
13.833333333333329,73.0,2026-09-01T12:00:00Z,2.17,14.7,1.66,275.6
13.833333333333329,73.08333333333331,2026-09-01T12:00:00Z,2.17,10.6,1.67,275.9
13.833333333333329,73.16666666666666,2026-09-01T12:00:00Z,2.16,9.3,1.7,277.0
13.833333333333329,73.25,2026-09-01T12:00:00Z,2.14,9.1,1.72,277.0
13.833333333333329,73.33333333333331,2026-09-01T12:00:00Z,2.13,9.2,1.73,277.1
13.833333333333329,73.41666666666666,2026-09-01T12:00:00Z,2.11,9.1,1.73,277.0
13.833333333333329,73.5,2026-09-01T12:00:00Z,2.09,9.1,1.72,276.7
13.833333333333329,73.58333333333331,2026-09-01T12:00:00Z,2.06,9.1,1.72,276.4
13.833333333333329,73.66666666666666,2026-09-01T12:00:00Z,2.04,9.1,1.71,276.1
13.833333333333329,73.75,2026-09-01T12:00:00Z,2.02,9.1,1.7,276.1
13.833333333333329,73.83333333333331,2026-09-01T12:00:00Z,1.99,9.0,1.68,276.0
13.833333333333329,73.91666666666666,2026-09-01T12:00:00Z,1.95,9.0,1.66,276.2
13.833333333333329,74.0,2026-09-01T12:00:00Z,1.9,8.9,1.64,276.1
13.833333333333329,74.08333333333331,2026-09-01T12:00:00Z,1.88,8.9,1.62,275.7
13.833333333333329,74.16666666666666,2026-09-01T12:00:00Z,1.87,8.9,1.62,275.3
13.833333333333329,74.25,2026-09-01T12:00:00Z,1.86,8.9,1.6,275.3
13.833333333333329,74.33333333333331,2026-09-01T12:00:00Z,1.84,8.9,1.59,274.9
13.833333333333329,74.41666666666666,2026-09-01T12:00:00Z,1.81,8.9,1.56,274.5
13.833333333333329,74.5,2026-09-01T12:00:00Z,1.77,8.9,1.54,274.0
13.833333333333329,74.58333333333331,2026-09-01T12:00:00Z,1.69,8.9,1.48,272.7
13.833333333333329,80.25,2026-09-01T12:00:00Z,0.42,12.0,0.38,142.3
13.833333333333329,80.33333333333331,2026-09-01T12:00:00Z,0.57,12.0,0.54,140.3
13.833333333333329,80.41666666666663,2026-09-01T12:00:00Z,0.76,12.2,0.74,146.7
13.833333333333329,80.5,2026-09-01T12:00:00Z,0.92,12.5,0.89,153.3
13.833333333333329,80.58333333333331,2026-09-01T12:00:00Z,1.01,12.8,0.91,154.2
13.833333333333329,80.66666666666663,2026-09-01T12:00:00Z,1.07,13.1,0.93,154.5
13.833333333333329,80.75,2026-09-01T12:00:00Z,1.11,13.3,0.95,154.5
13.833333333333329,80.83333333333331,2026-09-01T12:00:00Z,1.13,13.4,0.96,155.4
13.833333333333329,80.91666666666663,2026-09-01T12:00:00Z,1.15,13.5,0.96,156.2
13.833333333333329,81.0,2026-09-01T12:00:00Z,1.17,13.5,0.95,156.8
13.916666666666657,73.0,2026-09-01T12:00:00Z,2.16,9.7,1.68,276.1
13.916666666666657,73.08333333333331,2026-09-01T12:00:00Z,2.17,9.2,1.68,275.7
13.916666666666657,73.16666666666666,2026-09-01T12:00:00Z,2.17,9.1,1.69,276.0
13.916666666666657,73.25,2026-09-01T12:00:00Z,2.15,9.1,1.71,276.0
13.916666666666657,73.33333333333331,2026-09-01T12:00:00Z,2.14,9.1,1.72,276.1
13.916666666666657,73.41666666666666,2026-09-01T12:00:00Z,2.11,9.1,1.72,276.2
13.916666666666657,73.5,2026-09-01T12:00:00Z,2.09,9.1,1.72,276.1
13.916666666666657,73.58333333333331,2026-09-01T12:00:00Z,2.06,9.1,1.73,276.0
13.916666666666657,73.66666666666666,2026-09-01T12:00:00Z,2.04,9.1,1.72,275.5
13.916666666666657,73.75,2026-09-01T12:00:00Z,2.02,9.1,1.7,275.5
13.916666666666657,73.83333333333331,2026-09-01T12:00:00Z,1.99,9.0,1.69,275.1
13.916666666666657,73.91666666666666,2026-09-01T12:00:00Z,1.95,9.0,1.67,275.1
13.916666666666657,74.0,2026-09-01T12:00:00Z,1.91,8.9,1.65,275.2
13.916666666666657,74.08333333333331,2026-09-01T12:00:00Z,1.88,8.9,1.63,274.9
13.916666666666657,74.16666666666666,2026-09-01T12:00:00Z,1.87,8.9,1.62,274.6
13.916666666666657,74.25,2026-09-01T12:00:00Z,1.85,8.9,1.6,274.6
13.916666666666657,74.33333333333331,2026-09-01T12:00:00Z,1.82,8.9,1.58,274.1
13.916666666666657,74.41666666666666,2026-09-01T12:00:00Z,1.79,8.9,1.55,273.7
13.916666666666657,74.5,2026-09-01T12:00:00Z,1.75,8.9,1.53,272.9
13.916666666666657,80.33333333333331,2026-09-01T12:00:00Z,0.61,11.6,0.58,141.2
13.916666666666657,80.41666666666663,2026-09-01T12:00:00Z,0.78,12.0,0.76,147.5
13.916666666666657,80.5,2026-09-01T12:00:00Z,0.93,12.5,0.87,151.2
13.916666666666657,80.58333333333331,2026-09-01T12:00:00Z,1.02,13.0,0.9,153.6
13.916666666666657,80.66666666666663,2026-09-01T12:00:00Z,1.07,13.2,0.93,155.0
13.916666666666657,80.75,2026-09-01T12:00:00Z,1.11,13.4,0.95,155.0
13.916666666666657,80.83333333333331,2026-09-01T12:00:00Z,1.14,13.5,0.96,155.7
13.916666666666657,80.91666666666663,2026-09-01T12:00:00Z,1.16,13.5,0.95,156.2
13.916666666666657,81.0,2026-09-01T12:00:00Z,1.18,13.6,0.93,156.0
14.0,73.0,2026-09-01T12:00:00Z,2.16,9.2,1.71,276.7
14.0,73.08333333333331,2026-09-01T12:00:00Z,2.16,9.1,1.7,276.5
14.0,73.16666666666666,2026-09-01T12:00:00Z,2.16,9.1,1.69,276.3
14.0,73.25,2026-09-01T12:00:00Z,2.15,9.1,1.69,276.3
14.0,73.33333333333331,2026-09-01T12:00:00Z,2.14,9.1,1.69,276.0
14.0,73.41666666666666,2026-09-01T12:00:00Z,2.11,9.1,1.69,275.4
14.0,73.5,2026-09-01T12:00:00Z,2.09,9.1,1.7,275.1
14.0,73.58333333333331,2026-09-01T12:00:00Z,2.06,9.1,1.72,275.3
14.0,73.66666666666666,2026-09-01T12:00:00Z,2.04,9.1,1.71,275.0
14.0,73.75,2026-09-01T12:00:00Z,2.02,9.1,1.7,275.0
14.0,73.83333333333331,2026-09-01T12:00:00Z,1.99,9.0,1.69,274.5
14.0,73.91666666666666,2026-09-01T12:00:00Z,1.95,9.0,1.67,274.4
14.0,74.0,2026-09-01T12:00:00Z,1.91,8.9,1.65,274.5
14.0,74.08333333333331,2026-09-01T12:00:00Z,1.88,8.9,1.63,274.3
14.0,74.16666666666666,2026-09-01T12:00:00Z,1.86,8.9,1.62,273.8
14.0,74.25,2026-09-01T12:00:00Z,1.84,8.9,1.59,273.8
14.0,74.33333333333331,2026-09-01T12:00:00Z,1.8,8.9,1.56,273.4
14.0,80.33333333333331,2026-09-01T12:00:00Z,0.67,11.6,0.65,143.2
14.0,80.41666666666663,2026-09-01T12:00:00Z,0.8,11.9,0.78,148.0
14.0,80.5,2026-09-01T12:00:00Z,0.93,12.4,0.88,152.7
14.0,80.58333333333331,2026-09-01T12:00:00Z,1.02,13.1,0.9,154.1
14.0,80.66666666666663,2026-09-01T12:00:00Z,1.08,13.4,0.93,155.2
14.0,80.75,2026-09-01T12:00:00Z,1.11,13.5,0.94,155.2
14.0,80.83333333333331,2026-09-01T12:00:00Z,1.14,13.6,0.94,155.7
14.0,80.91666666666663,2026-09-01T12:00:00Z,1.17,13.6,0.95,156.4
14.0,81.0,2026-09-01T12:00:00Z,1.19,13.7,0.95,157.0
14.083333333333329,73.0,2026-09-01T12:00:00Z,2.16,9.1,1.7,276.0
14.083333333333329,73.08333333333331,2026-09-01T12:00:00Z,2.17,9.1,1.7,276.4
14.083333333333329,73.16666666666666,2026-09-01T12:00:00Z,2.17,9.1,1.69,276.9
14.083333333333329,73.25,2026-09-01T12:00:00Z,2.15,9.1,1.7,276.9
14.083333333333329,73.33333333333331,2026-09-01T12:00:00Z,2.13,9.1,1.71,276.6
14.083333333333329,73.41666666666666,2026-09-01T12:00:00Z,2.1,9.1,1.71,275.6
14.083333333333329,73.5,2026-09-01T12:00:00Z,2.08,9.1,1.69,274.1
14.083333333333329,73.58333333333331,2026-09-01T12:00:00Z,2.05,9.1,1.71,274.4
14.083333333333329,73.66666666666666,2026-09-01T12:00:00Z,2.03,9.1,1.71,274.3
14.083333333333329,73.75,2026-09-01T12:00:00Z,2.01,9.0,1.7,274.3
14.083333333333329,73.83333333333331,2026-09-01T12:00:00Z,1.98,9.0,1.68,274.0
14.083333333333329,73.91666666666666,2026-09-01T12:00:00Z,1.94,9.0,1.67,273.9
14.083333333333329,74.0,2026-09-01T12:00:00Z,1.9,8.9,1.65,273.8
14.083333333333329,74.08333333333331,2026-09-01T12:00:00Z,1.88,9.0,1.64,273.6
14.083333333333329,74.16666666666666,2026-09-01T12:00:00Z,1.86,8.9,1.61,273.2
14.083333333333329,74.25,2026-09-01T12:00:00Z,1.82,8.9,1.49,273.2
14.083333333333329,74.33333333333331,2026-09-01T12:00:00Z,1.78,8.9,1.4,263.8
14.083333333333329,80.33333333333331,2026-09-01T12:00:00Z,0.69,11.8,0.67,143.7
14.083333333333329,80.41666666666663,2026-09-01T12:00:00Z,0.81,12.0,0.79,148.6
14.083333333333329,80.5,2026-09-01T12:00:00Z,0.94,12.5,0.92,154.2
14.083333333333329,80.58333333333331,2026-09-01T12:00:00Z,1.02,13.2,0.92,154.8
14.083333333333329,80.66666666666663,2026-09-01T12:00:00Z,1.07,13.5,0.92,155.3
14.083333333333329,80.75,2026-09-01T12:00:00Z,1.11,13.6,0.93,155.3
14.083333333333329,80.83333333333331,2026-09-01T12:00:00Z,1.14,13.7,0.94,156.0
14.083333333333329,80.91666666666663,2026-09-01T12:00:00Z,1.17,13.7,0.95,156.8
14.083333333333329,81.0,2026-09-01T12:00:00Z,1.19,13.8,0.92,156.7
14.166666666666657,73.0,2026-09-01T12:00:00Z,2.17,9.1,1.68,275.1
14.166666666666657,73.08333333333331,2026-09-01T12:00:00Z,2.17,9.1,1.67,275.5
14.166666666666657,73.16666666666666,2026-09-01T12:00:00Z,2.17,9.1,1.67,275.8
14.166666666666657,73.25,2026-09-01T12:00:00Z,2.15,9.1,1.68,275.8
14.166666666666657,73.33333333333331,2026-09-01T12:00:00Z,2.13,9.1,1.7,275.7
14.166666666666657,73.41666666666666,2026-09-01T12:00:00Z,2.1,9.1,1.71,275.2
14.166666666666657,73.5,2026-09-01T12:00:00Z,2.07,9.1,1.7,274.6
14.166666666666657,73.58333333333331,2026-09-01T12:00:00Z,2.04,9.0,1.71,274.4
14.166666666666657,73.66666666666666,2026-09-01T12:00:00Z,2.02,9.0,1.7,274.2
14.166666666666657,73.75,2026-09-01T12:00:00Z,1.99,9.0,1.69,274.2
14.166666666666657,73.83333333333331,2026-09-01T12:00:00Z,1.96,9.0,1.68,273.9
14.166666666666657,73.91666666666666,2026-09-01T12:00:00Z,1.93,9.0,1.66,273.6
14.166666666666657,74.0,2026-09-01T12:00:00Z,1.9,8.9,1.64,273.3
14.166666666666657,74.08333333333331,2026-09-01T12:00:00Z,1.87,9.0,1.63,272.9
14.166666666666657,74.16666666666666,2026-09-01T12:00:00Z,1.85,9.0,1.56,268.4
14.166666666666657,74.25,2026-09-01T12:00:00Z,1.81,8.9,1.4,268.4
14.166666666666657,74.33333333333331,2026-09-01T12:00:00Z,1.76,8.9,1.29,259.6
14.166666666666657,80.16666666666663,2026-09-01T12:00:00Z,0.44,11.5,0.39,142.9
14.166666666666657,80.25,2026-09-01T12:00:00Z,0.57,11.8,0.54,142.9
14.166666666666657,80.33333333333331,2026-09-01T12:00:00Z,0.68,11.8,0.66,144.8
14.166666666666657,80.41666666666663,2026-09-01T12:00:00Z,0.79,12.0,0.77,148.5
14.166666666666657,80.5,2026-09-01T12:00:00Z,0.93,12.5,0.89,152.1
14.166666666666657,80.58333333333331,2026-09-01T12:00:00Z,1.02,13.2,0.92,153.9
14.166666666666657,80.66666666666663,2026-09-01T12:00:00Z,1.07,13.6,0.92,155.4
14.166666666666657,80.75,2026-09-01T12:00:00Z,1.11,13.7,0.93,155.4
14.166666666666657,80.83333333333331,2026-09-01T12:00:00Z,1.14,13.7,0.94,156.3
14.166666666666657,80.91666666666663,2026-09-01T12:00:00Z,1.17,13.8,0.94,156.8
14.166666666666657,81.0,2026-09-01T12:00:00Z,1.19,13.8,0.91,156.5
14.25,73.0,2026-09-01T12:00:00Z,2.17,9.1,1.66,274.8
14.25,73.08333333333331,2026-09-01T12:00:00Z,2.17,9.1,1.64,274.5
14.25,73.16666666666666,2026-09-01T12:00:00Z,2.17,9.1,1.64,274.3
14.25,73.25,2026-09-01T12:00:00Z,2.15,9.1,1.66,274.3
14.25,73.33333333333331,2026-09-01T12:00:00Z,2.13,9.1,1.68,274.3
14.25,73.41666666666666,2026-09-01T12:00:00Z,2.09,9.0,1.7,274.4
14.25,73.5,2026-09-01T12:00:00Z,2.05,9.0,1.71,274.4
14.25,73.58333333333331,2026-09-01T12:00:00Z,2.02,9.0,1.7,274.2
14.25,73.66666666666666,2026-09-01T12:00:00Z,1.99,9.0,1.69,274.2
14.25,73.75,2026-09-01T12:00:00Z,1.96,9.0,1.68,274.2
14.25,73.83333333333331,2026-09-01T12:00:00Z,1.94,9.0,1.66,273.6
14.25,73.91666666666666,2026-09-01T12:00:00Z,1.91,8.9,1.64,273.1
14.25,74.0,2026-09-01T12:00:00Z,1.89,8.9,1.63,272.6
14.25,74.08333333333331,2026-09-01T12:00:00Z,1.87,9.0,1.62,272.1
14.25,74.16666666666666,2026-09-01T12:00:00Z,1.84,9.0,1.56,271.6
14.25,74.25,2026-09-01T12:00:00Z,1.8,8.9,1.46,271.6
14.25,74.33333333333331,2026-09-01T12:00:00Z,1.74,8.9,1.38,271.2
14.25,80.25,2026-09-01T12:00:00Z,0.54,11.8,0.5,144.0
14.25,80.33333333333331,2026-09-01T12:00:00Z,0.68,11.8,0.67,144.8
14.25,80.41666666666663,2026-09-01T12:00:00Z,0.78,11.9,0.76,147.9
14.25,80.5,2026-09-01T12:00:00Z,0.93,12.3,0.85,154.5
14.25,80.58333333333331,2026-09-01T12:00:00Z,1.02,13.3,0.9,154.9
14.25,80.66666666666663,2026-09-01T12:00:00Z,1.07,13.7,0.92,155.7
14.25,80.75,2026-09-01T12:00:00Z,1.11,13.7,0.93,155.7
14.25,80.83333333333331,2026-09-01T12:00:00Z,1.14,13.8,0.94,156.6
14.25,80.91666666666663,2026-09-01T12:00:00Z,1.16,13.8,0.93,157.6
14.25,81.0,2026-09-01T12:00:00Z,1.19,13.8,0.89,157.1
14.333333333333329,73.0,2026-09-01T12:00:00Z,2.17,9.1,1.66,274.8
14.333333333333329,73.08333333333331,2026-09-01T12:00:00Z,2.17,9.1,1.63,274.5
14.333333333333329,73.16666666666666,2026-09-01T12:00:00Z,2.17,9.1,1.63,274.3
14.333333333333329,73.25,2026-09-01T12:00:00Z,2.16,9.1,1.65,274.3
14.333333333333329,73.33333333333331,2026-09-01T12:00:00Z,2.13,9.1,1.68,274.3
14.333333333333329,73.41666666666666,2026-09-01T12:00:00Z,2.09,9.0,1.7,274.4
14.333333333333329,73.5,2026-09-01T12:00:00Z,2.04,9.0,1.7,274.4
14.333333333333329,73.58333333333331,2026-09-01T12:00:00Z,2.0,8.9,1.68,274.2
14.333333333333329,73.66666666666666,2026-09-01T12:00:00Z,1.96,8.9,1.67,274.2
14.333333333333329,73.75,2026-09-01T12:00:00Z,1.93,8.9,1.65,274.2
14.333333333333329,73.83333333333331,2026-09-01T12:00:00Z,1.91,8.9,1.64,273.6
14.333333333333329,73.91666666666666,2026-09-01T12:00:00Z,1.9,8.9,1.63,273.1
14.333333333333329,74.0,2026-09-01T12:00:00Z,1.88,9.0,1.62,272.6
14.333333333333329,74.08333333333331,2026-09-01T12:00:00Z,1.86,9.0,1.6,272.1
14.333333333333329,74.16666666666666,2026-09-01T12:00:00Z,1.83,8.9,1.59,271.6
14.333333333333329,74.25,2026-09-01T12:00:00Z,1.78,8.9,1.56,271.6
14.333333333333329,74.33333333333331,2026-09-01T12:00:00Z,1.71,8.9,1.51,271.2
14.333333333333329,80.25,2026-09-01T12:00:00Z,0.55,11.7,0.49,144.0
14.333333333333329,80.33333333333331,2026-09-01T12:00:00Z,0.7,11.7,0.65,144.8
14.333333333333329,80.41666666666663,2026-09-01T12:00:00Z,0.8,11.8,0.75,147.9
14.333333333333329,80.5,2026-09-01T12:00:00Z,0.94,12.4,0.86,154.5
14.333333333333329,80.58333333333331,2026-09-01T12:00:00Z,1.02,13.5,0.9,154.9
14.333333333333329,80.66666666666663,2026-09-01T12:00:00Z,1.07,13.8,0.92,155.7
14.333333333333329,80.75,2026-09-01T12:00:00Z,1.11,13.8,0.93,155.7
14.333333333333329,80.83333333333331,2026-09-01T12:00:00Z,1.13,13.9,0.93,156.6
14.333333333333329,80.91666666666663,2026-09-01T12:00:00Z,1.16,13.9,0.92,157.6
14.333333333333329,81.0,2026-09-01T12:00:00Z,1.18,13.9,0.87,157.1
14.416666666666657,73.0,2026-09-01T12:00:00Z,2.17,9.1,1.66,274.6
14.416666666666657,73.08333333333331,2026-09-01T12:00:00Z,2.17,9.1,1.64,273.9
14.416666666666657,73.16666666666666,2026-09-01T12:00:00Z,2.17,9.1,1.64,273.4
14.416666666666657,73.25,2026-09-01T12:00:00Z,2.16,9.1,1.66,273.4
14.416666666666657,73.33333333333331,2026-09-01T12:00:00Z,2.13,9.0,1.68,273.6
14.416666666666657,73.41666666666666,2026-09-01T12:00:00Z,2.09,9.0,1.7,273.7
14.416666666666657,73.5,2026-09-01T12:00:00Z,2.03,8.9,1.69,273.5
14.416666666666657,73.58333333333331,2026-09-01T12:00:00Z,1.98,8.9,1.67,273.9
14.416666666666657,73.66666666666666,2026-09-01T12:00:00Z,1.95,8.9,1.65,273.3
14.416666666666657,73.75,2026-09-01T12:00:00Z,1.92,8.9,1.63,273.3
14.416666666666657,73.83333333333331,2026-09-01T12:00:00Z,1.9,8.9,1.62,272.7
14.416666666666657,73.91666666666666,2026-09-01T12:00:00Z,1.89,8.9,1.62,272.1
14.416666666666657,74.0,2026-09-01T12:00:00Z,1.87,9.0,1.61,271.8
14.416666666666657,74.08333333333331,2026-09-01T12:00:00Z,1.84,9.0,1.59,271.3
14.416666666666657,74.16666666666666,2026-09-01T12:00:00Z,1.81,8.9,1.57,270.7
14.416666666666657,74.25,2026-09-01T12:00:00Z,1.77,8.9,1.54,270.7
14.416666666666657,74.33333333333331,2026-09-01T12:00:00Z,1.69,8.9,1.49,269.8
14.416666666666657,80.25,2026-09-01T12:00:00Z,0.59,11.6,0.51,141.3
14.416666666666657,80.33333333333331,2026-09-01T12:00:00Z,0.73,11.6,0.6,151.9
14.416666666666657,80.41666666666663,2026-09-01T12:00:00Z,0.83,12.0,0.76,148.6
14.416666666666657,80.5,2026-09-01T12:00:00Z,0.95,12.7,0.93,154.0
14.416666666666657,80.58333333333331,2026-09-01T12:00:00Z,1.02,13.7,0.92,155.2
14.416666666666657,80.66666666666663,2026-09-01T12:00:00Z,1.07,13.9,0.92,156.1
14.416666666666657,80.75,2026-09-01T12:00:00Z,1.11,14.0,0.93,156.1
14.416666666666657,80.83333333333331,2026-09-01T12:00:00Z,1.13,14.0,0.93,157.1
14.416666666666657,80.91666666666663,2026-09-01T12:00:00Z,1.16,14.0,0.91,156.9
14.416666666666657,81.0,2026-09-01T12:00:00Z,1.19,14.0,0.86,157.2
14.5,73.0,2026-09-01T12:00:00Z,2.18,9.1,1.67,274.9
14.5,73.08333333333331,2026-09-01T12:00:00Z,2.18,9.0,1.67,273.9
14.5,73.16666666666666,2026-09-01T12:00:00Z,2.18,9.0,1.68,273.2
14.5,73.25,2026-09-01T12:00:00Z,2.16,9.0,1.69,273.2
14.5,73.33333333333331,2026-09-01T12:00:00Z,2.13,9.0,1.7,272.7
14.5,73.41666666666666,2026-09-01T12:00:00Z,2.09,9.0,1.7,272.2
14.5,73.5,2026-09-01T12:00:00Z,2.05,9.0,1.69,271.9
14.5,73.58333333333331,2026-09-01T12:00:00Z,2.01,9.0,1.67,271.7
14.5,73.66666666666666,2026-09-01T12:00:00Z,1.96,8.9,1.66,271.5
14.5,73.75,2026-09-01T12:00:00Z,1.93,8.9,1.64,271.5
14.5,73.83333333333331,2026-09-01T12:00:00Z,1.9,8.9,1.63,271.4
14.5,73.91666666666666,2026-09-01T12:00:00Z,1.88,8.9,1.62,271.2
14.5,74.0,2026-09-01T12:00:00Z,1.85,8.9,1.61,270.9
14.5,74.08333333333331,2026-09-01T12:00:00Z,1.83,8.9,1.59,270.3
14.5,74.16666666666666,2026-09-01T12:00:00Z,1.79,8.9,1.56,269.4
14.5,74.25,2026-09-01T12:00:00Z,1.75,8.9,1.52,269.4
14.5,74.33333333333331,2026-09-01T12:00:00Z,1.7,9.0,1.48,267.9
14.5,80.25,2026-09-01T12:00:00Z,0.6,11.8,0.59,142.8
14.5,80.33333333333331,2026-09-01T12:00:00Z,0.74,11.9,0.71,145.4
14.5,80.41666666666663,2026-09-01T12:00:00Z,0.85,12.2,0.78,149.2
14.5,80.5,2026-09-01T12:00:00Z,0.95,13.1,0.88,154.0
14.5,80.58333333333331,2026-09-01T12:00:00Z,1.02,13.9,0.94,156.4
14.5,80.66666666666663,2026-09-01T12:00:00Z,1.07,14.0,0.94,156.7
14.5,80.75,2026-09-01T12:00:00Z,1.11,14.1,0.93,156.7
14.5,80.83333333333331,2026-09-01T12:00:00Z,1.14,14.1,0.93,157.5
14.5,80.91666666666663,2026-09-01T12:00:00Z,1.17,14.0,0.9,157.7
14.5,81.0,2026-09-01T12:00:00Z,1.19,14.0,0.83,156.9
14.583333333333329,73.0,2026-09-01T12:00:00Z,2.2,9.0,1.7,274.3
14.583333333333329,73.08333333333331,2026-09-01T12:00:00Z,2.2,9.0,1.69,273.2
14.583333333333329,73.16666666666666,2026-09-01T12:00:00Z,2.18,9.0,1.71,273.2
14.583333333333329,73.25,2026-09-01T12:00:00Z,2.16,9.0,1.72,273.2
14.583333333333329,73.33333333333331,2026-09-01T12:00:00Z,2.12,9.0,1.72,273.1
14.583333333333329,73.41666666666666,2026-09-01T12:00:00Z,2.08,9.0,1.71,271.7
14.583333333333329,73.5,2026-09-01T12:00:00Z,2.04,9.0,1.68,270.3
14.583333333333329,73.58333333333331,2026-09-01T12:00:00Z,2.01,9.0,1.66,269.3
14.583333333333329,73.66666666666666,2026-09-01T12:00:00Z,1.96,8.9,1.64,269.7
14.583333333333329,73.75,2026-09-01T12:00:00Z,1.92,8.9,1.63,269.7
14.583333333333329,73.83333333333331,2026-09-01T12:00:00Z,1.89,8.9,1.63,270.1
14.583333333333329,73.91666666666666,2026-09-01T12:00:00Z,1.86,8.9,1.62,270.4
14.583333333333329,74.0,2026-09-01T12:00:00Z,1.84,8.9,1.6,269.9
14.583333333333329,74.08333333333331,2026-09-01T12:00:00Z,1.81,8.9,1.56,268.8
14.583333333333329,74.16666666666666,2026-09-01T12:00:00Z,1.77,8.9,1.53,267.4
14.583333333333329,74.25,2026-09-01T12:00:00Z,1.69,8.9,1.48,267.4
14.583333333333329,74.33333333333331,2026-09-01T12:00:00Z,1.44,8.8,1.29,265.9
14.583333333333329,80.25,2026-09-01T12:00:00Z,0.51,11.9,0.49,142.9
14.583333333333329,80.33333333333331,2026-09-01T12:00:00Z,0.69,12.1,0.67,145.1
14.583333333333329,80.41666666666663,2026-09-01T12:00:00Z,0.86,12.5,0.83,149.0
14.583333333333329,80.5,2026-09-01T12:00:00Z,0.95,13.8,0.92,154.2
14.583333333333329,80.58333333333331,2026-09-01T12:00:00Z,1.02,14.1,0.94,155.1
14.583333333333329,80.66666666666663,2026-09-01T12:00:00Z,1.07,14.1,0.93,157.0
14.583333333333329,80.75,2026-09-01T12:00:00Z,1.1,14.1,0.93,157.0
14.583333333333329,80.83333333333331,2026-09-01T12:00:00Z,1.14,14.1,0.92,157.9
14.583333333333329,80.91666666666663,2026-09-01T12:00:00Z,1.17,14.1,0.89,157.6
14.583333333333329,81.0,2026-09-01T12:00:00Z,1.2,14.1,0.83,157.3
14.666666666666657,73.0,2026-09-01T12:00:00Z,2.21,9.0,1.69,273.7
14.666666666666657,73.08333333333331,2026-09-01T12:00:00Z,2.21,9.0,1.69,272.9
14.666666666666657,73.16666666666666,2026-09-01T12:00:00Z,2.18,8.9,1.7,273.3
14.666666666666657,73.25,2026-09-01T12:00:00Z,2.13,8.9,1.71,273.3
14.666666666666657,73.33333333333331,2026-09-01T12:00:00Z,2.08,8.9,1.7,273.6
14.666666666666657,73.41666666666666,2026-09-01T12:00:00Z,2.05,8.9,1.66,270.9
14.666666666666657,73.5,2026-09-01T12:00:00Z,2.02,9.0,1.63,268.1
14.666666666666657,73.58333333333331,2026-09-01T12:00:00Z,1.97,9.0,1.61,267.1
14.666666666666657,73.66666666666666,2026-09-01T12:00:00Z,1.93,9.0,1.6,267.7
14.666666666666657,73.75,2026-09-01T12:00:00Z,1.9,8.9,1.6,267.7
14.666666666666657,73.83333333333331,2026-09-01T12:00:00Z,1.87,8.9,1.6,268.9
14.666666666666657,73.91666666666666,2026-09-01T12:00:00Z,1.84,8.9,1.59,269.3
14.666666666666657,74.0,2026-09-01T12:00:00Z,1.8,8.9,1.57,268.9
14.666666666666657,74.08333333333331,2026-09-01T12:00:00Z,1.77,8.9,1.52,267.5
14.666666666666657,74.16666666666666,2026-09-01T12:00:00Z,1.7,8.7,1.46,264.9
14.666666666666657,80.25,2026-09-01T12:00:00Z,0.56,11.7,0.5,146.1
14.666666666666657,80.33333333333331,2026-09-01T12:00:00Z,0.71,12.0,0.68,147.3
14.666666666666657,80.41666666666663,2026-09-01T12:00:00Z,0.86,12.7,0.85,150.2
14.666666666666657,80.5,2026-09-01T12:00:00Z,0.96,13.8,0.94,154.4
14.666666666666657,80.58333333333331,2026-09-01T12:00:00Z,1.02,14.1,0.94,156.6
14.666666666666657,80.66666666666663,2026-09-01T12:00:00Z,1.06,14.2,0.93,157.2
14.666666666666657,80.75,2026-09-01T12:00:00Z,1.1,14.2,0.92,157.2
14.666666666666657,80.83333333333331,2026-09-01T12:00:00Z,1.14,14.2,0.91,157.4
14.666666666666657,80.91666666666663,2026-09-01T12:00:00Z,1.17,14.2,0.89,157.3
14.666666666666657,81.0,2026-09-01T12:00:00Z,1.2,14.2,0.9,159.1
14.75,73.0,2026-09-01T12:00:00Z,2.21,9.0,1.69,272.7
14.75,73.08333333333331,2026-09-01T12:00:00Z,2.21,8.9,1.69,272.9
14.75,73.16666666666666,2026-09-01T12:00:00Z,2.18,8.9,1.7,273.3
14.75,73.25,2026-09-01T12:00:00Z,2.11,8.9,1.71,273.3
14.75,73.33333333333331,2026-09-01T12:00:00Z,1.97,8.9,1.62,272.8
14.75,73.41666666666666,2026-09-01T12:00:00Z,1.76,9.6,1.39,272.7
14.75,73.5,2026-09-01T12:00:00Z,1.69,12.8,1.18,203.0
14.75,73.58333333333331,2026-09-01T12:00:00Z,1.73,12.6,1.14,202.0
14.75,73.66666666666666,2026-09-01T12:00:00Z,1.77,12.6,1.24,245.4
14.75,73.75,2026-09-01T12:00:00Z,1.78,11.1,1.32,245.4
14.75,73.83333333333331,2026-09-01T12:00:00Z,1.77,9.3,1.35,253.5
14.75,73.91666666666666,2026-09-01T12:00:00Z,1.75,8.8,1.37,254.1
14.75,74.0,2026-09-01T12:00:00Z,1.72,8.8,1.43,265.7
14.75,74.08333333333331,2026-09-01T12:00:00Z,1.61,8.8,1.38,268.0
14.75,74.16666666666666,2026-09-01T12:00:00Z,1.42,8.8,1.23,263.9
14.75,80.25,2026-09-01T12:00:00Z,0.6,11.6,0.55,143.5
14.75,80.33333333333331,2026-09-01T12:00:00Z,0.75,12.0,0.72,147.5
14.75,80.41666666666663,2026-09-01T12:00:00Z,0.88,12.9,0.86,151.2
14.75,80.5,2026-09-01T12:00:00Z,0.97,13.8,0.95,154.8
14.75,80.58333333333331,2026-09-01T12:00:00Z,1.02,14.2,0.95,156.5
14.75,80.66666666666663,2026-09-01T12:00:00Z,1.07,14.3,0.93,157.4
14.75,80.75,2026-09-01T12:00:00Z,1.1,14.3,0.92,157.4
14.75,80.83333333333331,2026-09-01T12:00:00Z,1.14,14.3,0.9,157.8
14.75,80.91666666666663,2026-09-01T12:00:00Z,1.17,14.3,0.89,158.3
14.75,81.0,2026-09-01T12:00:00Z,1.2,14.3,0.97,162.6
14.833333333333329,73.0,2026-09-01T12:00:00Z,2.21,8.9,1.68,272.7
14.833333333333329,73.08333333333331,2026-09-01T12:00:00Z,2.2,8.9,1.69,272.9
14.833333333333329,73.16666666666666,2026-09-01T12:00:00Z,2.16,8.9,1.7,273.3
14.833333333333329,73.25,2026-09-01T12:00:00Z,2.09,8.9,1.7,273.3
14.833333333333329,73.33333333333331,2026-09-01T12:00:00Z,1.9,8.9,1.55,272.8
14.833333333333329,73.41666666666666,2026-09-01T12:00:00Z,1.6,9.8,1.2,272.7
14.833333333333329,73.5,2026-09-01T12:00:00Z,1.47,14.0,0.86,203.0
14.833333333333329,73.58333333333331,2026-09-01T12:00:00Z,1.55,13.7,0.86,202.0
14.833333333333329,73.66666666666666,2026-09-01T12:00:00Z,1.64,13.7,1.05,245.4
14.833333333333329,73.75,2026-09-01T12:00:00Z,1.69,11.7,1.19,245.4
14.833333333333329,73.83333333333331,2026-09-01T12:00:00Z,1.69,9.3,1.23,253.5
14.833333333333329,73.91666666666666,2026-09-01T12:00:00Z,1.67,8.6,1.25,254.1
14.833333333333329,74.0,2026-09-01T12:00:00Z,1.62,8.7,1.33,265.7
14.833333333333329,74.08333333333331,2026-09-01T12:00:00Z,1.46,8.8,1.27,268.0
14.833333333333329,80.16666666666663,2026-09-01T12:00:00Z,0.48,11.6,0.43,143.5
14.833333333333329,80.25,2026-09-01T12:00:00Z,0.63,11.6,0.6,143.5
14.833333333333329,80.33333333333331,2026-09-01T12:00:00Z,0.78,12.0,0.76,147.5
14.833333333333329,80.41666666666663,2026-09-01T12:00:00Z,0.89,12.8,0.87,151.2
14.833333333333329,80.5,2026-09-01T12:00:00Z,0.98,13.9,0.96,154.8
14.833333333333329,80.58333333333331,2026-09-01T12:00:00Z,1.03,14.3,0.97,156.5
14.833333333333329,80.66666666666663,2026-09-01T12:00:00Z,1.07,14.4,0.95,157.4
14.833333333333329,80.75,2026-09-01T12:00:00Z,1.1,14.4,0.92,157.4
14.833333333333329,80.83333333333331,2026-09-01T12:00:00Z,1.14,14.4,0.9,157.8
14.833333333333329,80.91666666666663,2026-09-01T12:00:00Z,1.17,14.4,0.9,158.3
14.833333333333329,81.0,2026-09-01T12:00:00Z,1.2,14.4,1.06,162.6
14.916666666666657,73.0,2026-09-01T12:00:00Z,2.21,8.9,1.69,272.1
14.916666666666657,73.08333333333331,2026-09-01T12:00:00Z,2.19,8.9,1.69,272.5
14.916666666666657,73.16666666666666,2026-09-01T12:00:00Z,2.15,8.9,1.69,272.6
14.916666666666657,73.25,2026-09-01T12:00:00Z,2.08,8.8,1.68,272.6
14.916666666666657,73.33333333333331,2026-09-01T12:00:00Z,1.97,8.8,1.58,272.5
14.916666666666657,73.41666666666666,2026-09-01T12:00:00Z,1.84,8.8,1.38,265.0
14.916666666666657,73.5,2026-09-01T12:00:00Z,1.71,8.8,1.16,258.7
14.916666666666657,73.58333333333331,2026-09-01T12:00:00Z,1.67,8.7,1.2,266.3
14.916666666666657,73.66666666666666,2026-09-01T12:00:00Z,1.71,8.6,1.33,274.7
14.916666666666657,73.75,2026-09-01T12:00:00Z,1.74,8.6,1.42,274.7
14.916666666666657,73.83333333333331,2026-09-01T12:00:00Z,1.72,8.5,1.44,274.3
14.916666666666657,73.91666666666666,2026-09-01T12:00:00Z,1.67,8.5,1.41,273.3
14.916666666666657,74.0,2026-09-01T12:00:00Z,1.57,8.6,1.35,271.2
14.916666666666657,80.16666666666663,2026-09-01T12:00:00Z,0.56,11.7,0.52,144.9
14.916666666666657,80.25,2026-09-01T12:00:00Z,0.69,11.7,0.66,144.9
14.916666666666657,80.33333333333331,2026-09-01T12:00:00Z,0.8,12.0,0.78,148.2
14.916666666666657,80.41666666666663,2026-09-01T12:00:00Z,0.89,12.6,0.87,151.1
14.916666666666657,80.5,2026-09-01T12:00:00Z,0.98,13.9,0.96,153.5
14.916666666666657,80.58333333333331,2026-09-01T12:00:00Z,1.03,14.3,1.0,156.8
14.916666666666657,80.66666666666663,2026-09-01T12:00:00Z,1.07,14.4,0.97,157.2
14.916666666666657,80.75,2026-09-01T12:00:00Z,1.1,14.5,0.94,157.2
14.916666666666657,80.83333333333331,2026-09-01T12:00:00Z,1.14,14.5,0.92,158.1
14.916666666666657,80.91666666666663,2026-09-01T12:00:00Z,1.17,14.5,0.94,158.9
14.916666666666657,81.0,2026-09-01T12:00:00Z,1.2,14.5,1.17,166.4
15.0,73.0,2026-09-01T12:00:00Z,2.21,8.9,1.69,271.0
15.0,73.08333333333331,2026-09-01T12:00:00Z,2.19,8.9,1.7,270.8
15.0,73.16666666666666,2026-09-01T12:00:00Z,2.15,8.9,1.71,271.5
15.0,73.25,2026-09-01T12:00:00Z,2.1,8.8,1.71,271.5
15.0,73.33333333333331,2026-09-01T12:00:00Z,2.03,8.8,1.69,271.6
15.0,73.41666666666666,2026-09-01T12:00:00Z,1.95,8.7,1.65,271.4
15.0,73.5,2026-09-01T12:00:00Z,1.87,8.6,1.58,270.1
15.0,73.58333333333331,2026-09-01T12:00:00Z,1.83,8.7,1.32,259.0
15.0,73.66666666666666,2026-09-01T12:00:00Z,1.84,8.6,1.26,259.7
15.0,73.75,2026-09-01T12:00:00Z,1.82,8.6,1.36,259.7
15.0,73.83333333333331,2026-09-01T12:00:00Z,1.78,8.5,1.43,277.3
15.0,80.16666666666663,2026-09-01T12:00:00Z,0.63,11.8,0.6,146.0
15.0,80.25,2026-09-01T12:00:00Z,0.73,11.8,0.7,146.0
15.0,80.33333333333331,2026-09-01T12:00:00Z,0.83,12.2,0.81,149.2
15.0,80.41666666666663,2026-09-01T12:00:00Z,0.92,12.9,0.9,152.3
15.0,80.5,2026-09-01T12:00:00Z,0.99,13.9,0.97,155.2
15.0,80.58333333333331,2026-09-01T12:00:00Z,1.04,14.3,1.02,157.6
15.0,80.66666666666663,2026-09-01T12:00:00Z,1.08,14.5,1.0,158.4
15.0,80.75,2026-09-01T12:00:00Z,1.1,14.5,0.94,158.4
15.0,80.83333333333331,2026-09-01T12:00:00Z,1.13,14.6,0.91,158.2
15.0,80.91666666666663,2026-09-01T12:00:00Z,1.17,14.6,0.97,162.3
15.0,81.0,2026-09-01T12:00:00Z,1.2,14.6,1.11,166.3
15.083333333333329,73.0,2026-09-01T12:00:00Z,2.21,8.9,1.7,270.2
15.083333333333329,73.08333333333331,2026-09-01T12:00:00Z,2.19,8.9,1.69,270.0
15.083333333333329,73.16666666666666,2026-09-01T12:00:00Z,2.15,8.9,1.7,269.9
15.083333333333329,73.25,2026-09-01T12:00:00Z,2.11,8.8,1.7,269.9
15.083333333333329,73.33333333333331,2026-09-01T12:00:00Z,2.06,8.8,1.7,269.8
15.083333333333329,73.41666666666666,2026-09-01T12:00:00Z,2.0,8.8,1.69,270.0
15.083333333333329,73.5,2026-09-01T12:00:00Z,1.94,8.7,1.68,270.6
15.083333333333329,73.58333333333331,2026-09-01T12:00:00Z,1.89,8.7,1.63,271.3
15.083333333333329,73.66666666666666,2026-09-01T12:00:00Z,1.87,8.7,1.47,263.4
15.083333333333329,73.75,2026-09-01T12:00:00Z,1.83,8.6,1.34,263.4
15.083333333333329,73.83333333333331,2026-09-01T12:00:00Z,1.77,8.6,1.26,258.2
15.083333333333329,80.16666666666663,2026-09-01T12:00:00Z,0.64,12.0,0.62,146.7
15.083333333333329,80.25,2026-09-01T12:00:00Z,0.76,12.1,0.73,146.7
15.083333333333329,80.33333333333331,2026-09-01T12:00:00Z,0.84,12.5,0.82,149.9
15.083333333333329,80.41666666666663,2026-09-01T12:00:00Z,0.93,13.2,0.9,152.4
15.083333333333329,80.5,2026-09-01T12:00:00Z,1.0,14.1,0.98,154.5
15.083333333333329,80.58333333333331,2026-09-01T12:00:00Z,1.05,14.4,1.03,156.9
15.083333333333329,80.66666666666663,2026-09-01T12:00:00Z,1.08,14.5,1.03,158.8
15.083333333333329,80.75,2026-09-01T12:00:00Z,1.1,14.6,0.96,158.8
15.083333333333329,80.83333333333331,2026-09-01T12:00:00Z,1.13,14.6,0.94,158.8
15.083333333333329,80.91666666666663,2026-09-01T12:00:00Z,1.17,14.7,1.03,164.6
15.083333333333329,81.0,2026-09-01T12:00:00Z,1.2,14.7,1.17,166.4
15.166666666666657,73.0,2026-09-01T12:00:00Z,2.21,8.9,1.7,269.7
15.166666666666657,73.08333333333331,2026-09-01T12:00:00Z,2.18,8.9,1.7,269.5
15.166666666666657,73.16666666666666,2026-09-01T12:00:00Z,2.15,8.8,1.7,269.0
15.166666666666657,73.25,2026-09-01T12:00:00Z,2.12,8.8,1.7,269.0
15.166666666666657,73.33333333333331,2026-09-01T12:00:00Z,2.07,8.8,1.71,268.7
15.166666666666657,73.41666666666666,2026-09-01T12:00:00Z,2.02,8.8,1.71,269.3
15.166666666666657,73.5,2026-09-01T12:00:00Z,1.96,8.7,1.71,269.7
15.166666666666657,73.58333333333331,2026-09-01T12:00:00Z,1.92,8.7,1.69,269.9
15.166666666666657,73.66666666666666,2026-09-01T12:00:00Z,1.89,8.7,1.62,270.2
15.166666666666657,73.75,2026-09-01T12:00:00Z,1.84,8.6,1.54,270.2
15.166666666666657,73.83333333333331,2026-09-01T12:00:00Z,1.79,8.6,1.48,269.9
15.166666666666657,80.16666666666663,2026-09-01T12:00:00Z,0.64,13.1,0.57,147.9
15.166666666666657,80.25,2026-09-01T12:00:00Z,0.77,13.5,0.71,147.9
15.166666666666657,80.33333333333331,2026-09-01T12:00:00Z,0.86,13.7,0.83,150.2
15.166666666666657,80.41666666666663,2026-09-01T12:00:00Z,0.93,14.0,0.91,152.5
15.166666666666657,80.5,2026-09-01T12:00:00Z,1.0,14.4,0.98,154.5
15.166666666666657,80.58333333333331,2026-09-01T12:00:00Z,1.06,14.5,1.03,156.1
15.166666666666657,80.66666666666663,2026-09-01T12:00:00Z,1.09,14.6,1.05,158.7
15.166666666666657,80.75,2026-09-01T12:00:00Z,1.11,14.7,1.02,158.7
15.166666666666657,80.83333333333331,2026-09-01T12:00:00Z,1.13,14.7,1.0,160.8
15.166666666666657,80.91666666666663,2026-09-01T12:00:00Z,1.17,14.8,1.03,163.2
15.166666666666657,81.0,2026-09-01T12:00:00Z,1.2,14.8,1.14,165.6
15.25,73.0,2026-09-01T12:00:00Z,2.21,8.9,1.72,270.5
15.25,73.08333333333331,2026-09-01T12:00:00Z,2.18,8.8,1.72,270.2
15.25,73.16666666666666,2026-09-01T12:00:00Z,2.15,8.8,1.7,267.5
15.25,73.25,2026-09-01T12:00:00Z,2.12,8.8,1.7,267.5
15.25,73.33333333333331,2026-09-01T12:00:00Z,2.08,8.8,1.7,267.3
15.25,73.41666666666666,2026-09-01T12:00:00Z,2.03,8.8,1.71,268.8
15.25,73.5,2026-09-01T12:00:00Z,1.97,8.7,1.71,269.2
15.25,73.58333333333331,2026-09-01T12:00:00Z,1.93,8.7,1.69,269.0
15.25,73.66666666666666,2026-09-01T12:00:00Z,1.89,8.7,1.67,268.9
15.25,73.75,2026-09-01T12:00:00Z,1.84,8.7,1.63,268.9
15.25,73.83333333333331,2026-09-01T12:00:00Z,1.78,8.7,1.59,267.9
15.25,80.16666666666663,2026-09-01T12:00:00Z,0.58,13.3,0.49,148.5
15.25,80.25,2026-09-01T12:00:00Z,0.72,13.7,0.63,148.5
15.25,80.33333333333331,2026-09-01T12:00:00Z,0.84,13.8,0.77,150.8
15.25,80.41666666666663,2026-09-01T12:00:00Z,0.93,14.0,0.88,152.7
15.25,80.5,2026-09-01T12:00:00Z,0.99,14.7,0.97,154.2
15.25,80.58333333333331,2026-09-01T12:00:00Z,1.05,14.6,1.03,154.9
15.25,80.66666666666663,2026-09-01T12:00:00Z,1.09,14.7,1.07,156.0
15.25,80.75,2026-09-01T12:00:00Z,1.12,14.8,1.06,156.0
15.25,80.83333333333331,2026-09-01T12:00:00Z,1.14,14.8,1.03,160.1
15.25,80.91666666666663,2026-09-01T12:00:00Z,1.17,14.9,1.04,163.2
15.25,81.0,2026-09-01T12:00:00Z,1.21,14.9,1.15,165.3
15.333333333333329,73.0,2026-09-01T12:00:00Z,2.2,8.8,1.74,270.5
15.333333333333329,73.08333333333331,2026-09-01T12:00:00Z,2.17,8.8,1.74,270.2
15.333333333333329,73.16666666666666,2026-09-01T12:00:00Z,2.14,8.8,1.72,267.5
15.333333333333329,73.25,2026-09-01T12:00:00Z,2.12,8.8,1.7,267.5
15.333333333333329,73.33333333333331,2026-09-01T12:00:00Z,2.08,8.8,1.7,267.3
15.333333333333329,73.41666666666666,2026-09-01T12:00:00Z,2.03,8.7,1.71,268.8
15.333333333333329,73.5,2026-09-01T12:00:00Z,1.98,8.7,1.71,269.2
15.333333333333329,73.58333333333331,2026-09-01T12:00:00Z,1.93,8.7,1.68,269.0
15.333333333333329,73.66666666666666,2026-09-01T12:00:00Z,1.88,8.7,1.65,268.9
15.333333333333329,73.75,2026-09-01T12:00:00Z,1.79,8.7,1.58,268.9
15.333333333333329,73.83333333333331,2026-09-01T12:00:00Z,1.64,8.5,1.46,267.9
15.333333333333329,80.16666666666663,2026-09-01T12:00:00Z,0.51,11.8,0.43,148.5
15.333333333333329,80.25,2026-09-01T12:00:00Z,0.65,12.5,0.57,148.5
15.333333333333329,80.33333333333331,2026-09-01T12:00:00Z,0.8,12.9,0.72,150.8
15.333333333333329,80.41666666666663,2026-09-01T12:00:00Z,0.9,13.3,0.84,152.7
15.333333333333329,80.5,2026-09-01T12:00:00Z,0.97,14.2,0.93,154.2
15.333333333333329,80.58333333333331,2026-09-01T12:00:00Z,1.04,14.2,1.0,154.9
15.333333333333329,80.66666666666663,2026-09-01T12:00:00Z,1.09,14.6,1.06,156.0
15.333333333333329,80.75,2026-09-01T12:00:00Z,1.13,14.9,1.06,156.0
15.333333333333329,80.83333333333331,2026-09-01T12:00:00Z,1.15,15.0,1.04,160.1
15.333333333333329,80.91666666666663,2026-09-01T12:00:00Z,1.18,15.0,1.06,163.2
15.333333333333329,81.0,2026-09-01T12:00:00Z,1.21,15.1,1.18,165.3
15.416666666666657,73.0,2026-09-01T12:00:00Z,2.19,8.8,1.75,270.6
15.416666666666657,73.08333333333331,2026-09-01T12:00:00Z,2.16,8.8,1.75,270.4
15.416666666666657,73.16666666666666,2026-09-01T12:00:00Z,2.14,8.8,1.73,269.6
15.416666666666657,73.25,2026-09-01T12:00:00Z,2.11,8.8,1.71,269.6
15.416666666666657,73.33333333333331,2026-09-01T12:00:00Z,2.08,8.8,1.7,267.1
15.416666666666657,73.41666666666666,2026-09-01T12:00:00Z,2.03,8.7,1.7,268.0
15.416666666666657,73.5,2026-09-01T12:00:00Z,1.97,8.7,1.7,268.5
15.416666666666657,73.58333333333331,2026-09-01T12:00:00Z,1.91,8.6,1.67,268.3
15.416666666666657,73.66666666666666,2026-09-01T12:00:00Z,1.85,8.7,1.63,268.2
15.416666666666657,73.75,2026-09-01T12:00:00Z,1.71,8.7,1.53,268.2
15.416666666666657,80.25,2026-09-01T12:00:00Z,0.64,11.0,0.58,149.2
15.416666666666657,80.33333333333331,2026-09-01T12:00:00Z,0.79,12.0,0.75,150.7
15.416666666666657,80.41666666666663,2026-09-01T12:00:00Z,0.87,12.4,0.82,152.4
15.416666666666657,80.5,2026-09-01T12:00:00Z,0.93,12.7,0.86,152.3
15.416666666666657,80.58333333333331,2026-09-01T12:00:00Z,1.02,13.2,0.94,153.3
15.416666666666657,80.66666666666663,2026-09-01T12:00:00Z,1.08,14.3,1.03,155.2
15.416666666666657,80.75,2026-09-01T12:00:00Z,1.13,14.9,1.06,155.2
15.416666666666657,80.83333333333331,2026-09-01T12:00:00Z,1.16,15.0,1.05,158.0
15.416666666666657,80.91666666666663,2026-09-01T12:00:00Z,1.19,15.1,1.07,163.1
15.416666666666657,81.0,2026-09-01T12:00:00Z,1.21,15.1,1.17,165.4
15.5,73.0,2026-09-01T12:00:00Z,2.17,8.8,1.74,269.8
15.5,73.08333333333331,2026-09-01T12:00:00Z,2.14,8.8,1.74,269.7
15.5,73.16666666666666,2026-09-01T12:00:00Z,2.12,8.8,1.72,268.2
15.5,73.25,2026-09-01T12:00:00Z,2.1,8.8,1.7,268.2
15.5,73.33333333333331,2026-09-01T12:00:00Z,2.08,8.8,1.69,266.9
15.5,73.41666666666666,2026-09-01T12:00:00Z,2.03,8.7,1.69,267.0
15.5,73.5,2026-09-01T12:00:00Z,1.97,8.7,1.69,267.6
15.5,73.58333333333331,2026-09-01T12:00:00Z,1.91,8.7,1.67,267.8
15.5,73.66666666666666,2026-09-01T12:00:00Z,1.84,8.6,1.64,267.3
15.5,80.25,2026-09-01T12:00:00Z,0.63,11.9,0.54,145.6
15.5,80.33333333333331,2026-09-01T12:00:00Z,0.8,11.8,0.73,150.8
15.5,80.41666666666663,2026-09-01T12:00:00Z,0.86,11.7,0.76,153.7
15.5,80.5,2026-09-01T12:00:00Z,0.9,11.7,0.79,155.2
15.5,80.58333333333331,2026-09-01T12:00:00Z,1.01,13.9,0.95,156.3
15.5,80.66666666666663,2026-09-01T12:00:00Z,1.08,14.7,1.01,158.6
15.5,80.75,2026-09-01T12:00:00Z,1.12,15.0,1.02,158.6
15.5,80.83333333333331,2026-09-01T12:00:00Z,1.16,15.0,1.05,160.6
15.5,80.91666666666663,2026-09-01T12:00:00Z,1.19,15.0,1.13,163.3
15.5,81.0,2026-09-01T12:00:00Z,1.22,15.2,1.17,165.3
15.583333333333329,73.0,2026-09-01T12:00:00Z,2.15,8.8,1.74,268.4
15.583333333333329,73.08333333333331,2026-09-01T12:00:00Z,2.12,8.8,1.74,269.0
15.583333333333329,73.16666666666666,2026-09-01T12:00:00Z,2.1,8.8,1.72,267.8
15.583333333333329,73.25,2026-09-01T12:00:00Z,2.09,8.8,1.69,267.8
15.583333333333329,73.33333333333331,2026-09-01T12:00:00Z,2.06,8.8,1.67,265.6
15.583333333333329,73.41666666666666,2026-09-01T12:00:00Z,2.02,8.8,1.68,265.8
15.583333333333329,73.5,2026-09-01T12:00:00Z,1.96,8.7,1.69,266.9
15.583333333333329,73.58333333333331,2026-09-01T12:00:00Z,1.89,8.7,1.67,267.2
15.583333333333329,73.66666666666666,2026-09-01T12:00:00Z,1.82,8.7,1.64,265.8
15.583333333333329,80.25,2026-09-01T12:00:00Z,0.65,11.9,0.56,148.0
15.583333333333329,80.33333333333331,2026-09-01T12:00:00Z,0.76,11.8,0.69,150.2
15.583333333333329,80.41666666666663,2026-09-01T12:00:00Z,0.85,11.8,0.76,153.4
15.583333333333329,80.5,2026-09-01T12:00:00Z,0.91,11.8,0.78,155.6
15.583333333333329,80.58333333333331,2026-09-01T12:00:00Z,0.98,13.3,0.83,158.1
15.583333333333329,80.66666666666663,2026-09-01T12:00:00Z,1.03,14.8,0.88,160.3
15.583333333333329,80.75,2026-09-01T12:00:00Z,1.08,15.5,0.92,160.3
15.583333333333329,80.83333333333331,2026-09-01T12:00:00Z,1.13,15.6,0.97,161.1
15.583333333333329,80.91666666666663,2026-09-01T12:00:00Z,1.19,15.5,1.05,162.5
15.583333333333329,81.0,2026-09-01T12:00:00Z,1.21,15.3,1.15,164.3
15.666666666666657,73.0,2026-09-01T12:00:00Z,2.16,8.8,1.76,267.3
15.666666666666657,73.08333333333331,2026-09-01T12:00:00Z,2.12,8.8,1.75,267.6
15.666666666666657,73.16666666666666,2026-09-01T12:00:00Z,2.1,8.8,1.73,266.8
15.666666666666657,73.25,2026-09-01T12:00:00Z,2.08,8.8,1.7,266.8
15.666666666666657,73.33333333333331,2026-09-01T12:00:00Z,2.04,8.8,1.69,266.4
15.666666666666657,73.41666666666666,2026-09-01T12:00:00Z,2.0,8.7,1.68,266.3
15.666666666666657,73.5,2026-09-01T12:00:00Z,1.94,8.7,1.68,266.4
15.666666666666657,73.58333333333331,2026-09-01T12:00:00Z,1.86,8.7,1.65,265.7
15.666666666666657,73.66666666666666,2026-09-01T12:00:00Z,1.75,8.7,1.59,264.1
15.666666666666657,80.33333333333331,2026-09-01T12:00:00Z,0.68,11.9,0.63,148.8
15.666666666666657,80.41666666666663,2026-09-01T12:00:00Z,0.81,11.9,0.72,152.7
15.666666666666657,80.5,2026-09-01T12:00:00Z,0.87,11.9,0.76,154.9
15.666666666666657,80.58333333333331,2026-09-01T12:00:00Z,0.92,12.3,0.79,157.2
15.666666666666657,80.66666666666663,2026-09-01T12:00:00Z,0.92,12.4,0.8,160.0
15.666666666666657,80.75,2026-09-01T12:00:00Z,0.95,14.2,0.85,160.0
15.666666666666657,80.83333333333331,2026-09-01T12:00:00Z,1.01,16.3,0.94,162.0
15.666666666666657,80.91666666666663,2026-09-01T12:00:00Z,1.12,16.7,1.04,162.6
15.666666666666657,81.0,2026-09-01T12:00:00Z,1.2,16.6,1.06,168.3
15.75,73.0,2026-09-01T12:00:00Z,2.17,8.8,1.79,266.7
15.75,73.08333333333331,2026-09-01T12:00:00Z,2.14,8.8,1.77,266.8
15.75,73.16666666666666,2026-09-01T12:00:00Z,2.1,8.8,1.75,266.8
15.75,73.25,2026-09-01T12:00:00Z,2.07,8.8,1.72,266.8
15.75,73.33333333333331,2026-09-01T12:00:00Z,2.03,8.7,1.69,266.4
15.75,73.41666666666666,2026-09-01T12:00:00Z,1.97,8.7,1.67,265.8
15.75,73.5,2026-09-01T12:00:00Z,1.9,8.7,1.65,264.9
15.75,73.58333333333331,2026-09-01T12:00:00Z,1.81,8.7,1.61,263.5
15.75,73.66666666666666,2026-09-01T12:00:00Z,1.67,8.7,1.52,261.7
15.75,80.33333333333331,2026-09-01T12:00:00Z,0.55,11.9,0.47,157.9
15.75,80.41666666666663,2026-09-01T12:00:00Z,0.71,12.0,0.61,156.8
15.75,80.5,2026-09-01T12:00:00Z,0.81,12.6,0.71,157.3
15.75,80.58333333333331,2026-09-01T12:00:00Z,0.84,12.3,0.73,159.9
15.75,80.66666666666663,2026-09-01T12:00:00Z,0.83,12.0,0.67,160.5
15.75,80.75,2026-09-01T12:00:00Z,0.79,12.9,0.63,160.5
15.75,80.83333333333331,2026-09-01T12:00:00Z,0.76,13.7,0.66,163.7
15.833333333333329,73.0,2026-09-01T12:00:00Z,2.18,8.8,1.81,266.7
15.833333333333329,73.08333333333331,2026-09-01T12:00:00Z,2.14,8.8,1.79,266.8
15.833333333333329,73.16666666666666,2026-09-01T12:00:00Z,2.1,8.8,1.75,266.8
15.833333333333329,73.25,2026-09-01T12:00:00Z,2.06,8.7,1.71,266.8
15.833333333333329,73.33333333333331,2026-09-01T12:00:00Z,1.99,8.7,1.66,266.4
15.833333333333329,73.41666666666666,2026-09-01T12:00:00Z,1.89,9.1,1.57,265.8
15.833333333333329,73.5,2026-09-01T12:00:00Z,1.73,11.1,1.37,264.9
15.833333333333329,73.58333333333331,2026-09-01T12:00:00Z,1.61,11.4,1.3,263.5
15.833333333333329,80.66666666666663,2026-09-01T12:00:00Z,0.71,11.8,0.54,160.5
15.916666666666657,73.0,2026-09-01T12:00:00Z,2.16,8.8,1.82,266.9
15.916666666666657,73.08333333333331,2026-09-01T12:00:00Z,2.13,8.8,1.79,266.6
15.916666666666657,73.16666666666666,2026-09-01T12:00:00Z,2.08,8.7,1.74,266.5
15.916666666666657,73.25,2026-09-01T12:00:00Z,2.02,8.7,1.68,266.5
15.916666666666657,73.33333333333331,2026-09-01T12:00:00Z,1.93,8.7,1.6,265.8
15.916666666666657,73.41666666666666,2026-09-01T12:00:00Z,1.76,9.7,1.43,265.3
15.916666666666657,73.5,2026-09-01T12:00:00Z,1.44,14.6,0.94,258.9
16.0,73.0,2026-09-01T12:00:00Z,2.12,8.7,1.83,266.4
16.0,73.08333333333331,2026-09-01T12:00:00Z,2.09,8.7,1.79,266.1
16.0,73.16666666666666,2026-09-01T12:00:00Z,2.04,8.7,1.74,266.1
16.0,73.25,2026-09-01T12:00:00Z,1.96,8.7,1.66,266.1
16.0,73.33333333333331,2026-09-01T12:00:00Z,1.86,8.7,1.58,265.6
16.0,73.41666666666666,2026-09-01T12:00:00Z,1.72,8.7,1.5,265.8
16.0,73.5,2026-09-01T12:00:00Z,1.39,8.7,1.27,266.4
13.0,73.0,2026-09-01T15:00:00Z,1.99,15.9,1.58,280.8
13.0,73.08333333333331,2026-09-01T15:00:00Z,1.99,16.0,1.58,281.0
13.0,73.16666666666666,2026-09-01T15:00:00Z,1.99,16.0,1.57,280.9
13.0,73.25,2026-09-01T15:00:00Z,1.99,16.1,1.57,280.9
13.0,73.33333333333331,2026-09-01T15:00:00Z,1.98,16.2,1.57,280.8
13.0,73.41666666666666,2026-09-01T15:00:00Z,1.98,16.3,1.57,280.7
13.0,73.5,2026-09-01T15:00:00Z,1.97,16.3,1.57,280.5
13.0,73.58333333333331,2026-09-01T15:00:00Z,1.97,16.4,1.58,280.3
13.0,73.66666666666666,2026-09-01T15:00:00Z,1.96,16.4,1.58,280.3
13.0,73.75,2026-09-01T15:00:00Z,1.96,16.4,1.58,280.3
13.0,73.83333333333331,2026-09-01T15:00:00Z,1.95,16.5,1.58,280.5
13.0,73.91666666666666,2026-09-01T15:00:00Z,1.95,16.5,1.57,280.5
13.0,74.0,2026-09-01T15:00:00Z,1.93,16.5,1.55,280.6
13.0,74.08333333333331,2026-09-01T15:00:00Z,1.91,16.4,1.54,280.4
13.0,74.16666666666666,2026-09-01T15:00:00Z,1.88,16.2,1.53,279.9
13.0,74.25,2026-09-01T15:00:00Z,1.84,12.5,1.51,279.9
13.0,74.33333333333331,2026-09-01T15:00:00Z,1.8,9.0,1.5,279.6
13.0,74.41666666666666,2026-09-01T15:00:00Z,1.76,8.9,1.49,279.6
13.0,74.5,2026-09-01T15:00:00Z,1.73,8.9,1.47,279.4
13.0,74.58333333333331,2026-09-01T15:00:00Z,1.7,8.9,1.46,279.0
13.0,74.66666666666666,2026-09-01T15:00:00Z,1.65,8.9,1.44,278.1
13.0,74.75,2026-09-01T15:00:00Z,1.57,8.8,1.39,278.1
13.0,80.33333333333331,2026-09-01T15:00:00Z,0.74,11.7,0.69,144.4
13.0,80.41666666666663,2026-09-01T15:00:00Z,0.92,12.1,0.86,148.4
13.0,80.5,2026-09-01T15:00:00Z,1.0,12.4,0.93,151.9
13.0,80.58333333333331,2026-09-01T15:00:00Z,1.05,12.5,0.95,152.4
13.0,80.66666666666663,2026-09-01T15:00:00Z,1.08,12.6,0.94,151.0
13.0,80.75,2026-09-01T15:00:00Z,1.1,12.7,0.96,151.0
13.0,80.83333333333331,2026-09-01T15:00:00Z,1.11,12.9,1.0,153.9
13.0,80.91666666666663,2026-09-01T15:00:00Z,1.12,13.0,1.04,158.8
13.0,81.0,2026-09-01T15:00:00Z,1.12,13.2,1.06,160.3
13.083333333333329,73.0,2026-09-01T15:00:00Z,2.0,16.0,1.59,279.9
13.083333333333329,73.08333333333331,2026-09-01T15:00:00Z,2.0,16.0,1.59,280.0
13.083333333333329,73.16666666666666,2026-09-01T15:00:00Z,2.0,16.1,1.58,279.9
13.083333333333329,73.25,2026-09-01T15:00:00Z,1.99,16.2,1.58,279.9
13.083333333333329,73.33333333333331,2026-09-01T15:00:00Z,1.99,16.2,1.58,279.8
13.083333333333329,73.41666666666666,2026-09-01T15:00:00Z,1.98,16.3,1.58,280.0
13.083333333333329,73.5,2026-09-01T15:00:00Z,1.97,16.4,1.58,280.1
13.083333333333329,73.58333333333331,2026-09-01T15:00:00Z,1.97,16.4,1.59,280.1
13.083333333333329,73.66666666666666,2026-09-01T15:00:00Z,1.96,16.4,1.59,280.3
13.083333333333329,73.75,2026-09-01T15:00:00Z,1.96,16.5,1.59,280.3
13.083333333333329,73.83333333333331,2026-09-01T15:00:00Z,1.95,16.5,1.58,280.5
13.083333333333329,73.91666666666666,2026-09-01T15:00:00Z,1.93,16.5,1.57,280.7
13.083333333333329,74.0,2026-09-01T15:00:00Z,1.91,16.4,1.55,280.6
13.083333333333329,74.08333333333331,2026-09-01T15:00:00Z,1.89,16.4,1.54,280.1
13.083333333333329,74.16666666666666,2026-09-01T15:00:00Z,1.86,13.8,1.53,279.5
13.083333333333329,74.25,2026-09-01T15:00:00Z,1.83,10.7,1.51,279.5
13.083333333333329,74.33333333333331,2026-09-01T15:00:00Z,1.79,8.9,1.5,279.2
13.083333333333329,74.41666666666666,2026-09-01T15:00:00Z,1.76,8.9,1.48,279.0
13.083333333333329,74.5,2026-09-01T15:00:00Z,1.73,8.9,1.48,278.7
13.083333333333329,74.58333333333331,2026-09-01T15:00:00Z,1.7,8.9,1.46,278.3
13.083333333333329,74.66666666666666,2026-09-01T15:00:00Z,1.65,8.9,1.44,277.1
13.083333333333329,74.75,2026-09-01T15:00:00Z,1.6,8.9,1.4,277.1
13.083333333333329,80.33333333333331,2026-09-01T15:00:00Z,0.68,12.3,0.56,143.5
13.083333333333329,80.41666666666663,2026-09-01T15:00:00Z,0.94,12.3,0.88,148.3
13.083333333333329,80.5,2026-09-01T15:00:00Z,1.01,12.4,0.93,152.1
13.083333333333329,80.58333333333331,2026-09-01T15:00:00Z,1.05,12.6,0.93,150.9
13.083333333333329,80.66666666666663,2026-09-01T15:00:00Z,1.08,12.7,0.93,151.6
13.083333333333329,80.75,2026-09-01T15:00:00Z,1.09,12.8,0.97,151.6
13.083333333333329,80.83333333333331,2026-09-01T15:00:00Z,1.1,13.0,1.02,157.3
13.083333333333329,80.91666666666663,2026-09-01T15:00:00Z,1.11,13.1,1.04,159.2
13.083333333333329,81.0,2026-09-01T15:00:00Z,1.11,13.3,1.06,160.7
13.166666666666657,73.0,2026-09-01T15:00:00Z,2.0,16.0,1.61,279.7
13.166666666666657,73.08333333333331,2026-09-01T15:00:00Z,2.0,16.1,1.6,279.4
13.166666666666657,73.16666666666666,2026-09-01T15:00:00Z,2.0,16.1,1.59,279.2
13.166666666666657,73.25,2026-09-01T15:00:00Z,2.0,16.2,1.59,279.2
13.166666666666657,73.33333333333331,2026-09-01T15:00:00Z,1.99,16.3,1.59,279.1
13.166666666666657,73.41666666666666,2026-09-01T15:00:00Z,1.99,16.3,1.59,279.1
13.166666666666657,73.5,2026-09-01T15:00:00Z,1.98,16.4,1.59,279.3
13.166666666666657,73.58333333333331,2026-09-01T15:00:00Z,1.96,16.4,1.59,279.6
13.166666666666657,73.66666666666666,2026-09-01T15:00:00Z,1.95,16.5,1.59,279.9
13.166666666666657,73.75,2026-09-01T15:00:00Z,1.94,16.4,1.59,279.9
13.166666666666657,73.83333333333331,2026-09-01T15:00:00Z,1.93,16.4,1.57,280.1
13.166666666666657,73.91666666666666,2026-09-01T15:00:00Z,1.91,16.4,1.56,280.1
13.166666666666657,74.0,2026-09-01T15:00:00Z,1.89,16.4,1.55,279.8
13.166666666666657,74.08333333333331,2026-09-01T15:00:00Z,1.87,13.7,1.54,279.3
13.166666666666657,74.16666666666666,2026-09-01T15:00:00Z,1.84,11.0,1.52,279.0
13.166666666666657,74.25,2026-09-01T15:00:00Z,1.81,9.4,1.5,279.0
13.166666666666657,74.33333333333331,2026-09-01T15:00:00Z,1.77,8.9,1.49,278.9
13.166666666666657,74.41666666666666,2026-09-01T15:00:00Z,1.74,8.8,1.48,278.7
13.166666666666657,74.5,2026-09-01T15:00:00Z,1.72,8.8,1.47,278.3
13.166666666666657,74.58333333333331,2026-09-01T15:00:00Z,1.68,8.8,1.45,277.7
13.166666666666657,74.66666666666666,2026-09-01T15:00:00Z,1.63,8.8,1.42,276.3
13.166666666666657,74.75,2026-09-01T15:00:00Z,1.57,8.8,1.38,276.3
13.166666666666657,80.33333333333331,2026-09-01T15:00:00Z,0.62,11.5,0.52,142.7
13.166666666666657,80.41666666666663,2026-09-01T15:00:00Z,0.93,12.5,0.87,148.4
13.166666666666657,80.5,2026-09-01T15:00:00Z,1.0,12.5,0.92,152.4
13.166666666666657,80.58333333333331,2026-09-01T15:00:00Z,1.04,12.6,0.92,151.2
13.166666666666657,80.66666666666663,2026-09-01T15:00:00Z,1.07,12.8,0.95,156.5
13.166666666666657,80.75,2026-09-01T15:00:00Z,1.09,12.9,1.0,156.5
13.166666666666657,80.83333333333331,2026-09-01T15:00:00Z,1.09,13.0,1.03,158.3
13.166666666666657,80.91666666666663,2026-09-01T15:00:00Z,1.1,13.2,1.04,159.6
13.166666666666657,81.0,2026-09-01T15:00:00Z,1.1,13.4,1.06,161.1
13.25,73.0,2026-09-01T15:00:00Z,2.02,16.1,1.63,279.4
13.25,73.08333333333331,2026-09-01T15:00:00Z,2.01,16.1,1.62,279.3
13.25,73.16666666666666,2026-09-01T15:00:00Z,2.01,16.2,1.61,279.0
13.25,73.25,2026-09-01T15:00:00Z,2.01,16.3,1.6,279.0
13.25,73.33333333333331,2026-09-01T15:00:00Z,2.0,16.3,1.6,278.8
13.25,73.41666666666666,2026-09-01T15:00:00Z,1.99,16.4,1.6,278.6
13.25,73.5,2026-09-01T15:00:00Z,1.98,16.4,1.6,278.7
13.25,73.58333333333331,2026-09-01T15:00:00Z,1.97,16.5,1.6,278.9
13.25,73.66666666666666,2026-09-01T15:00:00Z,1.95,16.5,1.6,279.0
13.25,73.75,2026-09-01T15:00:00Z,1.93,15.8,1.59,279.0
13.25,73.83333333333331,2026-09-01T15:00:00Z,1.92,14.4,1.58,279.0
13.25,73.91666666666666,2026-09-01T15:00:00Z,1.9,12.8,1.57,279.0
13.25,74.0,2026-09-01T15:00:00Z,1.88,12.7,1.55,278.8
13.25,74.08333333333331,2026-09-01T15:00:00Z,1.86,10.7,1.54,278.6
13.25,74.16666666666666,2026-09-01T15:00:00Z,1.83,9.4,1.52,278.4
13.25,74.25,2026-09-01T15:00:00Z,1.79,8.9,1.49,278.4
13.25,74.33333333333331,2026-09-01T15:00:00Z,1.75,8.8,1.47,278.4
13.25,74.41666666666666,2026-09-01T15:00:00Z,1.72,8.8,1.47,278.2
13.25,74.5,2026-09-01T15:00:00Z,1.7,8.8,1.46,277.9
13.25,74.58333333333331,2026-09-01T15:00:00Z,1.66,8.8,1.43,277.3
13.25,74.66666666666666,2026-09-01T15:00:00Z,1.6,8.8,1.38,275.6
13.25,80.33333333333331,2026-09-01T15:00:00Z,0.62,11.9,0.51,144.3
13.25,80.41666666666663,2026-09-01T15:00:00Z,0.87,12.8,0.79,147.6
13.25,80.5,2026-09-01T15:00:00Z,0.99,12.7,0.9,150.6
13.25,80.58333333333331,2026-09-01T15:00:00Z,1.03,12.6,0.9,151.6
13.25,80.66666666666663,2026-09-01T15:00:00Z,1.06,12.8,0.95,155.0
13.25,80.75,2026-09-01T15:00:00Z,1.08,13.0,1.0,155.0
13.25,80.83333333333331,2026-09-01T15:00:00Z,1.09,13.1,1.03,158.7
13.25,80.91666666666663,2026-09-01T15:00:00Z,1.09,13.3,1.04,160.1
13.25,81.0,2026-09-01T15:00:00Z,1.1,13.5,1.04,158.5
13.333333333333329,73.0,2026-09-01T15:00:00Z,2.03,16.2,1.64,279.4
13.333333333333329,73.08333333333331,2026-09-01T15:00:00Z,2.02,16.2,1.64,279.3
13.333333333333329,73.16666666666666,2026-09-01T15:00:00Z,2.02,16.2,1.63,279.0
13.333333333333329,73.25,2026-09-01T15:00:00Z,2.02,16.3,1.62,279.0
13.333333333333329,73.33333333333331,2026-09-01T15:00:00Z,2.01,16.4,1.61,278.8
13.333333333333329,73.41666666666666,2026-09-01T15:00:00Z,2.0,16.4,1.61,278.6
13.333333333333329,73.5,2026-09-01T15:00:00Z,1.99,16.5,1.61,278.7
13.333333333333329,73.58333333333331,2026-09-01T15:00:00Z,1.98,16.5,1.61,278.9
13.333333333333329,73.66666666666666,2026-09-01T15:00:00Z,1.96,16.5,1.61,279.0
13.333333333333329,73.75,2026-09-01T15:00:00Z,1.94,14.6,1.6,279.0
13.333333333333329,73.83333333333331,2026-09-01T15:00:00Z,1.92,11.5,1.59,279.0
13.333333333333329,73.91666666666666,2026-09-01T15:00:00Z,1.9,9.1,1.58,279.0
13.333333333333329,74.0,2026-09-01T15:00:00Z,1.88,9.1,1.57,278.8
13.333333333333329,74.08333333333331,2026-09-01T15:00:00Z,1.86,9.0,1.55,278.6
13.333333333333329,74.16666666666666,2026-09-01T15:00:00Z,1.83,9.0,1.53,278.4
13.333333333333329,74.25,2026-09-01T15:00:00Z,1.79,8.9,1.5,278.4
13.333333333333329,74.33333333333331,2026-09-01T15:00:00Z,1.75,8.8,1.48,278.4
13.333333333333329,74.41666666666666,2026-09-01T15:00:00Z,1.72,8.8,1.47,278.2
13.333333333333329,74.5,2026-09-01T15:00:00Z,1.69,8.8,1.46,277.9
13.333333333333329,74.58333333333331,2026-09-01T15:00:00Z,1.65,8.8,1.42,277.3
13.333333333333329,74.66666666666666,2026-09-01T15:00:00Z,1.54,8.8,1.33,275.6
13.333333333333329,80.41666666666663,2026-09-01T15:00:00Z,0.8,12.4,0.7,147.6
13.333333333333329,80.5,2026-09-01T15:00:00Z,0.96,12.8,0.88,150.6
13.333333333333329,80.58333333333331,2026-09-01T15:00:00Z,1.01,12.5,0.89,151.6
13.333333333333329,80.66666666666663,2026-09-01T15:00:00Z,1.04,12.7,0.94,155.0
13.333333333333329,80.75,2026-09-01T15:00:00Z,1.07,13.0,0.99,155.0
13.333333333333329,80.83333333333331,2026-09-01T15:00:00Z,1.08,13.2,1.02,158.7
13.333333333333329,80.91666666666663,2026-09-01T15:00:00Z,1.09,13.3,1.03,160.1
13.333333333333329,81.0,2026-09-01T15:00:00Z,1.1,13.5,0.99,158.5
13.416666666666657,73.0,2026-09-01T15:00:00Z,2.04,16.2,1.66,279.1
13.416666666666657,73.08333333333331,2026-09-01T15:00:00Z,2.04,16.2,1.66,278.6
13.416666666666657,73.16666666666666,2026-09-01T15:00:00Z,2.04,16.3,1.66,278.1
13.416666666666657,73.25,2026-09-01T15:00:00Z,2.03,16.3,1.65,278.1
13.416666666666657,73.33333333333331,2026-09-01T15:00:00Z,2.03,16.4,1.64,277.7
13.416666666666657,73.41666666666666,2026-09-01T15:00:00Z,2.02,16.5,1.63,277.9
13.416666666666657,73.5,2026-09-01T15:00:00Z,2.0,16.5,1.63,277.9
13.416666666666657,73.58333333333331,2026-09-01T15:00:00Z,1.99,16.5,1.63,278.2
13.416666666666657,73.66666666666666,2026-09-01T15:00:00Z,1.97,15.7,1.62,278.4
13.416666666666657,73.75,2026-09-01T15:00:00Z,1.94,12.5,1.61,278.4
13.416666666666657,73.83333333333331,2026-09-01T15:00:00Z,1.92,9.5,1.61,278.5
13.416666666666657,73.91666666666666,2026-09-01T15:00:00Z,1.91,9.1,1.59,278.4
13.416666666666657,74.0,2026-09-01T15:00:00Z,1.88,9.1,1.58,278.3
13.416666666666657,74.08333333333331,2026-09-01T15:00:00Z,1.86,9.0,1.57,277.9
13.416666666666657,74.16666666666666,2026-09-01T15:00:00Z,1.84,9.0,1.55,277.7
13.416666666666657,74.25,2026-09-01T15:00:00Z,1.8,8.9,1.52,277.7
13.416666666666657,74.33333333333331,2026-09-01T15:00:00Z,1.76,8.9,1.5,277.5
13.416666666666657,74.41666666666666,2026-09-01T15:00:00Z,1.73,8.8,1.49,277.4
13.416666666666657,74.5,2026-09-01T15:00:00Z,1.7,8.8,1.47,277.1
13.416666666666657,74.58333333333331,2026-09-01T15:00:00Z,1.66,8.8,1.44,276.5
13.416666666666657,80.41666666666663,2026-09-01T15:00:00Z,0.75,11.6,0.63,149.6
13.416666666666657,80.5,2026-09-01T15:00:00Z,0.92,12.7,0.85,152.6
13.416666666666657,80.58333333333331,2026-09-01T15:00:00Z,0.98,12.1,0.88,152.3
13.416666666666657,80.66666666666663,2026-09-01T15:00:00Z,1.03,12.6,0.96,157.7
13.416666666666657,80.75,2026-09-01T15:00:00Z,1.07,13.0,1.0,157.7
13.416666666666657,80.83333333333331,2026-09-01T15:00:00Z,1.08,13.2,1.02,159.1
13.416666666666657,80.91666666666663,2026-09-01T15:00:00Z,1.09,13.4,1.01,160.6
13.416666666666657,81.0,2026-09-01T15:00:00Z,1.1,13.6,0.95,155.2
13.5,73.0,2026-09-01T15:00:00Z,2.07,16.3,1.69,278.3
13.5,73.08333333333331,2026-09-01T15:00:00Z,2.07,16.3,1.69,277.9
13.5,73.16666666666666,2026-09-01T15:00:00Z,2.07,16.3,1.69,277.5
13.5,73.25,2026-09-01T15:00:00Z,2.06,16.4,1.68,277.5
13.5,73.33333333333331,2026-09-01T15:00:00Z,2.05,16.5,1.67,277.5
13.5,73.41666666666666,2026-09-01T15:00:00Z,2.03,16.5,1.66,277.6
13.5,73.5,2026-09-01T15:00:00Z,2.01,16.6,1.65,277.6
13.5,73.58333333333331,2026-09-01T15:00:00Z,2.0,16.6,1.64,277.6
13.5,73.66666666666666,2026-09-01T15:00:00Z,1.98,11.9,1.64,277.9
13.5,73.75,2026-09-01T15:00:00Z,1.96,9.4,1.63,277.9
13.5,73.83333333333331,2026-09-01T15:00:00Z,1.94,9.1,1.62,277.9
13.5,73.91666666666666,2026-09-01T15:00:00Z,1.92,9.1,1.61,277.8
13.5,74.0,2026-09-01T15:00:00Z,1.9,9.1,1.6,277.6
13.5,74.08333333333331,2026-09-01T15:00:00Z,1.87,9.0,1.58,277.3
13.5,74.16666666666666,2026-09-01T15:00:00Z,1.84,9.0,1.56,277.0
13.5,74.25,2026-09-01T15:00:00Z,1.81,9.0,1.55,277.0
13.5,74.33333333333331,2026-09-01T15:00:00Z,1.78,8.9,1.54,276.8
13.5,74.41666666666666,2026-09-01T15:00:00Z,1.76,8.9,1.52,276.6
13.5,74.5,2026-09-01T15:00:00Z,1.73,8.9,1.51,276.3
13.5,74.58333333333331,2026-09-01T15:00:00Z,1.69,8.9,1.48,275.4
13.5,80.41666666666663,2026-09-01T15:00:00Z,0.74,12.2,0.51,145.4
13.5,80.5,2026-09-01T15:00:00Z,0.91,12.2,0.8,150.6
13.5,80.58333333333331,2026-09-01T15:00:00Z,0.97,11.9,0.89,156.0
13.5,80.66666666666663,2026-09-01T15:00:00Z,1.03,12.6,0.96,158.1
13.5,80.75,2026-09-01T15:00:00Z,1.06,13.0,1.0,158.1
13.5,80.83333333333331,2026-09-01T15:00:00Z,1.08,13.2,0.99,159.6
13.5,80.91666666666663,2026-09-01T15:00:00Z,1.09,13.4,0.94,154.7
13.5,81.0,2026-09-01T15:00:00Z,1.11,13.6,0.92,155.9
13.583333333333329,73.0,2026-09-01T15:00:00Z,2.09,16.3,1.7,278.1
13.583333333333329,73.08333333333331,2026-09-01T15:00:00Z,2.09,16.4,1.71,278.1
13.583333333333329,73.16666666666666,2026-09-01T15:00:00Z,2.08,16.4,1.7,277.9
13.583333333333329,73.25,2026-09-01T15:00:00Z,2.07,16.4,1.7,277.9
13.583333333333329,73.33333333333331,2026-09-01T15:00:00Z,2.06,16.5,1.68,277.7
13.583333333333329,73.41666666666666,2026-09-01T15:00:00Z,2.04,16.0,1.68,277.5
13.583333333333329,73.5,2026-09-01T15:00:00Z,2.03,13.0,1.67,277.3
13.583333333333329,73.58333333333331,2026-09-01T15:00:00Z,2.01,10.8,1.66,277.3
13.583333333333329,73.66666666666666,2026-09-01T15:00:00Z,1.99,9.6,1.65,277.4
13.583333333333329,73.75,2026-09-01T15:00:00Z,1.97,9.2,1.64,277.4
13.583333333333329,73.83333333333331,2026-09-01T15:00:00Z,1.95,9.1,1.64,277.4
13.583333333333329,73.91666666666666,2026-09-01T15:00:00Z,1.93,9.1,1.62,277.2
13.583333333333329,74.0,2026-09-01T15:00:00Z,1.9,9.1,1.61,276.9
13.583333333333329,74.08333333333331,2026-09-01T15:00:00Z,1.88,9.1,1.59,276.6
13.583333333333329,74.16666666666666,2026-09-01T15:00:00Z,1.85,9.0,1.58,276.3
13.583333333333329,74.25,2026-09-01T15:00:00Z,1.82,9.0,1.56,276.3
13.583333333333329,74.33333333333331,2026-09-01T15:00:00Z,1.8,9.0,1.55,276.1
13.583333333333329,74.41666666666666,2026-09-01T15:00:00Z,1.77,9.0,1.54,275.8
13.583333333333329,74.5,2026-09-01T15:00:00Z,1.74,8.9,1.52,275.5
13.583333333333329,74.58333333333331,2026-09-01T15:00:00Z,1.69,8.9,1.48,274.3
13.583333333333329,80.41666666666663,2026-09-01T15:00:00Z,0.75,12.2,0.63,149.6
13.583333333333329,80.5,2026-09-01T15:00:00Z,0.89,12.1,0.82,152.6
13.583333333333329,80.58333333333331,2026-09-01T15:00:00Z,0.97,12.1,0.9,155.9
13.583333333333329,80.66666666666663,2026-09-01T15:00:00Z,1.03,12.5,0.96,158.3
13.583333333333329,80.75,2026-09-01T15:00:00Z,1.06,13.0,0.98,158.3
13.583333333333329,80.83333333333331,2026-09-01T15:00:00Z,1.08,13.2,0.96,156.7
13.583333333333329,80.91666666666663,2026-09-01T15:00:00Z,1.09,13.4,0.93,155.4
13.583333333333329,81.0,2026-09-01T15:00:00Z,1.11,13.6,0.92,156.5
13.666666666666657,73.0,2026-09-01T15:00:00Z,2.09,16.4,1.7,277.7
13.666666666666657,73.08333333333331,2026-09-01T15:00:00Z,2.1,16.4,1.71,277.8
13.666666666666657,73.16666666666666,2026-09-01T15:00:00Z,2.09,16.5,1.72,277.8
13.666666666666657,73.25,2026-09-01T15:00:00Z,2.08,16.5,1.71,277.8
13.666666666666657,73.33333333333331,2026-09-01T15:00:00Z,2.07,16.6,1.7,277.6
13.666666666666657,73.41666666666666,2026-09-01T15:00:00Z,2.05,16.2,1.69,277.3
13.666666666666657,73.5,2026-09-01T15:00:00Z,2.03,14.3,1.68,277.1
13.666666666666657,73.58333333333331,2026-09-01T15:00:00Z,2.01,10.0,1.67,277.0
13.666666666666657,73.66666666666666,2026-09-01T15:00:00Z,1.99,9.2,1.66,276.9
13.666666666666657,73.75,2026-09-01T15:00:00Z,1.97,9.2,1.66,276.9
13.666666666666657,73.83333333333331,2026-09-01T15:00:00Z,1.95,9.1,1.64,276.8
13.666666666666657,73.91666666666666,2026-09-01T15:00:00Z,1.92,9.1,1.62,276.8
13.666666666666657,74.0,2026-09-01T15:00:00Z,1.89,9.0,1.61,276.5
13.666666666666657,74.08333333333331,2026-09-01T15:00:00Z,1.87,9.0,1.59,276.1
13.666666666666657,74.16666666666666,2026-09-01T15:00:00Z,1.85,9.0,1.58,275.8
13.666666666666657,74.25,2026-09-01T15:00:00Z,1.83,9.0,1.57,275.8
13.666666666666657,74.33333333333331,2026-09-01T15:00:00Z,1.81,9.0,1.56,275.5
13.666666666666657,74.41666666666666,2026-09-01T15:00:00Z,1.78,9.0,1.55,275.2
13.666666666666657,74.5,2026-09-01T15:00:00Z,1.75,9.0,1.53,274.9
13.666666666666657,74.58333333333331,2026-09-01T15:00:00Z,1.68,9.0,1.47,273.2
13.666666666666657,74.66666666666666,2026-09-01T15:00:00Z,1.31,7.9,1.12,270.6
13.666666666666657,80.33333333333331,2026-09-01T15:00:00Z,0.55,12.2,0.43,149.2
13.666666666666657,80.41666666666663,2026-09-01T15:00:00Z,0.71,12.1,0.64,147.8
13.666666666666657,80.5,2026-09-01T15:00:00Z,0.9,12.0,0.84,152.2
13.666666666666657,80.58333333333331,2026-09-01T15:00:00Z,0.98,12.2,0.9,155.7
13.666666666666657,80.66666666666663,2026-09-01T15:00:00Z,1.03,12.5,0.93,154.0
13.666666666666657,80.75,2026-09-01T15:00:00Z,1.06,12.9,0.94,154.0
13.666666666666657,80.83333333333331,2026-09-01T15:00:00Z,1.08,13.2,0.93,154.9
13.666666666666657,80.91666666666663,2026-09-01T15:00:00Z,1.09,13.4,0.92,156.1
13.666666666666657,81.0,2026-09-01T15:00:00Z,1.11,13.6,0.92,157.0
13.75,73.0,2026-09-01T15:00:00Z,2.1,16.5,1.7,277.0
13.75,73.08333333333331,2026-09-01T15:00:00Z,2.11,16.5,1.71,277.3
13.75,73.16666666666666,2026-09-01T15:00:00Z,2.1,16.5,1.72,277.5
13.75,73.25,2026-09-01T15:00:00Z,2.09,16.6,1.71,277.5
13.75,73.33333333333331,2026-09-01T15:00:00Z,2.08,16.6,1.71,277.1
13.75,73.41666666666666,2026-09-01T15:00:00Z,2.06,16.1,1.7,276.9
13.75,73.5,2026-09-01T15:00:00Z,2.04,13.1,1.69,276.8
13.75,73.58333333333331,2026-09-01T15:00:00Z,2.02,9.8,1.68,276.6
13.75,73.66666666666666,2026-09-01T15:00:00Z,2.0,9.2,1.67,276.5
13.75,73.75,2026-09-01T15:00:00Z,1.98,9.1,1.66,276.5
13.75,73.83333333333331,2026-09-01T15:00:00Z,1.95,9.1,1.65,276.4
13.75,73.91666666666666,2026-09-01T15:00:00Z,1.91,9.0,1.62,276.3
13.75,74.0,2026-09-01T15:00:00Z,1.87,9.0,1.6,276.1
13.75,74.08333333333331,2026-09-01T15:00:00Z,1.86,9.0,1.59,275.6
13.75,74.16666666666666,2026-09-01T15:00:00Z,1.85,9.0,1.59,275.2
13.75,74.25,2026-09-01T15:00:00Z,1.83,9.0,1.58,275.2
13.75,74.33333333333331,2026-09-01T15:00:00Z,1.81,9.0,1.57,274.9
13.75,74.41666666666666,2026-09-01T15:00:00Z,1.79,9.0,1.55,274.6
13.75,74.5,2026-09-01T15:00:00Z,1.75,9.0,1.54,274.0
13.75,74.58333333333331,2026-09-01T15:00:00Z,1.66,9.0,1.46,272.6
13.75,74.66666666666666,2026-09-01T15:00:00Z,1.35,8.2,1.18,271.2
13.75,80.33333333333331,2026-09-01T15:00:00Z,0.54,12.0,0.46,143.7
13.75,80.41666666666663,2026-09-01T15:00:00Z,0.71,12.0,0.65,147.6
13.75,80.5,2026-09-01T15:00:00Z,0.9,12.0,0.83,153.0
13.75,80.58333333333331,2026-09-01T15:00:00Z,0.97,12.3,0.89,154.0
13.75,80.66666666666663,2026-09-01T15:00:00Z,1.03,12.6,0.9,154.5
13.75,80.75,2026-09-01T15:00:00Z,1.06,13.0,0.91,154.5
13.75,80.83333333333331,2026-09-01T15:00:00Z,1.08,13.2,0.92,155.7
13.75,80.91666666666663,2026-09-01T15:00:00Z,1.09,13.4,0.91,156.6
13.75,81.0,2026-09-01T15:00:00Z,1.11,13.7,0.91,156.9
13.833333333333329,73.0,2026-09-01T15:00:00Z,2.11,16.5,1.7,277.0
13.833333333333329,73.08333333333331,2026-09-01T15:00:00Z,2.11,16.5,1.71,277.3
13.833333333333329,73.16666666666666,2026-09-01T15:00:00Z,2.11,16.6,1.72,277.5
13.833333333333329,73.25,2026-09-01T15:00:00Z,2.1,16.6,1.72,277.5
13.833333333333329,73.33333333333331,2026-09-01T15:00:00Z,2.09,16.0,1.71,277.1
13.833333333333329,73.41666666666666,2026-09-01T15:00:00Z,2.07,14.0,1.7,276.9
13.833333333333329,73.5,2026-09-01T15:00:00Z,2.05,10.4,1.7,276.8
13.833333333333329,73.58333333333331,2026-09-01T15:00:00Z,2.02,9.4,1.69,276.6
13.833333333333329,73.66666666666666,2026-09-01T15:00:00Z,2.0,9.2,1.68,276.5
13.833333333333329,73.75,2026-09-01T15:00:00Z,1.98,9.1,1.67,276.5
13.833333333333329,73.83333333333331,2026-09-01T15:00:00Z,1.95,9.1,1.65,276.4
13.833333333333329,73.91666666666666,2026-09-01T15:00:00Z,1.91,9.0,1.63,276.3
13.833333333333329,74.0,2026-09-01T15:00:00Z,1.87,9.0,1.6,276.1
13.833333333333329,74.08333333333331,2026-09-01T15:00:00Z,1.85,9.0,1.59,275.6
13.833333333333329,74.16666666666666,2026-09-01T15:00:00Z,1.84,9.0,1.59,275.2
13.833333333333329,74.25,2026-09-01T15:00:00Z,1.83,9.0,1.58,275.2
13.833333333333329,74.33333333333331,2026-09-01T15:00:00Z,1.81,9.0,1.57,274.9
13.833333333333329,74.41666666666666,2026-09-01T15:00:00Z,1.78,9.0,1.55,274.6
13.833333333333329,74.5,2026-09-01T15:00:00Z,1.75,9.0,1.53,274.0
13.833333333333329,74.58333333333331,2026-09-01T15:00:00Z,1.67,9.0,1.47,272.6
13.833333333333329,80.25,2026-09-01T15:00:00Z,0.41,11.6,0.36,142.8
13.833333333333329,80.33333333333331,2026-09-01T15:00:00Z,0.56,11.7,0.51,143.7
13.833333333333329,80.41666666666663,2026-09-01T15:00:00Z,0.74,11.9,0.68,147.6
13.833333333333329,80.5,2026-09-01T15:00:00Z,0.89,12.1,0.83,153.0
13.833333333333329,80.58333333333331,2026-09-01T15:00:00Z,0.97,12.4,0.87,154.0
13.833333333333329,80.66666666666663,2026-09-01T15:00:00Z,1.02,12.7,0.9,154.5
13.833333333333329,80.75,2026-09-01T15:00:00Z,1.05,13.0,0.9,154.5
13.833333333333329,80.83333333333331,2026-09-01T15:00:00Z,1.07,13.2,0.91,155.7
13.833333333333329,80.91666666666663,2026-09-01T15:00:00Z,1.09,13.4,0.91,156.6
13.833333333333329,81.0,2026-09-01T15:00:00Z,1.1,13.7,0.91,156.9
13.916666666666657,73.0,2026-09-01T15:00:00Z,2.12,16.6,1.7,276.6
13.916666666666657,73.08333333333331,2026-09-01T15:00:00Z,2.12,16.6,1.7,276.7
13.916666666666657,73.16666666666666,2026-09-01T15:00:00Z,2.12,16.6,1.71,276.9
13.916666666666657,73.25,2026-09-01T15:00:00Z,2.11,16.4,1.72,276.9
13.916666666666657,73.33333333333331,2026-09-01T15:00:00Z,2.1,14.3,1.71,276.6
13.916666666666657,73.41666666666666,2026-09-01T15:00:00Z,2.07,10.3,1.71,276.5
13.916666666666657,73.5,2026-09-01T15:00:00Z,2.05,9.2,1.7,276.5
13.916666666666657,73.58333333333331,2026-09-01T15:00:00Z,2.02,9.2,1.7,276.3
13.916666666666657,73.66666666666666,2026-09-01T15:00:00Z,2.01,9.1,1.69,276.1
13.916666666666657,73.75,2026-09-01T15:00:00Z,1.98,9.1,1.68,276.1
13.916666666666657,73.83333333333331,2026-09-01T15:00:00Z,1.95,9.1,1.66,275.9
13.916666666666657,73.91666666666666,2026-09-01T15:00:00Z,1.92,9.0,1.64,275.7
13.916666666666657,74.0,2026-09-01T15:00:00Z,1.88,9.0,1.62,275.5
13.916666666666657,74.08333333333331,2026-09-01T15:00:00Z,1.85,9.0,1.6,275.1
13.916666666666657,74.16666666666666,2026-09-01T15:00:00Z,1.84,9.0,1.59,274.7
13.916666666666657,74.25,2026-09-01T15:00:00Z,1.82,9.0,1.58,274.7
13.916666666666657,74.33333333333331,2026-09-01T15:00:00Z,1.8,9.0,1.57,274.3
13.916666666666657,74.41666666666666,2026-09-01T15:00:00Z,1.77,9.0,1.54,273.9
13.916666666666657,74.5,2026-09-01T15:00:00Z,1.73,9.0,1.52,272.9
13.916666666666657,80.33333333333331,2026-09-01T15:00:00Z,0.59,11.3,0.54,141.6
13.916666666666657,80.41666666666663,2026-09-01T15:00:00Z,0.75,11.7,0.7,147.5
13.916666666666657,80.5,2026-09-01T15:00:00Z,0.89,12.1,0.84,153.7
13.916666666666657,80.58333333333331,2026-09-01T15:00:00Z,0.97,12.4,0.88,154.6
13.916666666666657,80.66666666666663,2026-09-01T15:00:00Z,1.02,12.7,0.89,155.3
13.916666666666657,80.75,2026-09-01T15:00:00Z,1.05,13.0,0.9,155.3
13.916666666666657,80.83333333333331,2026-09-01T15:00:00Z,1.07,13.3,0.91,156.3
13.916666666666657,80.91666666666663,2026-09-01T15:00:00Z,1.09,13.4,0.91,157.1
13.916666666666657,81.0,2026-09-01T15:00:00Z,1.1,13.7,0.91,157.3
14.0,73.0,2026-09-01T15:00:00Z,2.11,16.7,1.71,276.9
14.0,73.08333333333331,2026-09-01T15:00:00Z,2.12,16.7,1.71,276.9
14.0,73.16666666666666,2026-09-01T15:00:00Z,2.12,16.7,1.71,277.0
14.0,73.25,2026-09-01T15:00:00Z,2.11,15.2,1.71,277.0
14.0,73.33333333333331,2026-09-01T15:00:00Z,2.09,12.1,1.71,277.0
14.0,73.41666666666666,2026-09-01T15:00:00Z,2.07,9.2,1.71,276.7
14.0,73.5,2026-09-01T15:00:00Z,2.05,9.2,1.7,276.3
14.0,73.58333333333331,2026-09-01T15:00:00Z,2.02,9.1,1.69,275.9
14.0,73.66666666666666,2026-09-01T15:00:00Z,2.01,9.1,1.69,275.7
14.0,73.75,2026-09-01T15:00:00Z,1.98,9.1,1.68,275.7
14.0,73.83333333333331,2026-09-01T15:00:00Z,1.96,9.1,1.67,275.5
14.0,73.91666666666666,2026-09-01T15:00:00Z,1.92,9.0,1.65,275.2
14.0,74.0,2026-09-01T15:00:00Z,1.88,9.0,1.63,274.8
14.0,74.08333333333331,2026-09-01T15:00:00Z,1.85,9.0,1.61,274.5
14.0,74.16666666666666,2026-09-01T15:00:00Z,1.84,9.0,1.6,274.1
14.0,74.25,2026-09-01T15:00:00Z,1.81,9.0,1.58,274.1
14.0,74.33333333333331,2026-09-01T15:00:00Z,1.78,8.9,1.55,273.7
14.0,80.33333333333331,2026-09-01T15:00:00Z,0.63,11.4,0.6,143.1
14.0,80.41666666666663,2026-09-01T15:00:00Z,0.77,11.7,0.72,148.1
14.0,80.5,2026-09-01T15:00:00Z,0.89,12.0,0.83,152.8
14.0,80.58333333333331,2026-09-01T15:00:00Z,0.97,12.5,0.86,154.3
14.0,80.66666666666663,2026-09-01T15:00:00Z,1.02,12.8,0.88,155.9
14.0,80.75,2026-09-01T15:00:00Z,1.05,13.1,0.89,155.9
14.0,80.83333333333331,2026-09-01T15:00:00Z,1.07,13.3,0.91,156.7
14.0,80.91666666666663,2026-09-01T15:00:00Z,1.08,13.4,0.92,157.5
14.0,81.0,2026-09-01T15:00:00Z,1.1,13.7,0.91,158.1
14.083333333333329,73.0,2026-09-01T15:00:00Z,2.12,16.7,1.71,276.5
14.083333333333329,73.08333333333331,2026-09-01T15:00:00Z,2.13,16.7,1.7,276.6
14.083333333333329,73.16666666666666,2026-09-01T15:00:00Z,2.12,16.6,1.71,277.1
14.083333333333329,73.25,2026-09-01T15:00:00Z,2.11,13.2,1.71,277.1
14.083333333333329,73.33333333333331,2026-09-01T15:00:00Z,2.09,9.7,1.71,277.1
14.083333333333329,73.41666666666666,2026-09-01T15:00:00Z,2.06,9.2,1.71,276.5
14.083333333333329,73.5,2026-09-01T15:00:00Z,2.04,9.1,1.7,276.0
14.083333333333329,73.58333333333331,2026-09-01T15:00:00Z,2.02,9.1,1.7,275.6
14.083333333333329,73.66666666666666,2026-09-01T15:00:00Z,2.0,9.1,1.69,275.2
14.083333333333329,73.75,2026-09-01T15:00:00Z,1.98,9.1,1.68,275.2
14.083333333333329,73.83333333333331,2026-09-01T15:00:00Z,1.95,9.1,1.66,274.9
14.083333333333329,73.91666666666666,2026-09-01T15:00:00Z,1.91,9.0,1.65,274.6
14.083333333333329,74.0,2026-09-01T15:00:00Z,1.88,9.0,1.63,274.2
14.083333333333329,74.08333333333331,2026-09-01T15:00:00Z,1.86,9.0,1.62,273.8
14.083333333333329,74.16666666666666,2026-09-01T15:00:00Z,1.84,9.0,1.6,273.4
14.083333333333329,74.25,2026-09-01T15:00:00Z,1.8,9.0,1.58,273.4
14.083333333333329,74.33333333333331,2026-09-01T15:00:00Z,1.76,8.9,1.55,273.0
14.083333333333329,80.33333333333331,2026-09-01T15:00:00Z,0.64,11.6,0.62,143.4
14.083333333333329,80.41666666666663,2026-09-01T15:00:00Z,0.76,11.8,0.73,148.8
14.083333333333329,80.5,2026-09-01T15:00:00Z,0.89,12.0,0.85,154.3
14.083333333333329,80.58333333333331,2026-09-01T15:00:00Z,0.96,12.5,0.86,155.3
14.083333333333329,80.66666666666663,2026-09-01T15:00:00Z,1.01,12.8,0.88,156.2
14.083333333333329,80.75,2026-09-01T15:00:00Z,1.04,13.1,0.89,156.2
14.083333333333329,80.83333333333331,2026-09-01T15:00:00Z,1.07,13.3,0.91,157.2
14.083333333333329,80.91666666666663,2026-09-01T15:00:00Z,1.08,13.5,0.91,158.0
14.083333333333329,81.0,2026-09-01T15:00:00Z,1.1,13.7,0.87,157.6
14.166666666666657,73.0,2026-09-01T15:00:00Z,2.12,13.3,1.7,276.3
14.166666666666657,73.08333333333331,2026-09-01T15:00:00Z,2.13,11.9,1.7,276.7
14.166666666666657,73.16666666666666,2026-09-01T15:00:00Z,2.12,11.6,1.7,276.9
14.166666666666657,73.25,2026-09-01T15:00:00Z,2.11,10.4,1.7,276.9
14.166666666666657,73.33333333333331,2026-09-01T15:00:00Z,2.09,9.1,1.71,276.6
14.166666666666657,73.41666666666666,2026-09-01T15:00:00Z,2.06,9.1,1.71,276.1
14.166666666666657,73.5,2026-09-01T15:00:00Z,2.03,9.1,1.7,275.7
14.166666666666657,73.58333333333331,2026-09-01T15:00:00Z,2.0,9.1,1.7,275.5
14.166666666666657,73.66666666666666,2026-09-01T15:00:00Z,1.98,9.1,1.69,275.2
14.166666666666657,73.75,2026-09-01T15:00:00Z,1.96,9.1,1.67,275.2
14.166666666666657,73.83333333333331,2026-09-01T15:00:00Z,1.93,9.0,1.66,274.7
14.166666666666657,73.91666666666666,2026-09-01T15:00:00Z,1.9,9.0,1.64,274.2
14.166666666666657,74.0,2026-09-01T15:00:00Z,1.87,9.0,1.63,273.7
14.166666666666657,74.08333333333331,2026-09-01T15:00:00Z,1.85,9.0,1.61,273.3
14.166666666666657,74.16666666666666,2026-09-01T15:00:00Z,1.83,9.0,1.6,272.8
14.166666666666657,74.25,2026-09-01T15:00:00Z,1.8,9.0,1.57,272.8
14.166666666666657,74.33333333333331,2026-09-01T15:00:00Z,1.75,8.9,1.54,272.1
14.166666666666657,80.16666666666663,2026-09-01T15:00:00Z,0.41,11.3,0.37,142.2
14.166666666666657,80.25,2026-09-01T15:00:00Z,0.53,11.6,0.5,142.2
14.166666666666657,80.33333333333331,2026-09-01T15:00:00Z,0.63,11.6,0.61,144.7
14.166666666666657,80.41666666666663,2026-09-01T15:00:00Z,0.74,11.7,0.72,148.6
14.166666666666657,80.5,2026-09-01T15:00:00Z,0.87,12.0,0.83,152.5
14.166666666666657,80.58333333333331,2026-09-01T15:00:00Z,0.96,12.5,0.86,154.7
14.166666666666657,80.66666666666663,2026-09-01T15:00:00Z,1.01,12.9,0.88,156.6
14.166666666666657,80.75,2026-09-01T15:00:00Z,1.04,13.1,0.9,156.6
14.166666666666657,80.83333333333331,2026-09-01T15:00:00Z,1.07,13.3,0.91,157.6
14.166666666666657,80.91666666666663,2026-09-01T15:00:00Z,1.09,13.5,0.91,158.3
14.166666666666657,81.0,2026-09-01T15:00:00Z,1.11,13.7,0.87,158.4
14.25,73.0,2026-09-01T15:00:00Z,2.12,13.1,1.7,276.3
14.25,73.08333333333331,2026-09-01T15:00:00Z,2.12,9.8,1.69,276.4
14.25,73.16666666666666,2026-09-01T15:00:00Z,2.12,9.1,1.69,276.4
14.25,73.25,2026-09-01T15:00:00Z,2.11,9.1,1.7,276.4
14.25,73.33333333333331,2026-09-01T15:00:00Z,2.08,9.1,1.71,276.1
14.25,73.41666666666666,2026-09-01T15:00:00Z,2.05,9.1,1.71,275.8
14.25,73.5,2026-09-01T15:00:00Z,2.02,9.1,1.7,275.2
14.25,73.58333333333331,2026-09-01T15:00:00Z,1.99,9.0,1.68,275.2
14.25,73.66666666666666,2026-09-01T15:00:00Z,1.96,9.0,1.67,275.3
14.25,73.75,2026-09-01T15:00:00Z,1.93,9.0,1.66,275.3
14.25,73.83333333333331,2026-09-01T15:00:00Z,1.91,9.0,1.64,274.5
14.25,73.91666666666666,2026-09-01T15:00:00Z,1.89,9.0,1.63,273.8
14.25,74.0,2026-09-01T15:00:00Z,1.86,9.0,1.62,273.2
14.25,74.08333333333331,2026-09-01T15:00:00Z,1.84,9.0,1.61,272.6
14.25,74.16666666666666,2026-09-01T15:00:00Z,1.82,9.0,1.59,272.0
14.25,74.25,2026-09-01T15:00:00Z,1.78,9.0,1.56,272.0
14.25,74.33333333333331,2026-09-01T15:00:00Z,1.73,8.9,1.52,271.4
14.25,80.25,2026-09-01T15:00:00Z,0.51,11.6,0.47,142.9
14.25,80.33333333333331,2026-09-01T15:00:00Z,0.64,11.6,0.62,144.8
14.25,80.41666666666663,2026-09-01T15:00:00Z,0.73,11.7,0.71,148.1
14.25,80.5,2026-09-01T15:00:00Z,0.87,11.9,0.84,154.2
14.25,80.58333333333331,2026-09-01T15:00:00Z,0.96,12.5,0.86,155.5
14.25,80.66666666666663,2026-09-01T15:00:00Z,1.01,12.9,0.88,157.0
14.25,80.75,2026-09-01T15:00:00Z,1.04,13.1,0.89,157.0
14.25,80.83333333333331,2026-09-01T15:00:00Z,1.07,13.3,0.9,157.6
14.25,80.91666666666663,2026-09-01T15:00:00Z,1.09,13.5,0.9,158.4
14.25,81.0,2026-09-01T15:00:00Z,1.11,13.7,0.86,158.4
14.333333333333329,73.0,2026-09-01T15:00:00Z,2.12,14.7,1.7,276.3
14.333333333333329,73.08333333333331,2026-09-01T15:00:00Z,2.12,10.1,1.69,276.4
14.333333333333329,73.16666666666666,2026-09-01T15:00:00Z,2.11,9.1,1.69,276.4
14.333333333333329,73.25,2026-09-01T15:00:00Z,2.1,9.1,1.71,276.4
14.333333333333329,73.33333333333331,2026-09-01T15:00:00Z,2.08,9.1,1.71,276.1
14.333333333333329,73.41666666666666,2026-09-01T15:00:00Z,2.05,9.1,1.7,275.8
14.333333333333329,73.5,2026-09-01T15:00:00Z,2.0,9.0,1.68,275.2
14.333333333333329,73.58333333333331,2026-09-01T15:00:00Z,1.96,9.0,1.66,275.2
14.333333333333329,73.66666666666666,2026-09-01T15:00:00Z,1.93,8.9,1.64,275.3
14.333333333333329,73.75,2026-09-01T15:00:00Z,1.9,8.9,1.63,275.3
14.333333333333329,73.83333333333331,2026-09-01T15:00:00Z,1.88,9.0,1.62,274.5
14.333333333333329,73.91666666666666,2026-09-01T15:00:00Z,1.87,9.0,1.62,273.8
14.333333333333329,74.0,2026-09-01T15:00:00Z,1.85,9.0,1.61,273.2
14.333333333333329,74.08333333333331,2026-09-01T15:00:00Z,1.84,9.0,1.6,272.6
14.333333333333329,74.16666666666666,2026-09-01T15:00:00Z,1.81,9.0,1.58,272.0
14.333333333333329,74.25,2026-09-01T15:00:00Z,1.77,9.0,1.55,272.0
14.333333333333329,74.33333333333331,2026-09-01T15:00:00Z,1.7,8.9,1.5,271.4
14.333333333333329,80.25,2026-09-01T15:00:00Z,0.52,11.4,0.48,142.9
14.333333333333329,80.33333333333331,2026-09-01T15:00:00Z,0.66,11.5,0.65,144.8
14.333333333333329,80.41666666666663,2026-09-01T15:00:00Z,0.75,11.6,0.74,148.1
14.333333333333329,80.5,2026-09-01T15:00:00Z,0.89,12.0,0.87,154.2
14.333333333333329,80.58333333333331,2026-09-01T15:00:00Z,0.96,12.6,0.86,155.5
14.333333333333329,80.66666666666663,2026-09-01T15:00:00Z,1.01,12.9,0.88,157.0
14.333333333333329,80.75,2026-09-01T15:00:00Z,1.04,13.1,0.89,157.0
14.333333333333329,80.83333333333331,2026-09-01T15:00:00Z,1.07,13.3,0.89,157.6
14.333333333333329,80.91666666666663,2026-09-01T15:00:00Z,1.09,13.4,0.89,158.4
14.333333333333329,81.0,2026-09-01T15:00:00Z,1.11,13.6,0.84,158.4
14.416666666666657,73.0,2026-09-01T15:00:00Z,2.12,13.9,1.7,276.1
14.416666666666657,73.08333333333331,2026-09-01T15:00:00Z,2.12,9.9,1.7,275.8
14.416666666666657,73.16666666666666,2026-09-01T15:00:00Z,2.12,9.1,1.71,275.7
14.416666666666657,73.25,2026-09-01T15:00:00Z,2.1,9.1,1.72,275.7
14.416666666666657,73.33333333333331,2026-09-01T15:00:00Z,2.08,9.1,1.72,275.6
14.416666666666657,73.41666666666666,2026-09-01T15:00:00Z,2.04,9.0,1.7,275.3
14.416666666666657,73.5,2026-09-01T15:00:00Z,1.99,9.0,1.67,274.8
14.416666666666657,73.58333333333331,2026-09-01T15:00:00Z,1.94,8.9,1.64,274.9
14.416666666666657,73.66666666666666,2026-09-01T15:00:00Z,1.91,8.9,1.63,274.6
14.416666666666657,73.75,2026-09-01T15:00:00Z,1.88,8.9,1.61,274.6
14.416666666666657,73.83333333333331,2026-09-01T15:00:00Z,1.86,8.9,1.61,273.9
14.416666666666657,73.91666666666666,2026-09-01T15:00:00Z,1.86,9.0,1.61,273.1
14.416666666666657,74.0,2026-09-01T15:00:00Z,1.84,9.0,1.6,272.5
14.416666666666657,74.08333333333331,2026-09-01T15:00:00Z,1.82,9.0,1.59,271.9
14.416666666666657,74.16666666666666,2026-09-01T15:00:00Z,1.79,9.0,1.57,271.1
14.416666666666657,74.25,2026-09-01T15:00:00Z,1.75,9.0,1.53,271.1
14.416666666666657,74.33333333333331,2026-09-01T15:00:00Z,1.68,9.0,1.48,270.2
14.416666666666657,80.25,2026-09-01T15:00:00Z,0.56,11.1,0.55,140.8
14.416666666666657,80.33333333333331,2026-09-01T15:00:00Z,0.68,11.3,0.67,145.3
14.416666666666657,80.41666666666663,2026-09-01T15:00:00Z,0.78,11.7,0.77,148.3
14.416666666666657,80.5,2026-09-01T15:00:00Z,0.89,12.1,0.87,154.3
14.416666666666657,80.58333333333331,2026-09-01T15:00:00Z,0.96,12.6,0.87,155.9
14.416666666666657,80.66666666666663,2026-09-01T15:00:00Z,1.01,13.0,0.88,157.4
14.416666666666657,80.75,2026-09-01T15:00:00Z,1.04,13.1,0.89,157.4
14.416666666666657,80.83333333333331,2026-09-01T15:00:00Z,1.07,13.3,0.89,158.1
14.416666666666657,80.91666666666663,2026-09-01T15:00:00Z,1.09,13.4,0.89,159.0
14.416666666666657,81.0,2026-09-01T15:00:00Z,1.11,13.6,0.85,158.6
14.5,73.0,2026-09-01T15:00:00Z,2.13,10.0,1.72,275.7
14.5,73.08333333333331,2026-09-01T15:00:00Z,2.13,9.2,1.72,275.3
14.5,73.16666666666666,2026-09-01T15:00:00Z,2.12,9.1,1.73,275.3
14.5,73.25,2026-09-01T15:00:00Z,2.11,9.1,1.73,275.3
14.5,73.33333333333331,2026-09-01T15:00:00Z,2.08,9.0,1.73,275.1
14.5,73.41666666666666,2026-09-01T15:00:00Z,2.04,9.0,1.71,274.4
14.5,73.5,2026-09-01T15:00:00Z,2.0,9.0,1.68,273.6
14.5,73.58333333333331,2026-09-01T15:00:00Z,1.96,9.0,1.66,273.1
14.5,73.66666666666666,2026-09-01T15:00:00Z,1.93,9.0,1.64,272.8
14.5,73.75,2026-09-01T15:00:00Z,1.89,9.0,1.62,272.8
14.5,73.83333333333331,2026-09-01T15:00:00Z,1.87,9.0,1.61,272.5
14.5,73.91666666666666,2026-09-01T15:00:00Z,1.85,9.0,1.6,272.1
14.5,74.0,2026-09-01T15:00:00Z,1.83,9.0,1.59,271.6
14.5,74.08333333333331,2026-09-01T15:00:00Z,1.81,9.0,1.58,270.9
14.5,74.16666666666666,2026-09-01T15:00:00Z,1.77,9.0,1.55,270.0
14.5,74.25,2026-09-01T15:00:00Z,1.73,9.0,1.51,270.0
14.5,74.33333333333331,2026-09-01T15:00:00Z,1.68,9.0,1.47,268.3
14.5,80.25,2026-09-01T15:00:00Z,0.56,11.5,0.56,142.5
14.5,80.33333333333331,2026-09-01T15:00:00Z,0.7,11.6,0.68,145.4
14.5,80.41666666666663,2026-09-01T15:00:00Z,0.8,11.8,0.78,149.3
14.5,80.5,2026-09-01T15:00:00Z,0.89,12.1,0.85,152.9
14.5,80.58333333333331,2026-09-01T15:00:00Z,0.95,12.6,0.87,155.6
14.5,80.66666666666663,2026-09-01T15:00:00Z,1.0,13.0,0.88,157.7
14.5,80.75,2026-09-01T15:00:00Z,1.04,13.1,0.88,157.7
14.5,80.83333333333331,2026-09-01T15:00:00Z,1.07,13.3,0.88,158.5
14.5,80.91666666666663,2026-09-01T15:00:00Z,1.1,13.4,0.88,159.0
14.5,81.0,2026-09-01T15:00:00Z,1.12,13.5,0.93,161.6
14.583333333333329,73.0,2026-09-01T15:00:00Z,2.15,12.7,1.74,275.5
14.583333333333329,73.08333333333331,2026-09-01T15:00:00Z,2.15,9.6,1.74,275.2
14.583333333333329,73.16666666666666,2026-09-01T15:00:00Z,2.13,9.0,1.75,275.3
14.583333333333329,73.25,2026-09-01T15:00:00Z,2.11,9.0,1.74,275.3
14.583333333333329,73.33333333333331,2026-09-01T15:00:00Z,2.07,9.0,1.73,274.9
14.583333333333329,73.41666666666666,2026-09-01T15:00:00Z,2.03,9.0,1.7,273.5
14.583333333333329,73.5,2026-09-01T15:00:00Z,2.0,9.0,1.68,272.1
14.583333333333329,73.58333333333331,2026-09-01T15:00:00Z,1.96,9.0,1.65,271.1
14.583333333333329,73.66666666666666,2026-09-01T15:00:00Z,1.92,9.0,1.63,271.3
14.583333333333329,73.75,2026-09-01T15:00:00Z,1.89,9.0,1.62,271.3
14.583333333333329,73.83333333333331,2026-09-01T15:00:00Z,1.86,9.0,1.6,271.4
14.583333333333329,73.91666666666666,2026-09-01T15:00:00Z,1.84,9.0,1.59,271.2
14.583333333333329,74.0,2026-09-01T15:00:00Z,1.81,9.0,1.58,270.7
14.583333333333329,74.08333333333331,2026-09-01T15:00:00Z,1.78,9.0,1.55,269.8
14.583333333333329,74.16666666666666,2026-09-01T15:00:00Z,1.74,9.0,1.52,268.4
14.583333333333329,74.25,2026-09-01T15:00:00Z,1.67,9.0,1.47,268.4
14.583333333333329,74.33333333333331,2026-09-01T15:00:00Z,1.43,8.9,1.28,266.4
14.583333333333329,80.25,2026-09-01T15:00:00Z,0.48,11.6,0.47,142.7
14.583333333333329,80.33333333333331,2026-09-01T15:00:00Z,0.64,11.7,0.63,145.2
14.583333333333329,80.41666666666663,2026-09-01T15:00:00Z,0.81,11.8,0.79,149.3
14.583333333333329,80.5,2026-09-01T15:00:00Z,0.9,12.2,0.87,154.6
14.583333333333329,80.58333333333331,2026-09-01T15:00:00Z,0.96,12.7,0.86,156.4
14.583333333333329,80.66666666666663,2026-09-01T15:00:00Z,1.0,13.0,0.87,157.8
14.583333333333329,80.75,2026-09-01T15:00:00Z,1.04,13.1,0.88,157.8
14.583333333333329,80.83333333333331,2026-09-01T15:00:00Z,1.07,13.2,0.92,158.8
14.583333333333329,80.91666666666663,2026-09-01T15:00:00Z,1.1,13.3,0.99,163.8
14.583333333333329,81.0,2026-09-01T15:00:00Z,1.12,13.5,0.97,166.2
14.666666666666657,73.0,2026-09-01T15:00:00Z,2.15,15.4,1.74,275.6
14.666666666666657,73.08333333333331,2026-09-01T15:00:00Z,2.15,10.1,1.75,275.3
14.666666666666657,73.16666666666666,2026-09-01T15:00:00Z,2.13,9.0,1.75,275.8
14.666666666666657,73.25,2026-09-01T15:00:00Z,2.08,9.0,1.74,275.8
14.666666666666657,73.33333333333331,2026-09-01T15:00:00Z,2.03,10.7,1.7,275.6
14.666666666666657,73.41666666666666,2026-09-01T15:00:00Z,2.0,13.4,1.66,272.5
14.666666666666657,73.5,2026-09-01T15:00:00Z,1.97,9.6,1.62,269.9
14.666666666666657,73.58333333333331,2026-09-01T15:00:00Z,1.93,9.1,1.6,269.5
14.666666666666657,73.66666666666666,2026-09-01T15:00:00Z,1.89,9.0,1.59,270.2
14.666666666666657,73.75,2026-09-01T15:00:00Z,1.86,9.0,1.59,270.2
14.666666666666657,73.83333333333331,2026-09-01T15:00:00Z,1.84,9.0,1.58,270.6
14.666666666666657,73.91666666666666,2026-09-01T15:00:00Z,1.81,9.0,1.57,270.6
14.666666666666657,74.0,2026-09-01T15:00:00Z,1.78,9.0,1.54,270.0
14.666666666666657,74.08333333333331,2026-09-01T15:00:00Z,1.74,9.0,1.5,268.4
14.666666666666657,74.16666666666666,2026-09-01T15:00:00Z,1.67,8.8,1.44,265.4
14.666666666666657,80.25,2026-09-01T15:00:00Z,0.53,11.4,0.48,145.5
14.666666666666657,80.33333333333331,2026-09-01T15:00:00Z,0.67,11.6,0.64,147.2
14.666666666666657,80.41666666666663,2026-09-01T15:00:00Z,0.82,11.9,0.8,150.5
14.666666666666657,80.5,2026-09-01T15:00:00Z,0.9,12.3,0.88,154.8
14.666666666666657,80.58333333333331,2026-09-01T15:00:00Z,0.96,12.7,0.87,157.0
14.666666666666657,80.66666666666663,2026-09-01T15:00:00Z,1.0,13.0,0.87,157.9
14.666666666666657,80.75,2026-09-01T15:00:00Z,1.04,13.1,0.9,157.9
14.666666666666657,80.83333333333331,2026-09-01T15:00:00Z,1.07,13.2,0.97,161.5
14.666666666666657,80.91666666666663,2026-09-01T15:00:00Z,1.1,13.3,1.03,165.0
14.666666666666657,81.0,2026-09-01T15:00:00Z,1.12,13.4,1.03,166.4
14.75,73.0,2026-09-01T15:00:00Z,2.16,12.7,1.75,275.2
14.75,73.08333333333331,2026-09-01T15:00:00Z,2.15,9.6,1.75,275.7
14.75,73.16666666666666,2026-09-01T15:00:00Z,2.12,9.0,1.75,275.7
14.75,73.25,2026-09-01T15:00:00Z,2.06,8.9,1.74,275.7
14.75,73.33333333333331,2026-09-01T15:00:00Z,1.92,11.5,1.63,275.1
14.75,73.41666666666666,2026-09-01T15:00:00Z,1.71,16.2,1.39,274.8
14.75,73.5,2026-09-01T15:00:00Z,1.64,13.6,1.17,203.8
14.75,73.58333333333331,2026-09-01T15:00:00Z,1.69,12.7,1.22,245.5
14.75,73.66666666666666,2026-09-01T15:00:00Z,1.73,12.7,1.27,251.8
14.75,73.75,2026-09-01T15:00:00Z,1.74,12.9,1.31,251.8
14.75,73.83333333333331,2026-09-01T15:00:00Z,1.74,11.9,1.33,253.3
14.75,73.91666666666666,2026-09-01T15:00:00Z,1.73,10.2,1.33,254.2
14.75,74.0,2026-09-01T15:00:00Z,1.69,12.1,1.32,254.7
14.75,74.08333333333331,2026-09-01T15:00:00Z,1.59,10.5,1.31,264.3
14.75,74.16666666666666,2026-09-01T15:00:00Z,1.4,9.3,1.2,264.3
14.75,80.25,2026-09-01T15:00:00Z,0.58,11.3,0.51,142.6
14.75,80.33333333333331,2026-09-01T15:00:00Z,0.71,11.5,0.68,147.2
14.75,80.41666666666663,2026-09-01T15:00:00Z,0.83,11.9,0.81,151.5
14.75,80.5,2026-09-01T15:00:00Z,0.91,12.4,0.89,155.2
14.75,80.58333333333331,2026-09-01T15:00:00Z,0.96,12.8,0.88,156.9
14.75,80.66666666666663,2026-09-01T15:00:00Z,1.01,13.0,0.88,158.4
14.75,80.75,2026-09-01T15:00:00Z,1.04,13.1,0.92,158.4
14.75,80.83333333333331,2026-09-01T15:00:00Z,1.07,13.2,0.99,162.0
14.75,80.91666666666663,2026-09-01T15:00:00Z,1.1,13.3,1.03,165.3
14.75,81.0,2026-09-01T15:00:00Z,1.12,13.4,1.05,166.6
14.833333333333329,73.0,2026-09-01T15:00:00Z,2.16,9.9,1.75,275.2
14.833333333333329,73.08333333333331,2026-09-01T15:00:00Z,2.15,9.1,1.75,275.7
14.833333333333329,73.16666666666666,2026-09-01T15:00:00Z,2.11,9.0,1.75,275.7
14.833333333333329,73.25,2026-09-01T15:00:00Z,2.04,8.9,1.74,275.7
14.833333333333329,73.33333333333331,2026-09-01T15:00:00Z,1.85,10.7,1.58,275.1
14.833333333333329,73.41666666666666,2026-09-01T15:00:00Z,1.55,14.2,1.2,274.8
14.833333333333329,73.5,2026-09-01T15:00:00Z,1.42,14.6,0.85,203.8
14.833333333333329,73.58333333333331,2026-09-01T15:00:00Z,1.5,13.8,0.95,245.5
14.833333333333329,73.66666666666666,2026-09-01T15:00:00Z,1.6,13.8,1.08,251.8
14.833333333333329,73.75,2026-09-01T15:00:00Z,1.65,14.0,1.17,251.8
14.833333333333329,73.83333333333331,2026-09-01T15:00:00Z,1.67,12.8,1.2,253.3
14.833333333333329,73.91666666666666,2026-09-01T15:00:00Z,1.65,10.5,1.21,254.2
14.833333333333329,74.0,2026-09-01T15:00:00Z,1.6,13.0,1.19,254.7
14.833333333333329,74.08333333333331,2026-09-01T15:00:00Z,1.44,11.0,1.19,264.3
14.833333333333329,80.16666666666663,2026-09-01T15:00:00Z,0.47,11.3,0.39,142.6
14.833333333333329,80.25,2026-09-01T15:00:00Z,0.61,11.4,0.56,142.6
14.833333333333329,80.33333333333331,2026-09-01T15:00:00Z,0.75,11.6,0.71,147.2
14.833333333333329,80.41666666666663,2026-09-01T15:00:00Z,0.85,12.0,0.83,151.5
14.833333333333329,80.5,2026-09-01T15:00:00Z,0.93,12.5,0.91,155.2
14.833333333333329,80.58333333333331,2026-09-01T15:00:00Z,0.97,12.8,0.91,156.9
14.833333333333329,80.66666666666663,2026-09-01T15:00:00Z,1.01,13.0,0.89,158.4
14.833333333333329,80.75,2026-09-01T15:00:00Z,1.04,13.2,0.94,158.4
14.833333333333329,80.83333333333331,2026-09-01T15:00:00Z,1.07,13.2,1.0,162.0
14.833333333333329,80.91666666666663,2026-09-01T15:00:00Z,1.1,13.3,1.02,165.3
14.833333333333329,81.0,2026-09-01T15:00:00Z,1.12,13.4,1.06,166.6
14.916666666666657,73.0,2026-09-01T15:00:00Z,2.15,11.2,1.74,275.2
14.916666666666657,73.08333333333331,2026-09-01T15:00:00Z,2.14,9.4,1.75,275.5
14.916666666666657,73.16666666666666,2026-09-01T15:00:00Z,2.1,9.0,1.75,275.6
14.916666666666657,73.25,2026-09-01T15:00:00Z,2.02,8.9,1.73,275.6
14.916666666666657,73.33333333333331,2026-09-01T15:00:00Z,1.91,8.9,1.62,275.7
14.916666666666657,73.41666666666666,2026-09-01T15:00:00Z,1.78,8.8,1.39,266.7
14.916666666666657,73.5,2026-09-01T15:00:00Z,1.65,8.8,1.15,258.8
14.916666666666657,73.58333333333331,2026-09-01T15:00:00Z,1.62,8.8,1.16,269.8
14.916666666666657,73.66666666666666,2026-09-01T15:00:00Z,1.67,8.7,1.29,280.1
14.916666666666657,73.75,2026-09-01T15:00:00Z,1.7,8.7,1.4,280.1
14.916666666666657,73.83333333333331,2026-09-01T15:00:00Z,1.7,8.6,1.43,276.7
14.916666666666657,73.91666666666666,2026-09-01T15:00:00Z,1.65,8.6,1.39,275.1
14.916666666666657,74.0,2026-09-01T15:00:00Z,1.55,8.7,1.3,272.3
14.916666666666657,80.16666666666663,2026-09-01T15:00:00Z,0.54,11.5,0.5,144.9
14.916666666666657,80.25,2026-09-01T15:00:00Z,0.66,11.6,0.64,144.9
14.916666666666657,80.33333333333331,2026-09-01T15:00:00Z,0.77,11.7,0.74,148.3
14.916666666666657,80.41666666666663,2026-09-01T15:00:00Z,0.86,12.0,0.83,151.5
14.916666666666657,80.5,2026-09-01T15:00:00Z,0.94,12.5,0.92,154.7
14.916666666666657,80.58333333333331,2026-09-01T15:00:00Z,0.98,12.9,0.94,158.0
14.916666666666657,80.66666666666663,2026-09-01T15:00:00Z,1.01,13.1,0.92,158.9
14.916666666666657,80.75,2026-09-01T15:00:00Z,1.04,13.2,0.96,158.9
14.916666666666657,80.83333333333331,2026-09-01T15:00:00Z,1.07,13.2,1.02,163.6
14.916666666666657,80.91666666666663,2026-09-01T15:00:00Z,1.1,13.3,1.03,165.5
14.916666666666657,81.0,2026-09-01T15:00:00Z,1.13,13.3,1.1,166.5
15.0,73.0,2026-09-01T15:00:00Z,2.15,9.0,1.75,274.6
15.0,73.08333333333331,2026-09-01T15:00:00Z,2.13,9.0,1.75,274.7
15.0,73.16666666666666,2026-09-01T15:00:00Z,2.09,8.9,1.77,275.1
15.0,73.25,2026-09-01T15:00:00Z,2.04,8.9,1.77,275.1
15.0,73.33333333333331,2026-09-01T15:00:00Z,1.97,8.8,1.74,275.2
15.0,73.41666666666666,2026-09-01T15:00:00Z,1.89,8.8,1.7,275.2
15.0,73.5,2026-09-01T15:00:00Z,1.82,8.7,1.63,274.2
15.0,73.58333333333331,2026-09-01T15:00:00Z,1.78,8.7,1.3,259.2
15.0,73.66666666666666,2026-09-01T15:00:00Z,1.8,8.7,1.23,259.7
15.0,73.75,2026-09-01T15:00:00Z,1.79,8.7,1.33,259.7
15.0,73.83333333333331,2026-09-01T15:00:00Z,1.75,8.6,1.42,278.9
15.0,80.16666666666663,2026-09-01T15:00:00Z,0.61,11.6,0.58,146.2
15.0,80.25,2026-09-01T15:00:00Z,0.71,11.6,0.68,146.2
15.0,80.33333333333331,2026-09-01T15:00:00Z,0.8,11.8,0.77,149.5
15.0,80.41666666666663,2026-09-01T15:00:00Z,0.88,12.0,0.86,152.7
15.0,80.5,2026-09-01T15:00:00Z,0.95,12.5,0.93,155.7
15.0,80.58333333333331,2026-09-01T15:00:00Z,0.99,12.8,0.93,156.3
15.0,80.66666666666663,2026-09-01T15:00:00Z,1.02,13.1,0.92,158.1
15.0,80.75,2026-09-01T15:00:00Z,1.04,13.2,0.95,158.1
15.0,80.83333333333331,2026-09-01T15:00:00Z,1.07,13.2,1.02,162.2
15.0,80.91666666666663,2026-09-01T15:00:00Z,1.1,13.3,1.08,165.0
15.0,81.0,2026-09-01T15:00:00Z,1.13,13.3,1.1,166.4
15.083333333333329,73.0,2026-09-01T15:00:00Z,2.15,9.9,1.75,273.7
15.083333333333329,73.08333333333331,2026-09-01T15:00:00Z,2.12,9.1,1.76,274.0
15.083333333333329,73.16666666666666,2026-09-01T15:00:00Z,2.09,8.9,1.77,274.2
15.083333333333329,73.25,2026-09-01T15:00:00Z,2.05,8.9,1.78,274.2
15.083333333333329,73.33333333333331,2026-09-01T15:00:00Z,2.0,8.9,1.77,274.3
15.083333333333329,73.41666666666666,2026-09-01T15:00:00Z,1.94,8.8,1.75,274.2
15.083333333333329,73.5,2026-09-01T15:00:00Z,1.89,8.8,1.72,274.3
15.083333333333329,73.58333333333331,2026-09-01T15:00:00Z,1.85,8.7,1.64,274.4
15.083333333333329,73.66666666666666,2026-09-01T15:00:00Z,1.83,8.7,1.6,274.3
15.083333333333329,73.75,2026-09-01T15:00:00Z,1.8,8.7,1.49,274.3
15.083333333333329,73.83333333333331,2026-09-01T15:00:00Z,1.75,8.7,1.33,264.8
15.083333333333329,80.16666666666663,2026-09-01T15:00:00Z,0.62,11.8,0.6,146.8
15.083333333333329,80.25,2026-09-01T15:00:00Z,0.73,11.8,0.71,146.8
15.083333333333329,80.33333333333331,2026-09-01T15:00:00Z,0.81,11.8,0.79,150.1
15.083333333333329,80.41666666666663,2026-09-01T15:00:00Z,0.89,12.1,0.86,152.7
15.083333333333329,80.5,2026-09-01T15:00:00Z,0.96,12.5,0.94,154.8
15.083333333333329,80.58333333333331,2026-09-01T15:00:00Z,1.01,12.8,0.97,156.6
15.083333333333329,80.66666666666663,2026-09-01T15:00:00Z,1.03,13.1,0.96,157.8
15.083333333333329,80.75,2026-09-01T15:00:00Z,1.05,13.2,0.98,157.8
15.083333333333329,80.83333333333331,2026-09-01T15:00:00Z,1.07,13.3,0.99,163.9
15.083333333333329,80.91666666666663,2026-09-01T15:00:00Z,1.1,13.3,0.97,171.4
15.083333333333329,81.0,2026-09-01T15:00:00Z,1.13,13.3,1.11,166.4
15.166666666666657,73.0,2026-09-01T15:00:00Z,2.15,9.3,1.75,273.4
15.166666666666657,73.08333333333331,2026-09-01T15:00:00Z,2.12,9.0,1.76,273.5
15.166666666666657,73.16666666666666,2026-09-01T15:00:00Z,2.09,8.9,1.77,273.6
15.166666666666657,73.25,2026-09-01T15:00:00Z,2.05,8.9,1.78,273.6
15.166666666666657,73.33333333333331,2026-09-01T15:00:00Z,2.01,8.9,1.78,273.7
15.166666666666657,73.41666666666666,2026-09-01T15:00:00Z,1.97,8.8,1.77,273.5
15.166666666666657,73.5,2026-09-01T15:00:00Z,1.92,8.8,1.75,273.4
15.166666666666657,73.58333333333331,2026-09-01T15:00:00Z,1.89,8.7,1.72,273.2
15.166666666666657,73.66666666666666,2026-09-01T15:00:00Z,1.86,8.7,1.69,272.9
15.166666666666657,73.75,2026-09-01T15:00:00Z,1.82,8.7,1.61,272.9
15.166666666666657,73.83333333333331,2026-09-01T15:00:00Z,1.77,8.7,1.51,272.0
15.166666666666657,80.16666666666663,2026-09-01T15:00:00Z,0.62,12.1,0.58,147.3
15.166666666666657,80.25,2026-09-01T15:00:00Z,0.75,12.1,0.72,147.3
15.166666666666657,80.33333333333331,2026-09-01T15:00:00Z,0.83,12.1,0.8,150.5
15.166666666666657,80.41666666666663,2026-09-01T15:00:00Z,0.9,12.3,0.87,152.9
15.166666666666657,80.5,2026-09-01T15:00:00Z,0.96,12.6,0.94,154.9
15.166666666666657,80.58333333333331,2026-09-01T15:00:00Z,1.01,12.9,0.98,156.3
15.166666666666657,80.66666666666663,2026-09-01T15:00:00Z,1.04,13.1,1.0,158.9
15.166666666666657,80.75,2026-09-01T15:00:00Z,1.06,13.2,1.0,158.9
15.166666666666657,80.83333333333331,2026-09-01T15:00:00Z,1.08,13.3,1.0,160.7
15.166666666666657,80.91666666666663,2026-09-01T15:00:00Z,1.11,13.3,1.03,162.2
15.166666666666657,81.0,2026-09-01T15:00:00Z,1.13,13.3,1.12,163.9
15.25,73.0,2026-09-01T15:00:00Z,2.15,8.9,1.76,273.1
15.25,73.08333333333331,2026-09-01T15:00:00Z,2.12,8.9,1.77,273.2
15.25,73.16666666666666,2026-09-01T15:00:00Z,2.09,8.9,1.78,273.2
15.25,73.25,2026-09-01T15:00:00Z,2.06,8.9,1.78,273.2
15.25,73.33333333333331,2026-09-01T15:00:00Z,2.02,8.9,1.78,273.1
15.25,73.41666666666666,2026-09-01T15:00:00Z,1.98,8.8,1.77,272.9
15.25,73.5,2026-09-01T15:00:00Z,1.93,8.8,1.75,272.8
15.25,73.58333333333331,2026-09-01T15:00:00Z,1.9,8.7,1.72,272.4
15.25,73.66666666666666,2026-09-01T15:00:00Z,1.86,8.7,1.69,271.9
15.25,73.75,2026-09-01T15:00:00Z,1.82,8.7,1.65,271.9
15.25,73.83333333333331,2026-09-01T15:00:00Z,1.76,8.7,1.59,270.0
15.25,80.16666666666663,2026-09-01T15:00:00Z,0.56,12.0,0.53,146.2
15.25,80.25,2026-09-01T15:00:00Z,0.7,12.1,0.68,146.2
15.25,80.33333333333331,2026-09-01T15:00:00Z,0.81,12.2,0.79,148.3
15.25,80.41666666666663,2026-09-01T15:00:00Z,0.89,12.4,0.87,152.3
15.25,80.5,2026-09-01T15:00:00Z,0.96,12.8,0.93,154.0
15.25,80.58333333333331,2026-09-01T15:00:00Z,1.01,12.9,0.99,154.4
15.25,80.66666666666663,2026-09-01T15:00:00Z,1.04,13.1,1.03,155.6
15.25,80.75,2026-09-01T15:00:00Z,1.07,13.2,1.03,155.6
15.25,80.83333333333331,2026-09-01T15:00:00Z,1.09,13.3,1.04,159.5
15.25,80.91666666666663,2026-09-01T15:00:00Z,1.11,13.3,1.07,164.4
15.25,81.0,2026-09-01T15:00:00Z,1.14,13.3,1.12,166.3
15.333333333333329,73.0,2026-09-01T15:00:00Z,2.14,8.9,1.76,273.1
15.333333333333329,73.08333333333331,2026-09-01T15:00:00Z,2.11,8.9,1.77,273.2
15.333333333333329,73.16666666666666,2026-09-01T15:00:00Z,2.08,8.9,1.78,273.2
15.333333333333329,73.25,2026-09-01T15:00:00Z,2.06,8.9,1.78,273.2
15.333333333333329,73.33333333333331,2026-09-01T15:00:00Z,2.03,8.8,1.78,273.1
15.333333333333329,73.41666666666666,2026-09-01T15:00:00Z,1.98,8.8,1.77,272.9
15.333333333333329,73.5,2026-09-01T15:00:00Z,1.94,8.8,1.75,272.8
15.333333333333329,73.58333333333331,2026-09-01T15:00:00Z,1.89,8.7,1.71,272.4
15.333333333333329,73.66666666666666,2026-09-01T15:00:00Z,1.85,8.7,1.68,271.9
15.333333333333329,73.75,2026-09-01T15:00:00Z,1.77,8.7,1.6,271.9
15.333333333333329,73.83333333333331,2026-09-01T15:00:00Z,1.63,8.5,1.46,270.0
15.333333333333329,80.16666666666663,2026-09-01T15:00:00Z,0.49,10.9,0.47,146.2
15.333333333333329,80.25,2026-09-01T15:00:00Z,0.64,11.6,0.62,146.2
15.333333333333329,80.33333333333331,2026-09-01T15:00:00Z,0.78,12.0,0.77,148.3
15.333333333333329,80.41666666666663,2026-09-01T15:00:00Z,0.88,12.3,0.86,152.3
15.333333333333329,80.5,2026-09-01T15:00:00Z,0.94,12.7,0.91,154.0
15.333333333333329,80.58333333333331,2026-09-01T15:00:00Z,1.0,12.7,0.97,154.4
15.333333333333329,80.66666666666663,2026-09-01T15:00:00Z,1.04,13.0,1.02,155.6
15.333333333333329,80.75,2026-09-01T15:00:00Z,1.07,13.2,1.05,155.6
15.333333333333329,80.83333333333331,2026-09-01T15:00:00Z,1.1,13.3,1.07,159.5
15.333333333333329,80.91666666666663,2026-09-01T15:00:00Z,1.12,13.3,1.08,164.4
15.333333333333329,81.0,2026-09-01T15:00:00Z,1.15,13.3,1.11,166.3
15.416666666666657,73.0,2026-09-01T15:00:00Z,2.12,8.9,1.77,273.2
15.416666666666657,73.08333333333331,2026-09-01T15:00:00Z,2.09,8.9,1.77,273.1
15.416666666666657,73.16666666666666,2026-09-01T15:00:00Z,2.07,8.9,1.77,273.0
15.416666666666657,73.25,2026-09-01T15:00:00Z,2.05,8.9,1.77,273.0
15.416666666666657,73.33333333333331,2026-09-01T15:00:00Z,2.02,8.8,1.77,272.6
15.416666666666657,73.41666666666666,2026-09-01T15:00:00Z,1.98,8.8,1.75,272.4
15.416666666666657,73.5,2026-09-01T15:00:00Z,1.93,8.7,1.73,272.2
15.416666666666657,73.58333333333331,2026-09-01T15:00:00Z,1.88,8.7,1.7,271.7
15.416666666666657,73.66666666666666,2026-09-01T15:00:00Z,1.82,8.7,1.65,270.8
15.416666666666657,73.75,2026-09-01T15:00:00Z,1.68,8.7,1.53,270.8
15.416666666666657,80.25,2026-09-01T15:00:00Z,0.63,11.0,0.59,149.3
15.416666666666657,80.33333333333331,2026-09-01T15:00:00Z,0.79,11.8,0.77,149.3
15.416666666666657,80.41666666666663,2026-09-01T15:00:00Z,0.86,12.0,0.85,149.6
15.416666666666657,80.5,2026-09-01T15:00:00Z,0.91,12.1,0.88,152.9
15.416666666666657,80.58333333333331,2026-09-01T15:00:00Z,0.98,12.3,0.94,157.2
15.416666666666657,80.66666666666663,2026-09-01T15:00:00Z,1.03,12.8,0.99,159.3
15.416666666666657,80.75,2026-09-01T15:00:00Z,1.07,13.1,1.02,159.3
15.416666666666657,80.83333333333331,2026-09-01T15:00:00Z,1.1,13.2,1.05,161.8
15.416666666666657,80.91666666666663,2026-09-01T15:00:00Z,1.13,13.3,1.08,164.0
15.416666666666657,81.0,2026-09-01T15:00:00Z,1.15,13.3,1.11,165.8
15.5,73.0,2026-09-01T15:00:00Z,2.1,8.8,1.75,272.6
15.5,73.08333333333331,2026-09-01T15:00:00Z,2.07,8.8,1.76,272.9
15.5,73.16666666666666,2026-09-01T15:00:00Z,2.05,8.8,1.76,272.7
15.5,73.25,2026-09-01T15:00:00Z,2.04,8.8,1.76,272.7
15.5,73.33333333333331,2026-09-01T15:00:00Z,2.01,8.8,1.75,272.1
15.5,73.41666666666666,2026-09-01T15:00:00Z,1.98,8.8,1.74,271.7
15.5,73.5,2026-09-01T15:00:00Z,1.93,8.8,1.72,271.3
15.5,73.58333333333331,2026-09-01T15:00:00Z,1.87,8.7,1.69,270.5
15.5,73.66666666666666,2026-09-01T15:00:00Z,1.8,8.7,1.64,269.2
15.5,80.25,2026-09-01T15:00:00Z,0.63,11.8,0.54,145.4
15.5,80.33333333333331,2026-09-01T15:00:00Z,0.8,11.7,0.76,151.6
15.5,80.41666666666663,2026-09-01T15:00:00Z,0.86,11.7,0.82,153.7
15.5,80.5,2026-09-01T15:00:00Z,0.89,11.7,0.85,155.0
15.5,80.58333333333331,2026-09-01T15:00:00Z,0.98,12.2,0.94,157.2
15.5,80.66666666666663,2026-09-01T15:00:00Z,1.03,12.7,0.99,159.6
15.5,80.75,2026-09-01T15:00:00Z,1.07,13.1,0.99,159.6
15.5,80.83333333333331,2026-09-01T15:00:00Z,1.11,13.2,1.0,161.2
15.5,80.91666666666663,2026-09-01T15:00:00Z,1.14,13.2,1.07,163.5
15.5,81.0,2026-09-01T15:00:00Z,1.17,13.3,1.11,165.3
15.583333333333329,73.0,2026-09-01T15:00:00Z,2.08,8.8,1.74,271.1
15.583333333333329,73.08333333333331,2026-09-01T15:00:00Z,2.05,8.8,1.74,271.7
15.583333333333329,73.16666666666666,2026-09-01T15:00:00Z,2.04,8.8,1.75,271.4
15.583333333333329,73.25,2026-09-01T15:00:00Z,2.02,8.8,1.75,271.4
15.583333333333329,73.33333333333331,2026-09-01T15:00:00Z,2.0,8.8,1.74,271.2
15.583333333333329,73.41666666666666,2026-09-01T15:00:00Z,1.96,8.8,1.73,270.8
15.583333333333329,73.5,2026-09-01T15:00:00Z,1.91,8.8,1.71,270.3
15.583333333333329,73.58333333333331,2026-09-01T15:00:00Z,1.85,8.7,1.67,269.2
15.583333333333329,73.66666666666666,2026-09-01T15:00:00Z,1.78,8.7,1.61,266.8
15.583333333333329,80.25,2026-09-01T15:00:00Z,0.65,11.8,0.55,147.9
15.583333333333329,80.33333333333331,2026-09-01T15:00:00Z,0.76,11.8,0.7,150.7
15.583333333333329,80.41666666666663,2026-09-01T15:00:00Z,0.85,11.8,0.81,153.7
15.583333333333329,80.5,2026-09-01T15:00:00Z,0.91,11.8,0.87,155.5
15.583333333333329,80.58333333333331,2026-09-01T15:00:00Z,0.97,11.9,0.93,157.9
15.583333333333329,80.66666666666663,2026-09-01T15:00:00Z,1.01,12.4,0.94,160.1
15.583333333333329,80.75,2026-09-01T15:00:00Z,1.05,13.1,0.95,160.1
15.583333333333329,80.83333333333331,2026-09-01T15:00:00Z,1.09,13.5,1.0,161.6
15.583333333333329,80.91666666666663,2026-09-01T15:00:00Z,1.14,13.4,1.09,163.2
15.583333333333329,81.0,2026-09-01T15:00:00Z,1.17,13.3,1.11,164.5
15.666666666666657,73.0,2026-09-01T15:00:00Z,2.09,8.8,1.76,269.5
15.666666666666657,73.08333333333331,2026-09-01T15:00:00Z,2.06,8.8,1.75,270.1
15.666666666666657,73.16666666666666,2026-09-01T15:00:00Z,2.03,8.8,1.75,270.4
15.666666666666657,73.25,2026-09-01T15:00:00Z,2.01,8.8,1.74,270.4
15.666666666666657,73.33333333333331,2026-09-01T15:00:00Z,1.98,8.8,1.74,270.4
15.666666666666657,73.41666666666666,2026-09-01T15:00:00Z,1.94,8.8,1.72,270.1
15.666666666666657,73.5,2026-09-01T15:00:00Z,1.89,8.7,1.69,269.0
15.666666666666657,73.58333333333331,2026-09-01T15:00:00Z,1.82,8.7,1.64,267.0
15.666666666666657,73.66666666666666,2026-09-01T15:00:00Z,1.71,8.7,1.55,264.7
15.666666666666657,80.33333333333331,2026-09-01T15:00:00Z,0.69,11.8,0.62,146.1
15.666666666666657,80.41666666666663,2026-09-01T15:00:00Z,0.82,11.8,0.81,152.8
15.666666666666657,80.5,2026-09-01T15:00:00Z,0.88,11.8,0.86,155.1
15.666666666666657,80.58333333333331,2026-09-01T15:00:00Z,0.92,11.8,0.9,157.6
15.666666666666657,80.66666666666663,2026-09-01T15:00:00Z,0.93,11.6,0.9,159.5
15.666666666666657,80.75,2026-09-01T15:00:00Z,0.94,12.7,0.9,159.5
15.666666666666657,80.83333333333331,2026-09-01T15:00:00Z,0.99,14.0,0.95,161.5
15.666666666666657,80.91666666666663,2026-09-01T15:00:00Z,1.08,14.1,1.05,162.7
15.666666666666657,81.0,2026-09-01T15:00:00Z,1.15,13.4,1.1,164.3
15.75,73.0,2026-09-01T15:00:00Z,2.11,8.8,1.78,268.9
15.75,73.08333333333331,2026-09-01T15:00:00Z,2.08,8.8,1.78,269.4
15.75,73.16666666666666,2026-09-01T15:00:00Z,2.04,8.8,1.76,269.7
15.75,73.25,2026-09-01T15:00:00Z,2.01,8.8,1.75,269.7
15.75,73.33333333333331,2026-09-01T15:00:00Z,1.97,8.8,1.72,269.7
15.75,73.41666666666666,2026-09-01T15:00:00Z,1.92,8.7,1.69,269.1
15.75,73.5,2026-09-01T15:00:00Z,1.86,8.7,1.65,267.2
15.75,73.58333333333331,2026-09-01T15:00:00Z,1.77,8.7,1.58,264.2
15.75,73.66666666666666,2026-09-01T15:00:00Z,1.64,8.8,1.49,262.3
15.75,80.33333333333331,2026-09-01T15:00:00Z,0.56,9.6,0.48,157.8
15.75,80.41666666666663,2026-09-01T15:00:00Z,0.73,11.0,0.69,156.9
15.75,80.5,2026-09-01T15:00:00Z,0.83,11.9,0.78,157.5
15.75,80.58333333333331,2026-09-01T15:00:00Z,0.86,11.7,0.83,160.0
15.75,80.66666666666663,2026-09-01T15:00:00Z,0.84,11.7,0.79,161.2
15.75,80.75,2026-09-01T15:00:00Z,0.8,12.2,0.72,161.2
15.75,80.83333333333331,2026-09-01T15:00:00Z,0.76,12.5,0.69,164.3
15.833333333333329,73.0,2026-09-01T15:00:00Z,2.12,8.8,1.8,268.9
15.833333333333329,73.08333333333331,2026-09-01T15:00:00Z,2.09,8.8,1.79,269.4
15.833333333333329,73.16666666666666,2026-09-01T15:00:00Z,2.05,8.8,1.77,269.7
15.833333333333329,73.25,2026-09-01T15:00:00Z,2.0,8.8,1.74,269.7
15.833333333333329,73.33333333333331,2026-09-01T15:00:00Z,1.94,8.7,1.69,269.7
15.833333333333329,73.41666666666666,2026-09-01T15:00:00Z,1.85,9.2,1.59,269.1
15.833333333333329,73.5,2026-09-01T15:00:00Z,1.7,11.1,1.37,267.2
15.833333333333329,73.58333333333331,2026-09-01T15:00:00Z,1.58,11.5,1.28,264.2
15.833333333333329,80.66666666666663,2026-09-01T15:00:00Z,0.74,11.2,0.64,161.2
15.916666666666657,73.0,2026-09-01T15:00:00Z,2.1,8.8,1.8,268.5
15.916666666666657,73.08333333333331,2026-09-01T15:00:00Z,2.07,8.8,1.79,268.8
15.916666666666657,73.16666666666666,2026-09-01T15:00:00Z,2.03,8.8,1.76,269.2
15.916666666666657,73.25,2026-09-01T15:00:00Z,1.97,8.8,1.71,269.2
15.916666666666657,73.33333333333331,2026-09-01T15:00:00Z,1.88,8.8,1.63,269.3
15.916666666666657,73.41666666666666,2026-09-01T15:00:00Z,1.72,9.8,1.45,269.0
15.916666666666657,73.5,2026-09-01T15:00:00Z,1.41,14.8,0.94,210.6
16.0,73.0,2026-09-01T15:00:00Z,2.06,8.7,1.8,267.6
16.0,73.08333333333331,2026-09-01T15:00:00Z,2.04,8.7,1.78,267.7
16.0,73.16666666666666,2026-09-01T15:00:00Z,1.99,8.7,1.74,268.4
16.0,73.25,2026-09-01T15:00:00Z,1.91,8.7,1.68,268.4
16.0,73.33333333333331,2026-09-01T15:00:00Z,1.82,8.8,1.6,268.7
16.0,73.41666666666666,2026-09-01T15:00:00Z,1.68,8.8,1.5,268.3
16.0,73.5,2026-09-01T15:00:00Z,1.36,8.8,1.26,268.0
13.0,73.0,2026-09-01T18:00:00Z,2.0,15.8,1.6,281.0
13.0,73.08333333333331,2026-09-01T18:00:00Z,2.0,15.9,1.6,280.9
13.0,73.16666666666666,2026-09-01T18:00:00Z,2.0,16.0,1.6,280.9
13.0,73.25,2026-09-01T18:00:00Z,2.0,16.1,1.6,280.9
13.0,73.33333333333331,2026-09-01T18:00:00Z,2.0,16.2,1.6,280.8
13.0,73.41666666666666,2026-09-01T18:00:00Z,2.0,16.3,1.6,280.5
13.0,73.5,2026-09-01T18:00:00Z,2.0,16.3,1.6,280.4
13.0,73.58333333333331,2026-09-01T18:00:00Z,1.99,16.4,1.59,280.3
13.0,73.66666666666666,2026-09-01T18:00:00Z,1.99,16.4,1.59,280.2
13.0,73.75,2026-09-01T18:00:00Z,1.99,16.4,1.59,280.2
13.0,73.83333333333331,2026-09-01T18:00:00Z,1.98,16.4,1.58,280.0
13.0,73.91666666666666,2026-09-01T18:00:00Z,1.98,16.4,1.58,279.9
13.0,74.0,2026-09-01T18:00:00Z,1.98,16.4,1.58,279.8
13.0,74.08333333333331,2026-09-01T18:00:00Z,1.96,16.3,1.57,279.5
13.0,74.16666666666666,2026-09-01T18:00:00Z,1.94,16.2,1.56,279.2
13.0,74.25,2026-09-01T18:00:00Z,1.91,16.2,1.55,279.2
13.0,74.33333333333331,2026-09-01T18:00:00Z,1.87,13.9,1.54,279.1
13.0,74.41666666666666,2026-09-01T18:00:00Z,1.83,9.2,1.53,279.0
13.0,74.5,2026-09-01T18:00:00Z,1.8,9.1,1.52,278.9
13.0,74.58333333333331,2026-09-01T18:00:00Z,1.76,9.2,1.51,278.6
13.0,74.66666666666666,2026-09-01T18:00:00Z,1.72,9.1,1.49,277.9
13.0,74.75,2026-09-01T18:00:00Z,1.63,9.1,1.44,277.9
13.0,80.33333333333331,2026-09-01T18:00:00Z,0.77,11.7,0.6,143.9
13.0,80.41666666666663,2026-09-01T18:00:00Z,0.97,12.3,0.76,146.9
13.0,80.5,2026-09-01T18:00:00Z,1.06,12.9,0.85,148.5
13.0,80.58333333333331,2026-09-01T18:00:00Z,1.11,13.4,0.88,149.4
13.0,80.66666666666663,2026-09-01T18:00:00Z,1.15,14.0,0.89,149.8
13.0,80.75,2026-09-01T18:00:00Z,1.17,14.4,0.89,149.8
13.0,80.83333333333331,2026-09-01T18:00:00Z,1.19,14.7,0.89,150.1
13.0,80.91666666666663,2026-09-01T18:00:00Z,1.2,15.1,0.9,150.8
13.0,81.0,2026-09-01T18:00:00Z,1.2,15.5,0.91,152.0
13.083333333333329,73.0,2026-09-01T18:00:00Z,2.0,15.8,1.61,280.1
13.083333333333329,73.08333333333331,2026-09-01T18:00:00Z,2.0,15.9,1.61,280.0
13.083333333333329,73.16666666666666,2026-09-01T18:00:00Z,2.01,16.0,1.6,279.9
13.083333333333329,73.25,2026-09-01T18:00:00Z,2.01,16.1,1.6,279.9
13.083333333333329,73.33333333333331,2026-09-01T18:00:00Z,2.01,16.2,1.6,279.9
13.083333333333329,73.41666666666666,2026-09-01T18:00:00Z,2.0,16.3,1.61,279.9
13.083333333333329,73.5,2026-09-01T18:00:00Z,2.0,16.3,1.61,279.9
13.083333333333329,73.58333333333331,2026-09-01T18:00:00Z,1.99,16.4,1.6,279.9
13.083333333333329,73.66666666666666,2026-09-01T18:00:00Z,1.99,16.4,1.6,279.8
13.083333333333329,73.75,2026-09-01T18:00:00Z,1.98,16.4,1.59,279.8
13.083333333333329,73.83333333333331,2026-09-01T18:00:00Z,1.98,16.3,1.59,279.6
13.083333333333329,73.91666666666666,2026-09-01T18:00:00Z,1.97,16.3,1.58,279.4
13.083333333333329,74.0,2026-09-01T18:00:00Z,1.96,16.2,1.58,279.2
13.083333333333329,74.08333333333331,2026-09-01T18:00:00Z,1.94,16.2,1.57,279.0
13.083333333333329,74.16666666666666,2026-09-01T18:00:00Z,1.92,13.7,1.56,278.7
13.083333333333329,74.25,2026-09-01T18:00:00Z,1.89,11.4,1.55,278.7
13.083333333333329,74.33333333333331,2026-09-01T18:00:00Z,1.85,9.9,1.54,278.6
13.083333333333329,74.41666666666666,2026-09-01T18:00:00Z,1.81,9.1,1.53,278.5
13.083333333333329,74.5,2026-09-01T18:00:00Z,1.78,9.1,1.52,278.4
13.083333333333329,74.58333333333331,2026-09-01T18:00:00Z,1.75,9.1,1.51,278.0
13.083333333333329,74.66666666666666,2026-09-01T18:00:00Z,1.71,9.1,1.48,276.7
13.083333333333329,74.75,2026-09-01T18:00:00Z,1.66,9.2,1.45,276.7
13.083333333333329,80.33333333333331,2026-09-01T18:00:00Z,0.72,12.4,0.43,143.7
13.083333333333329,80.41666666666663,2026-09-01T18:00:00Z,1.0,12.4,0.7,146.2
13.083333333333329,80.5,2026-09-01T18:00:00Z,1.08,12.7,0.83,148.3
13.083333333333329,80.58333333333331,2026-09-01T18:00:00Z,1.12,13.1,0.87,149.8
13.083333333333329,80.66666666666663,2026-09-01T18:00:00Z,1.15,13.8,0.89,150.5
13.083333333333329,80.75,2026-09-01T18:00:00Z,1.16,14.4,0.9,150.5
13.083333333333329,80.83333333333331,2026-09-01T18:00:00Z,1.17,14.9,0.91,151.1
13.083333333333329,80.91666666666663,2026-09-01T18:00:00Z,1.18,15.3,0.91,151.9
13.083333333333329,81.0,2026-09-01T18:00:00Z,1.18,15.6,0.92,153.0
13.166666666666657,73.0,2026-09-01T18:00:00Z,2.01,15.8,1.63,279.6
13.166666666666657,73.08333333333331,2026-09-01T18:00:00Z,2.01,15.9,1.62,279.5
13.166666666666657,73.16666666666666,2026-09-01T18:00:00Z,2.01,16.0,1.61,279.2
13.166666666666657,73.25,2026-09-01T18:00:00Z,2.01,16.1,1.61,279.2
13.166666666666657,73.33333333333331,2026-09-01T18:00:00Z,2.01,16.2,1.61,279.2
13.166666666666657,73.41666666666666,2026-09-01T18:00:00Z,2.01,16.3,1.61,279.2
13.166666666666657,73.5,2026-09-01T18:00:00Z,2.0,16.3,1.61,279.3
13.166666666666657,73.58333333333331,2026-09-01T18:00:00Z,2.0,16.3,1.61,279.3
13.166666666666657,73.66666666666666,2026-09-01T18:00:00Z,1.99,16.3,1.61,279.3
13.166666666666657,73.75,2026-09-01T18:00:00Z,1.98,16.3,1.6,279.3
13.166666666666657,73.83333333333331,2026-09-01T18:00:00Z,1.97,16.3,1.6,279.2
13.166666666666657,73.91666666666666,2026-09-01T18:00:00Z,1.96,16.2,1.59,279.0
13.166666666666657,74.0,2026-09-01T18:00:00Z,1.94,16.2,1.59,278.8
13.166666666666657,74.08333333333331,2026-09-01T18:00:00Z,1.93,13.7,1.58,278.6
13.166666666666657,74.16666666666666,2026-09-01T18:00:00Z,1.9,11.1,1.56,278.4
13.166666666666657,74.25,2026-09-01T18:00:00Z,1.86,9.6,1.54,278.4
13.166666666666657,74.33333333333331,2026-09-01T18:00:00Z,1.83,9.1,1.52,278.3
13.166666666666657,74.41666666666666,2026-09-01T18:00:00Z,1.8,9.1,1.52,278.2
13.166666666666657,74.5,2026-09-01T18:00:00Z,1.77,9.1,1.51,277.9
13.166666666666657,74.58333333333331,2026-09-01T18:00:00Z,1.74,9.1,1.49,277.4
13.166666666666657,74.66666666666666,2026-09-01T18:00:00Z,1.68,9.1,1.46,276.0
13.166666666666657,74.75,2026-09-01T18:00:00Z,1.63,9.1,1.42,276.0
13.166666666666657,80.33333333333331,2026-09-01T18:00:00Z,0.67,11.8,0.45,142.4
13.166666666666657,80.41666666666663,2026-09-01T18:00:00Z,0.99,13.3,0.76,146.9
13.166666666666657,80.5,2026-09-01T18:00:00Z,1.08,12.6,0.83,148.9
13.166666666666657,80.58333333333331,2026-09-01T18:00:00Z,1.12,12.8,0.86,150.3
13.166666666666657,80.66666666666663,2026-09-01T18:00:00Z,1.14,13.6,0.89,151.0
13.166666666666657,80.75,2026-09-01T18:00:00Z,1.16,14.3,0.9,151.0
13.166666666666657,80.83333333333331,2026-09-01T18:00:00Z,1.16,14.9,0.91,151.7
13.166666666666657,80.91666666666663,2026-09-01T18:00:00Z,1.16,15.4,0.91,152.4
13.166666666666657,81.0,2026-09-01T18:00:00Z,1.16,15.7,0.93,154.3
13.25,73.0,2026-09-01T18:00:00Z,2.0,15.8,1.62,279.0
13.25,73.08333333333331,2026-09-01T18:00:00Z,2.0,15.9,1.62,278.6
13.25,73.16666666666666,2026-09-01T18:00:00Z,2.0,16.0,1.61,278.2
13.25,73.25,2026-09-01T18:00:00Z,2.0,16.0,1.6,278.2
13.25,73.33333333333331,2026-09-01T18:00:00Z,1.99,16.1,1.6,277.9
13.25,73.41666666666666,2026-09-01T18:00:00Z,1.99,16.2,1.6,277.9
13.25,73.5,2026-09-01T18:00:00Z,1.98,16.2,1.6,278.2
13.25,73.58333333333331,2026-09-01T18:00:00Z,1.97,16.2,1.6,278.5
13.25,73.66666666666666,2026-09-01T18:00:00Z,1.96,16.2,1.6,278.6
13.25,73.75,2026-09-01T18:00:00Z,1.95,15.6,1.59,278.6
13.25,73.83333333333331,2026-09-01T18:00:00Z,1.93,14.2,1.58,278.6
13.25,73.91666666666666,2026-09-01T18:00:00Z,1.92,12.7,1.57,278.5
13.25,74.0,2026-09-01T18:00:00Z,1.9,12.6,1.57,278.4
13.25,74.08333333333331,2026-09-01T18:00:00Z,1.88,10.8,1.56,278.2
13.25,74.16666666666666,2026-09-01T18:00:00Z,1.85,9.5,1.53,278.1
13.25,74.25,2026-09-01T18:00:00Z,1.81,9.1,1.5,278.1
13.25,74.33333333333331,2026-09-01T18:00:00Z,1.77,9.0,1.48,278.0
13.25,74.41666666666666,2026-09-01T18:00:00Z,1.74,9.0,1.47,277.7
13.25,74.5,2026-09-01T18:00:00Z,1.72,9.0,1.47,277.5
13.25,74.58333333333331,2026-09-01T18:00:00Z,1.68,9.0,1.44,277.0
13.25,74.66666666666666,2026-09-01T18:00:00Z,1.62,9.0,1.39,275.4
13.25,80.33333333333331,2026-09-01T18:00:00Z,0.67,12.2,0.46,143.5
13.25,80.41666666666663,2026-09-01T18:00:00Z,0.93,13.7,0.73,146.2
13.25,80.5,2026-09-01T18:00:00Z,1.07,12.9,0.83,149.3
13.25,80.58333333333331,2026-09-01T18:00:00Z,1.1,12.7,0.86,150.8
13.25,80.66666666666663,2026-09-01T18:00:00Z,1.13,13.3,0.88,151.7
13.25,80.75,2026-09-01T18:00:00Z,1.15,14.1,0.89,151.7
13.25,80.83333333333331,2026-09-01T18:00:00Z,1.15,15.0,0.91,152.3
13.25,80.91666666666663,2026-09-01T18:00:00Z,1.15,15.5,0.92,153.5
13.25,81.0,2026-09-01T18:00:00Z,1.15,15.8,0.93,155.2
13.333333333333329,73.0,2026-09-01T18:00:00Z,1.98,15.7,1.62,279.0
13.333333333333329,73.08333333333331,2026-09-01T18:00:00Z,1.98,15.8,1.62,278.6
13.333333333333329,73.16666666666666,2026-09-01T18:00:00Z,1.98,15.8,1.61,278.2
13.333333333333329,73.25,2026-09-01T18:00:00Z,1.98,15.9,1.6,278.2
13.333333333333329,73.33333333333331,2026-09-01T18:00:00Z,1.98,16.0,1.6,277.9
13.333333333333329,73.41666666666666,2026-09-01T18:00:00Z,1.97,16.0,1.59,277.9
13.333333333333329,73.5,2026-09-01T18:00:00Z,1.96,16.1,1.58,278.2
13.333333333333329,73.58333333333331,2026-09-01T18:00:00Z,1.95,16.1,1.58,278.5
13.333333333333329,73.66666666666666,2026-09-01T18:00:00Z,1.93,16.0,1.58,278.6
13.333333333333329,73.75,2026-09-01T18:00:00Z,1.91,14.2,1.57,278.6
13.333333333333329,73.83333333333331,2026-09-01T18:00:00Z,1.89,11.4,1.56,278.6
13.333333333333329,73.91666666666666,2026-09-01T18:00:00Z,1.87,9.1,1.55,278.5
13.333333333333329,74.0,2026-09-01T18:00:00Z,1.85,9.1,1.54,278.4
13.333333333333329,74.08333333333331,2026-09-01T18:00:00Z,1.83,9.1,1.53,278.2
13.333333333333329,74.16666666666666,2026-09-01T18:00:00Z,1.8,9.0,1.5,278.1
13.333333333333329,74.25,2026-09-01T18:00:00Z,1.76,9.0,1.47,278.1
13.333333333333329,74.33333333333331,2026-09-01T18:00:00Z,1.72,8.9,1.45,278.0
13.333333333333329,74.41666666666666,2026-09-01T18:00:00Z,1.69,8.9,1.44,277.7
13.333333333333329,74.5,2026-09-01T18:00:00Z,1.66,8.9,1.42,277.5
13.333333333333329,74.58333333333331,2026-09-01T18:00:00Z,1.62,8.9,1.39,277.0
13.333333333333329,74.66666666666666,2026-09-01T18:00:00Z,1.51,8.9,1.31,275.4
13.333333333333329,80.41666666666663,2026-09-01T18:00:00Z,0.86,13.0,0.63,146.2
13.333333333333329,80.5,2026-09-01T18:00:00Z,1.03,13.7,0.81,149.3
13.333333333333329,80.58333333333331,2026-09-01T18:00:00Z,1.08,12.6,0.81,150.8
13.333333333333329,80.66666666666663,2026-09-01T18:00:00Z,1.11,12.9,0.86,151.7
13.333333333333329,80.75,2026-09-01T18:00:00Z,1.13,13.9,0.89,151.7
13.333333333333329,80.83333333333331,2026-09-01T18:00:00Z,1.14,14.9,0.9,152.3
13.333333333333329,80.91666666666663,2026-09-01T18:00:00Z,1.14,15.6,0.92,153.5
13.333333333333329,81.0,2026-09-01T18:00:00Z,1.14,15.9,0.93,155.2
13.416666666666657,73.0,2026-09-01T18:00:00Z,1.99,15.5,1.63,278.1
13.416666666666657,73.08333333333331,2026-09-01T18:00:00Z,1.99,14.9,1.64,277.7
13.416666666666657,73.16666666666666,2026-09-01T18:00:00Z,1.99,15.4,1.63,277.4
13.416666666666657,73.25,2026-09-01T18:00:00Z,1.99,15.3,1.63,277.4
13.416666666666657,73.33333333333331,2026-09-01T18:00:00Z,1.98,15.2,1.62,277.2
13.416666666666657,73.41666666666666,2026-09-01T18:00:00Z,1.97,15.9,1.6,277.1
13.416666666666657,73.5,2026-09-01T18:00:00Z,1.96,16.0,1.59,277.6
13.416666666666657,73.58333333333331,2026-09-01T18:00:00Z,1.94,15.1,1.59,277.8
13.416666666666657,73.66666666666666,2026-09-01T18:00:00Z,1.92,14.8,1.58,278.0
13.416666666666657,73.75,2026-09-01T18:00:00Z,1.9,12.2,1.57,278.0
13.416666666666657,73.83333333333331,2026-09-01T18:00:00Z,1.88,9.5,1.56,278.0
13.416666666666657,73.91666666666666,2026-09-01T18:00:00Z,1.86,9.1,1.55,278.0
13.416666666666657,74.0,2026-09-01T18:00:00Z,1.84,9.1,1.54,277.9
13.416666666666657,74.08333333333331,2026-09-01T18:00:00Z,1.82,9.1,1.52,277.7
13.416666666666657,74.16666666666666,2026-09-01T18:00:00Z,1.79,9.0,1.5,277.5
13.416666666666657,74.25,2026-09-01T18:00:00Z,1.75,9.0,1.48,277.5
13.416666666666657,74.33333333333331,2026-09-01T18:00:00Z,1.71,8.9,1.46,277.3
13.416666666666657,74.41666666666666,2026-09-01T18:00:00Z,1.68,8.9,1.44,277.0
13.416666666666657,74.5,2026-09-01T18:00:00Z,1.65,8.8,1.42,276.8
13.416666666666657,74.58333333333331,2026-09-01T18:00:00Z,1.61,8.9,1.39,276.3
13.416666666666657,80.41666666666663,2026-09-01T18:00:00Z,0.82,11.9,0.56,148.3
13.416666666666657,80.5,2026-09-01T18:00:00Z,1.0,14.0,0.76,149.8
13.416666666666657,80.58333333333331,2026-09-01T18:00:00Z,1.05,12.3,0.73,151.1
13.416666666666657,80.66666666666663,2026-09-01T18:00:00Z,1.1,12.6,0.83,152.2
13.416666666666657,80.75,2026-09-01T18:00:00Z,1.12,13.7,0.89,152.2
13.416666666666657,80.83333333333331,2026-09-01T18:00:00Z,1.13,14.8,0.91,152.9
13.416666666666657,80.91666666666663,2026-09-01T18:00:00Z,1.13,15.6,0.92,154.7
13.416666666666657,81.0,2026-09-01T18:00:00Z,1.13,16.0,0.93,155.8
13.5,73.0,2026-09-01T18:00:00Z,2.0,14.8,1.65,277.6
13.5,73.08333333333331,2026-09-01T18:00:00Z,2.0,10.7,1.65,277.7
13.5,73.16666666666666,2026-09-01T18:00:00Z,2.0,13.5,1.65,277.7
13.5,73.25,2026-09-01T18:00:00Z,2.0,12.4,1.65,277.7
13.5,73.33333333333331,2026-09-01T18:00:00Z,2.0,11.6,1.64,277.6
13.5,73.41666666666666,2026-09-01T18:00:00Z,1.98,15.9,1.63,277.8
13.5,73.5,2026-09-01T18:00:00Z,1.97,15.9,1.62,277.6
13.5,73.58333333333331,2026-09-01T18:00:00Z,1.95,10.5,1.61,277.6
13.5,73.66666666666666,2026-09-01T18:00:00Z,1.93,9.3,1.6,277.6
13.5,73.75,2026-09-01T18:00:00Z,1.91,9.2,1.59,277.6
13.5,73.83333333333331,2026-09-01T18:00:00Z,1.89,9.2,1.58,277.6
13.5,73.91666666666666,2026-09-01T18:00:00Z,1.87,9.1,1.57,277.5
13.5,74.0,2026-09-01T18:00:00Z,1.85,9.1,1.55,277.4
13.5,74.08333333333331,2026-09-01T18:00:00Z,1.83,9.1,1.54,277.2
13.5,74.16666666666666,2026-09-01T18:00:00Z,1.8,9.0,1.52,276.9
13.5,74.25,2026-09-01T18:00:00Z,1.77,9.0,1.5,276.9
13.5,74.33333333333331,2026-09-01T18:00:00Z,1.73,9.0,1.49,276.6
13.5,74.41666666666666,2026-09-01T18:00:00Z,1.71,8.9,1.48,276.3
13.5,74.5,2026-09-01T18:00:00Z,1.68,8.9,1.46,276.0
13.5,74.58333333333331,2026-09-01T18:00:00Z,1.64,8.9,1.43,275.1
13.5,80.41666666666663,2026-09-01T18:00:00Z,0.8,12.1,0.4,142.8
13.5,80.5,2026-09-01T18:00:00Z,0.98,12.1,0.68,149.9
13.5,80.58333333333331,2026-09-01T18:00:00Z,1.03,11.9,0.71,151.7
13.5,80.66666666666663,2026-09-01T18:00:00Z,1.09,12.6,0.83,152.8
13.5,80.75,2026-09-01T18:00:00Z,1.12,13.6,0.89,152.8
13.5,80.83333333333331,2026-09-01T18:00:00Z,1.12,14.6,0.91,154.4
13.5,80.91666666666663,2026-09-01T18:00:00Z,1.12,15.7,0.92,155.3
13.5,81.0,2026-09-01T18:00:00Z,1.13,16.0,0.93,156.5
13.583333333333329,73.0,2026-09-01T18:00:00Z,2.01,10.2,1.67,277.4
13.583333333333329,73.08333333333331,2026-09-01T18:00:00Z,2.01,9.5,1.67,277.6
13.583333333333329,73.16666666666666,2026-09-01T18:00:00Z,2.02,9.9,1.67,277.7
13.583333333333329,73.25,2026-09-01T18:00:00Z,2.01,9.7,1.66,277.7
13.583333333333329,73.33333333333331,2026-09-01T18:00:00Z,2.0,9.6,1.65,277.8
13.583333333333329,73.41666666666666,2026-09-01T18:00:00Z,1.99,10.4,1.64,277.9
13.583333333333329,73.5,2026-09-01T18:00:00Z,1.98,10.4,1.64,277.6
13.583333333333329,73.58333333333331,2026-09-01T18:00:00Z,1.96,9.4,1.63,277.4
13.583333333333329,73.66666666666666,2026-09-01T18:00:00Z,1.95,9.2,1.62,277.3
13.583333333333329,73.75,2026-09-01T18:00:00Z,1.93,9.2,1.61,277.3
13.583333333333329,73.83333333333331,2026-09-01T18:00:00Z,1.91,9.2,1.6,277.2
13.583333333333329,73.91666666666666,2026-09-01T18:00:00Z,1.89,9.2,1.59,277.0
13.583333333333329,74.0,2026-09-01T18:00:00Z,1.87,9.1,1.58,276.8
13.583333333333329,74.08333333333331,2026-09-01T18:00:00Z,1.84,9.1,1.56,276.7
13.583333333333329,74.16666666666666,2026-09-01T18:00:00Z,1.81,9.1,1.55,276.4
13.583333333333329,74.25,2026-09-01T18:00:00Z,1.79,9.0,1.53,276.4
13.583333333333329,74.33333333333331,2026-09-01T18:00:00Z,1.76,9.0,1.52,276.0
13.583333333333329,74.41666666666666,2026-09-01T18:00:00Z,1.74,9.0,1.51,275.7
13.583333333333329,74.5,2026-09-01T18:00:00Z,1.7,9.0,1.49,275.3
13.583333333333329,74.58333333333331,2026-09-01T18:00:00Z,1.65,9.0,1.44,274.1
13.583333333333329,80.41666666666663,2026-09-01T18:00:00Z,0.8,12.2,0.57,147.4
13.583333333333329,80.5,2026-09-01T18:00:00Z,0.95,12.1,0.74,149.7
13.583333333333329,80.58333333333331,2026-09-01T18:00:00Z,1.03,12.1,0.75,152.2
13.583333333333329,80.66666666666663,2026-09-01T18:00:00Z,1.08,12.6,0.81,153.9
13.583333333333329,80.75,2026-09-01T18:00:00Z,1.1,13.6,0.87,153.9
13.583333333333329,80.83333333333331,2026-09-01T18:00:00Z,1.11,14.7,0.92,155.1
13.583333333333329,80.91666666666663,2026-09-01T18:00:00Z,1.11,15.7,0.94,157.3
13.583333333333329,81.0,2026-09-01T18:00:00Z,1.12,16.1,0.96,159.8
13.666666666666657,73.0,2026-09-01T18:00:00Z,2.02,9.3,1.67,276.9
13.666666666666657,73.08333333333331,2026-09-01T18:00:00Z,2.02,9.2,1.68,277.3
13.666666666666657,73.16666666666666,2026-09-01T18:00:00Z,2.02,9.2,1.67,277.6
13.666666666666657,73.25,2026-09-01T18:00:00Z,2.01,9.2,1.66,277.6
13.666666666666657,73.33333333333331,2026-09-01T18:00:00Z,2.01,9.3,1.65,277.8
13.666666666666657,73.41666666666666,2026-09-01T18:00:00Z,1.99,9.3,1.65,277.7
13.666666666666657,73.5,2026-09-01T18:00:00Z,1.98,9.3,1.65,277.4
13.666666666666657,73.58333333333331,2026-09-01T18:00:00Z,1.97,9.2,1.64,277.2
13.666666666666657,73.66666666666666,2026-09-01T18:00:00Z,1.95,9.2,1.64,277.0
13.666666666666657,73.75,2026-09-01T18:00:00Z,1.94,9.2,1.63,277.0
13.666666666666657,73.83333333333331,2026-09-01T18:00:00Z,1.91,9.2,1.61,276.9
13.666666666666657,73.91666666666666,2026-09-01T18:00:00Z,1.89,9.1,1.6,276.7
13.666666666666657,74.0,2026-09-01T18:00:00Z,1.86,9.1,1.58,276.5
13.666666666666657,74.08333333333331,2026-09-01T18:00:00Z,1.84,9.1,1.57,276.3
13.666666666666657,74.16666666666666,2026-09-01T18:00:00Z,1.82,9.1,1.56,275.9
13.666666666666657,74.25,2026-09-01T18:00:00Z,1.8,9.1,1.55,275.9
13.666666666666657,74.33333333333331,2026-09-01T18:00:00Z,1.78,9.1,1.53,275.5
13.666666666666657,74.41666666666666,2026-09-01T18:00:00Z,1.75,9.1,1.52,275.1
13.666666666666657,74.5,2026-09-01T18:00:00Z,1.72,9.0,1.5,274.7
13.666666666666657,74.58333333333331,2026-09-01T18:00:00Z,1.64,9.0,1.44,272.8
13.666666666666657,74.66666666666666,2026-09-01T18:00:00Z,1.28,7.9,1.09,269.8
13.666666666666657,80.33333333333331,2026-09-01T18:00:00Z,0.6,12.2,0.39,147.0
13.666666666666657,80.41666666666663,2026-09-01T18:00:00Z,0.76,12.1,0.58,145.3
13.666666666666657,80.5,2026-09-01T18:00:00Z,0.95,12.0,0.77,150.0
13.666666666666657,80.58333333333331,2026-09-01T18:00:00Z,1.02,12.1,0.79,153.4
13.666666666666657,80.66666666666663,2026-09-01T18:00:00Z,1.07,12.5,0.8,155.1
13.666666666666657,80.75,2026-09-01T18:00:00Z,1.09,13.3,0.86,155.1
13.666666666666657,80.83333333333331,2026-09-01T18:00:00Z,1.1,14.5,0.92,156.6
13.666666666666657,80.91666666666663,2026-09-01T18:00:00Z,1.11,15.7,0.92,155.3
13.666666666666657,81.0,2026-09-01T18:00:00Z,1.11,16.1,0.98,160.8
13.75,73.0,2026-09-01T18:00:00Z,2.02,9.3,1.67,276.9
13.75,73.08333333333331,2026-09-01T18:00:00Z,2.02,9.3,1.68,277.3
13.75,73.16666666666666,2026-09-01T18:00:00Z,2.02,9.3,1.67,277.5
13.75,73.25,2026-09-01T18:00:00Z,2.02,9.3,1.66,277.5
13.75,73.33333333333331,2026-09-01T18:00:00Z,2.01,9.3,1.66,277.5
13.75,73.41666666666666,2026-09-01T18:00:00Z,2.0,9.3,1.65,277.1
13.75,73.5,2026-09-01T18:00:00Z,1.99,9.3,1.65,277.0
13.75,73.58333333333331,2026-09-01T18:00:00Z,1.97,9.2,1.65,276.8
13.75,73.66666666666666,2026-09-01T18:00:00Z,1.96,9.2,1.65,276.7
13.75,73.75,2026-09-01T18:00:00Z,1.94,9.2,1.64,276.7
13.75,73.83333333333331,2026-09-01T18:00:00Z,1.91,9.2,1.62,276.6
13.75,73.91666666666666,2026-09-01T18:00:00Z,1.88,9.1,1.6,276.5
13.75,74.0,2026-09-01T18:00:00Z,1.84,9.0,1.57,276.3
13.75,74.08333333333331,2026-09-01T18:00:00Z,1.82,9.0,1.57,275.8
13.75,74.16666666666666,2026-09-01T18:00:00Z,1.81,9.1,1.56,275.4
13.75,74.25,2026-09-01T18:00:00Z,1.8,9.1,1.55,275.4
13.75,74.33333333333331,2026-09-01T18:00:00Z,1.78,9.1,1.54,275.0
13.75,74.41666666666666,2026-09-01T18:00:00Z,1.75,9.1,1.52,274.5
13.75,74.5,2026-09-01T18:00:00Z,1.72,9.0,1.5,273.8
13.75,74.58333333333331,2026-09-01T18:00:00Z,1.62,9.1,1.43,272.3
13.75,74.66666666666666,2026-09-01T18:00:00Z,1.32,8.2,1.15,271.0
13.75,80.33333333333331,2026-09-01T18:00:00Z,0.59,12.0,0.42,142.8
13.75,80.41666666666663,2026-09-01T18:00:00Z,0.76,12.0,0.6,146.5
13.75,80.5,2026-09-01T18:00:00Z,0.94,12.0,0.77,151.0
13.75,80.58333333333331,2026-09-01T18:00:00Z,1.01,12.2,0.83,154.5
13.75,80.66666666666663,2026-09-01T18:00:00Z,1.06,12.6,0.81,157.0
13.75,80.75,2026-09-01T18:00:00Z,1.08,13.2,0.84,157.0
13.75,80.83333333333331,2026-09-01T18:00:00Z,1.09,14.2,0.89,155.8
13.75,80.91666666666663,2026-09-01T18:00:00Z,1.1,15.4,0.91,155.4
13.75,81.0,2026-09-01T18:00:00Z,1.11,16.1,0.97,159.5
13.833333333333329,73.0,2026-09-01T18:00:00Z,2.02,9.3,1.67,276.9
13.833333333333329,73.08333333333331,2026-09-01T18:00:00Z,2.03,9.2,1.68,277.3
13.833333333333329,73.16666666666666,2026-09-01T18:00:00Z,2.02,9.3,1.68,277.5
13.833333333333329,73.25,2026-09-01T18:00:00Z,2.02,9.3,1.67,277.5
13.833333333333329,73.33333333333331,2026-09-01T18:00:00Z,2.01,9.3,1.66,277.5
13.833333333333329,73.41666666666666,2026-09-01T18:00:00Z,2.0,9.3,1.66,277.1
13.833333333333329,73.5,2026-09-01T18:00:00Z,1.99,9.3,1.66,277.0
13.833333333333329,73.58333333333331,2026-09-01T18:00:00Z,1.97,9.2,1.66,276.8
13.833333333333329,73.66666666666666,2026-09-01T18:00:00Z,1.96,9.2,1.65,276.7
13.833333333333329,73.75,2026-09-01T18:00:00Z,1.94,9.2,1.65,276.7
13.833333333333329,73.83333333333331,2026-09-01T18:00:00Z,1.91,9.1,1.63,276.6
13.833333333333329,73.91666666666666,2026-09-01T18:00:00Z,1.88,9.1,1.6,276.5
13.833333333333329,74.0,2026-09-01T18:00:00Z,1.83,9.0,1.58,276.3
13.833333333333329,74.08333333333331,2026-09-01T18:00:00Z,1.82,9.0,1.57,275.8
13.833333333333329,74.16666666666666,2026-09-01T18:00:00Z,1.81,9.1,1.57,275.4
13.833333333333329,74.25,2026-09-01T18:00:00Z,1.8,9.1,1.56,275.4
13.833333333333329,74.33333333333331,2026-09-01T18:00:00Z,1.77,9.1,1.54,275.0
13.833333333333329,74.41666666666666,2026-09-01T18:00:00Z,1.74,9.0,1.52,274.5
13.833333333333329,74.5,2026-09-01T18:00:00Z,1.71,9.0,1.5,273.8
13.833333333333329,74.58333333333331,2026-09-01T18:00:00Z,1.63,9.0,1.44,272.3
13.833333333333329,80.25,2026-09-01T18:00:00Z,0.44,11.6,0.33,141.7
13.833333333333329,80.33333333333331,2026-09-01T18:00:00Z,0.59,11.7,0.47,142.8
13.833333333333329,80.41666666666663,2026-09-01T18:00:00Z,0.77,11.9,0.63,146.5
13.833333333333329,80.5,2026-09-01T18:00:00Z,0.92,12.1,0.77,151.0
13.833333333333329,80.58333333333331,2026-09-01T18:00:00Z,1.0,12.3,0.84,154.5
13.833333333333329,80.66666666666663,2026-09-01T18:00:00Z,1.04,12.7,0.84,157.0
13.833333333333329,80.75,2026-09-01T18:00:00Z,1.07,13.2,0.85,157.0
13.833333333333329,80.83333333333331,2026-09-01T18:00:00Z,1.08,14.0,0.88,155.8
13.833333333333329,80.91666666666663,2026-09-01T18:00:00Z,1.09,15.2,0.92,155.4
13.833333333333329,81.0,2026-09-01T18:00:00Z,1.1,16.1,0.97,159.5
13.916666666666657,73.0,2026-09-01T18:00:00Z,2.03,9.2,1.66,276.5
13.916666666666657,73.08333333333331,2026-09-01T18:00:00Z,2.03,9.2,1.67,277.0
13.916666666666657,73.16666666666666,2026-09-01T18:00:00Z,2.03,9.3,1.67,277.4
13.916666666666657,73.25,2026-09-01T18:00:00Z,2.02,9.3,1.67,277.4
13.916666666666657,73.33333333333331,2026-09-01T18:00:00Z,2.01,9.3,1.67,277.1
13.916666666666657,73.41666666666666,2026-09-01T18:00:00Z,2.0,9.3,1.66,276.7
13.916666666666657,73.5,2026-09-01T18:00:00Z,1.99,9.3,1.66,276.5
13.916666666666657,73.58333333333331,2026-09-01T18:00:00Z,1.97,9.2,1.66,276.4
13.916666666666657,73.66666666666666,2026-09-01T18:00:00Z,1.96,9.2,1.66,276.3
13.916666666666657,73.75,2026-09-01T18:00:00Z,1.95,9.2,1.65,276.3
13.916666666666657,73.83333333333331,2026-09-01T18:00:00Z,1.92,9.1,1.64,276.1
13.916666666666657,73.91666666666666,2026-09-01T18:00:00Z,1.88,9.1,1.62,275.9
13.916666666666657,74.0,2026-09-01T18:00:00Z,1.84,9.0,1.59,275.7
13.916666666666657,74.08333333333331,2026-09-01T18:00:00Z,1.82,9.0,1.58,275.3
13.916666666666657,74.16666666666666,2026-09-01T18:00:00Z,1.81,9.0,1.57,274.8
13.916666666666657,74.25,2026-09-01T18:00:00Z,1.79,9.1,1.56,274.8
13.916666666666657,74.33333333333331,2026-09-01T18:00:00Z,1.76,9.0,1.54,274.4
13.916666666666657,74.41666666666666,2026-09-01T18:00:00Z,1.73,9.0,1.51,273.8
13.916666666666657,74.5,2026-09-01T18:00:00Z,1.69,9.0,1.48,272.7
13.916666666666657,80.33333333333331,2026-09-01T18:00:00Z,0.6,11.3,0.5,141.0
13.916666666666657,80.41666666666663,2026-09-01T18:00:00Z,0.77,11.7,0.65,146.6
13.916666666666657,80.5,2026-09-01T18:00:00Z,0.92,12.1,0.78,152.1
13.916666666666657,80.58333333333331,2026-09-01T18:00:00Z,0.99,12.4,0.85,155.5
13.916666666666657,80.66666666666663,2026-09-01T18:00:00Z,1.03,12.8,0.87,155.2
13.916666666666657,80.75,2026-09-01T18:00:00Z,1.06,13.3,0.88,155.2
13.916666666666657,80.83333333333331,2026-09-01T18:00:00Z,1.07,14.0,0.9,155.2
13.916666666666657,80.91666666666663,2026-09-01T18:00:00Z,1.09,15.1,0.95,159.0
13.916666666666657,81.0,2026-09-01T18:00:00Z,1.1,16.1,0.99,162.0
14.0,73.0,2026-09-01T18:00:00Z,2.03,9.2,1.66,276.4
14.0,73.08333333333331,2026-09-01T18:00:00Z,2.03,9.2,1.66,276.9
14.0,73.16666666666666,2026-09-01T18:00:00Z,2.02,9.3,1.66,277.3
14.0,73.25,2026-09-01T18:00:00Z,2.02,9.3,1.67,277.3
14.0,73.33333333333331,2026-09-01T18:00:00Z,2.01,9.3,1.67,277.2
14.0,73.41666666666666,2026-09-01T18:00:00Z,2.0,9.3,1.67,276.7
14.0,73.5,2026-09-01T18:00:00Z,1.98,9.2,1.67,276.3
14.0,73.58333333333331,2026-09-01T18:00:00Z,1.97,9.2,1.66,276.2
14.0,73.66666666666666,2026-09-01T18:00:00Z,1.96,9.2,1.66,276.2
14.0,73.75,2026-09-01T18:00:00Z,1.94,9.2,1.65,276.2
14.0,73.83333333333331,2026-09-01T18:00:00Z,1.92,9.1,1.64,275.9
14.0,73.91666666666666,2026-09-01T18:00:00Z,1.89,9.1,1.62,275.5
14.0,74.0,2026-09-01T18:00:00Z,1.85,9.1,1.6,275.1
14.0,74.08333333333331,2026-09-01T18:00:00Z,1.82,9.0,1.58,274.8
14.0,74.16666666666666,2026-09-01T18:00:00Z,1.81,9.0,1.57,274.3
14.0,74.25,2026-09-01T18:00:00Z,1.78,9.0,1.55,274.3
14.0,74.33333333333331,2026-09-01T18:00:00Z,1.74,9.0,1.52,273.8
14.0,80.33333333333331,2026-09-01T18:00:00Z,0.65,11.4,0.55,142.6
14.0,80.41666666666663,2026-09-01T18:00:00Z,0.78,11.7,0.67,147.4
14.0,80.5,2026-09-01T18:00:00Z,0.9,12.0,0.78,152.5
14.0,80.58333333333331,2026-09-01T18:00:00Z,0.98,12.5,0.85,155.4
14.0,80.66666666666663,2026-09-01T18:00:00Z,1.02,12.9,0.86,154.9
14.0,80.75,2026-09-01T18:00:00Z,1.05,13.3,0.87,154.9
14.0,80.83333333333331,2026-09-01T18:00:00Z,1.07,13.8,0.89,155.8
14.0,80.91666666666663,2026-09-01T18:00:00Z,1.08,14.6,0.91,157.8
14.0,81.0,2026-09-01T18:00:00Z,1.1,16.1,0.98,162.4
14.083333333333329,73.0,2026-09-01T18:00:00Z,2.03,9.2,1.67,276.1
14.083333333333329,73.08333333333331,2026-09-01T18:00:00Z,2.03,9.2,1.66,276.8
14.083333333333329,73.16666666666666,2026-09-01T18:00:00Z,2.03,9.2,1.66,277.0
14.083333333333329,73.25,2026-09-01T18:00:00Z,2.02,9.2,1.67,277.0
14.083333333333329,73.33333333333331,2026-09-01T18:00:00Z,2.01,9.2,1.67,276.7
14.083333333333329,73.41666666666666,2026-09-01T18:00:00Z,1.99,9.2,1.67,276.4
14.083333333333329,73.5,2026-09-01T18:00:00Z,1.98,9.2,1.68,276.2
14.083333333333329,73.58333333333331,2026-09-01T18:00:00Z,1.96,9.2,1.66,276.4
14.083333333333329,73.66666666666666,2026-09-01T18:00:00Z,1.94,9.2,1.65,276.0
14.083333333333329,73.75,2026-09-01T18:00:00Z,1.93,9.2,1.64,276.0
14.083333333333329,73.83333333333331,2026-09-01T18:00:00Z,1.9,9.2,1.63,275.6
14.083333333333329,73.91666666666666,2026-09-01T18:00:00Z,1.88,9.1,1.62,275.1
14.083333333333329,74.0,2026-09-01T18:00:00Z,1.84,9.0,1.6,274.6
14.083333333333329,74.08333333333331,2026-09-01T18:00:00Z,1.82,9.1,1.59,274.1
14.083333333333329,74.16666666666666,2026-09-01T18:00:00Z,1.8,9.0,1.57,273.6
14.083333333333329,74.25,2026-09-01T18:00:00Z,1.77,9.0,1.55,273.6
14.083333333333329,74.33333333333331,2026-09-01T18:00:00Z,1.73,9.0,1.52,273.1
14.083333333333329,80.33333333333331,2026-09-01T18:00:00Z,0.66,11.6,0.56,143.1
14.083333333333329,80.41666666666663,2026-09-01T18:00:00Z,0.78,11.8,0.67,148.1
14.083333333333329,80.5,2026-09-01T18:00:00Z,0.9,12.1,0.78,153.3
14.083333333333329,80.58333333333331,2026-09-01T18:00:00Z,0.97,12.6,0.83,154.4
14.083333333333329,80.66666666666663,2026-09-01T18:00:00Z,1.02,13.0,0.86,155.4
14.083333333333329,80.75,2026-09-01T18:00:00Z,1.04,13.3,0.87,155.4
14.083333333333329,80.83333333333331,2026-09-01T18:00:00Z,1.06,14.0,0.9,156.6
14.083333333333329,80.91666666666663,2026-09-01T18:00:00Z,1.08,15.0,0.95,160.3
14.083333333333329,81.0,2026-09-01T18:00:00Z,1.09,16.1,1.0,162.8
14.166666666666657,73.0,2026-09-01T18:00:00Z,2.03,9.2,1.67,275.9
14.166666666666657,73.08333333333331,2026-09-01T18:00:00Z,2.03,9.2,1.67,276.3
14.166666666666657,73.16666666666666,2026-09-01T18:00:00Z,2.03,9.2,1.67,276.3
14.166666666666657,73.25,2026-09-01T18:00:00Z,2.02,9.2,1.67,276.3
14.166666666666657,73.33333333333331,2026-09-01T18:00:00Z,2.01,9.2,1.68,276.1
14.166666666666657,73.41666666666666,2026-09-01T18:00:00Z,1.99,9.2,1.67,275.8
14.166666666666657,73.5,2026-09-01T18:00:00Z,1.97,9.2,1.67,275.9
14.166666666666657,73.58333333333331,2026-09-01T18:00:00Z,1.95,9.2,1.66,276.0
14.166666666666657,73.66666666666666,2026-09-01T18:00:00Z,1.93,9.2,1.64,275.7
14.166666666666657,73.75,2026-09-01T18:00:00Z,1.91,9.2,1.63,275.7
14.166666666666657,73.83333333333331,2026-09-01T18:00:00Z,1.88,9.1,1.62,275.2
14.166666666666657,73.91666666666666,2026-09-01T18:00:00Z,1.86,9.1,1.61,274.6
14.166666666666657,74.0,2026-09-01T18:00:00Z,1.83,9.0,1.59,274.0
14.166666666666657,74.08333333333331,2026-09-01T18:00:00Z,1.82,9.0,1.58,273.4
14.166666666666657,74.16666666666666,2026-09-01T18:00:00Z,1.8,9.0,1.57,272.9
14.166666666666657,74.25,2026-09-01T18:00:00Z,1.76,9.0,1.54,272.9
14.166666666666657,74.33333333333331,2026-09-01T18:00:00Z,1.72,9.0,1.51,272.2
14.166666666666657,80.16666666666663,2026-09-01T18:00:00Z,0.42,11.2,0.33,141.7
14.166666666666657,80.25,2026-09-01T18:00:00Z,0.54,11.5,0.46,141.7
14.166666666666657,80.33333333333331,2026-09-01T18:00:00Z,0.65,11.6,0.56,144.3
14.166666666666657,80.41666666666663,2026-09-01T18:00:00Z,0.75,11.7,0.65,148.3
14.166666666666657,80.5,2026-09-01T18:00:00Z,0.88,12.0,0.77,152.3
14.166666666666657,80.58333333333331,2026-09-01T18:00:00Z,0.96,12.6,0.82,154.5
14.166666666666657,80.66666666666663,2026-09-01T18:00:00Z,1.01,13.0,0.85,156.0
14.166666666666657,80.75,2026-09-01T18:00:00Z,1.04,13.4,0.87,156.0
14.166666666666657,80.83333333333331,2026-09-01T18:00:00Z,1.06,13.9,0.91,158.3
14.166666666666657,80.91666666666663,2026-09-01T18:00:00Z,1.07,14.8,0.97,161.6
14.166666666666657,81.0,2026-09-01T18:00:00Z,1.09,16.0,0.98,163.0
14.25,73.0,2026-09-01T18:00:00Z,2.04,9.2,1.67,275.8
14.25,73.08333333333331,2026-09-01T18:00:00Z,2.04,9.2,1.68,275.9
14.25,73.16666666666666,2026-09-01T18:00:00Z,2.03,9.2,1.68,276.0
14.25,73.25,2026-09-01T18:00:00Z,2.02,9.2,1.68,276.0
14.25,73.33333333333331,2026-09-01T18:00:00Z,2.01,9.1,1.68,275.8
14.25,73.41666666666666,2026-09-01T18:00:00Z,1.98,9.1,1.67,275.6
14.25,73.5,2026-09-01T18:00:00Z,1.95,9.1,1.66,275.7
14.25,73.58333333333331,2026-09-01T18:00:00Z,1.92,9.1,1.64,275.6
14.25,73.66666666666666,2026-09-01T18:00:00Z,1.9,9.1,1.62,275.1
14.25,73.75,2026-09-01T18:00:00Z,1.88,9.1,1.61,275.1
14.25,73.83333333333331,2026-09-01T18:00:00Z,1.86,9.1,1.6,274.6
14.25,73.91666666666666,2026-09-01T18:00:00Z,1.84,9.1,1.59,274.1
14.25,74.0,2026-09-01T18:00:00Z,1.82,9.0,1.58,273.5
14.25,74.08333333333331,2026-09-01T18:00:00Z,1.81,9.1,1.57,272.8
14.25,74.16666666666666,2026-09-01T18:00:00Z,1.78,9.0,1.56,272.1
14.25,74.25,2026-09-01T18:00:00Z,1.75,9.0,1.53,272.1
14.25,74.33333333333331,2026-09-01T18:00:00Z,1.69,9.0,1.49,271.4
14.25,80.25,2026-09-01T18:00:00Z,0.52,11.4,0.42,141.7
14.25,80.33333333333331,2026-09-01T18:00:00Z,0.65,11.5,0.56,142.3
14.25,80.41666666666663,2026-09-01T18:00:00Z,0.74,11.7,0.65,148.3
14.25,80.5,2026-09-01T18:00:00Z,0.87,11.9,0.78,154.1
14.25,80.58333333333331,2026-09-01T18:00:00Z,0.95,12.6,0.83,155.1
14.25,80.66666666666663,2026-09-01T18:00:00Z,1.0,13.1,0.87,159.2
14.25,80.75,2026-09-01T18:00:00Z,1.03,13.4,0.91,159.2
14.25,80.83333333333331,2026-09-01T18:00:00Z,1.05,13.8,0.94,160.8
14.25,80.91666666666663,2026-09-01T18:00:00Z,1.07,14.5,0.97,162.2
14.25,81.0,2026-09-01T18:00:00Z,1.09,15.9,0.95,163.5
14.333333333333329,73.0,2026-09-01T18:00:00Z,2.04,9.1,1.68,275.8
14.333333333333329,73.08333333333331,2026-09-01T18:00:00Z,2.04,9.1,1.68,275.9
14.333333333333329,73.16666666666666,2026-09-01T18:00:00Z,2.04,9.1,1.69,276.0
14.333333333333329,73.25,2026-09-01T18:00:00Z,2.03,9.1,1.69,276.0
14.333333333333329,73.33333333333331,2026-09-01T18:00:00Z,2.01,9.1,1.68,275.8
14.333333333333329,73.41666666666666,2026-09-01T18:00:00Z,1.97,9.1,1.67,275.6
14.333333333333329,73.5,2026-09-01T18:00:00Z,1.93,9.1,1.64,275.7
14.333333333333329,73.58333333333331,2026-09-01T18:00:00Z,1.89,9.0,1.61,275.6
14.333333333333329,73.66666666666666,2026-09-01T18:00:00Z,1.87,9.0,1.6,275.1
14.333333333333329,73.75,2026-09-01T18:00:00Z,1.85,9.0,1.59,275.1
14.333333333333329,73.83333333333331,2026-09-01T18:00:00Z,1.83,9.0,1.58,274.6
14.333333333333329,73.91666666666666,2026-09-01T18:00:00Z,1.82,9.1,1.58,274.1
14.333333333333329,74.0,2026-09-01T18:00:00Z,1.81,9.1,1.57,273.5
14.333333333333329,74.08333333333331,2026-09-01T18:00:00Z,1.79,9.1,1.56,272.8
14.333333333333329,74.16666666666666,2026-09-01T18:00:00Z,1.77,9.1,1.54,272.1
14.333333333333329,74.25,2026-09-01T18:00:00Z,1.73,9.0,1.51,272.1
14.333333333333329,74.33333333333331,2026-09-01T18:00:00Z,1.66,9.0,1.46,271.4
14.333333333333329,80.25,2026-09-01T18:00:00Z,0.53,11.1,0.44,141.7
14.333333333333329,80.33333333333331,2026-09-01T18:00:00Z,0.67,11.3,0.59,142.3
14.333333333333329,80.41666666666663,2026-09-01T18:00:00Z,0.75,11.6,0.67,148.3
14.333333333333329,80.5,2026-09-01T18:00:00Z,0.88,12.0,0.8,154.1
14.333333333333329,80.58333333333331,2026-09-01T18:00:00Z,0.95,12.7,0.83,155.1
14.333333333333329,80.66666666666663,2026-09-01T18:00:00Z,1.0,13.1,0.89,159.2
14.333333333333329,80.75,2026-09-01T18:00:00Z,1.03,13.4,0.94,159.2
14.333333333333329,80.83333333333331,2026-09-01T18:00:00Z,1.05,13.7,0.96,160.8
14.333333333333329,80.91666666666663,2026-09-01T18:00:00Z,1.07,14.3,0.97,162.2
14.333333333333329,81.0,2026-09-01T18:00:00Z,1.09,15.7,0.93,163.5
14.416666666666657,73.0,2026-09-01T18:00:00Z,2.05,9.3,1.69,275.6
14.416666666666657,73.08333333333331,2026-09-01T18:00:00Z,2.04,9.1,1.69,275.7
14.416666666666657,73.16666666666666,2026-09-01T18:00:00Z,2.04,9.1,1.69,275.7
14.416666666666657,73.25,2026-09-01T18:00:00Z,2.03,9.1,1.69,275.7
14.416666666666657,73.33333333333331,2026-09-01T18:00:00Z,2.0,9.1,1.68,275.6
14.416666666666657,73.41666666666666,2026-09-01T18:00:00Z,1.96,9.1,1.65,275.5
14.416666666666657,73.5,2026-09-01T18:00:00Z,1.91,9.1,1.62,275.3
14.416666666666657,73.58333333333331,2026-09-01T18:00:00Z,1.87,9.0,1.59,274.6
14.416666666666657,73.66666666666666,2026-09-01T18:00:00Z,1.85,9.0,1.58,274.2
14.416666666666657,73.75,2026-09-01T18:00:00Z,1.82,9.0,1.57,274.2
14.416666666666657,73.83333333333331,2026-09-01T18:00:00Z,1.81,9.0,1.57,273.8
14.416666666666657,73.91666666666666,2026-09-01T18:00:00Z,1.81,9.0,1.57,273.3
14.416666666666657,74.0,2026-09-01T18:00:00Z,1.8,9.1,1.56,272.7
14.416666666666657,74.08333333333331,2026-09-01T18:00:00Z,1.78,9.1,1.55,272.0
14.416666666666657,74.16666666666666,2026-09-01T18:00:00Z,1.75,9.1,1.53,271.2
14.416666666666657,74.25,2026-09-01T18:00:00Z,1.71,9.0,1.5,271.2
14.416666666666657,74.33333333333331,2026-09-01T18:00:00Z,1.64,9.0,1.44,270.2
14.416666666666657,80.25,2026-09-01T18:00:00Z,0.55,10.7,0.52,139.1
14.416666666666657,80.33333333333331,2026-09-01T18:00:00Z,0.68,11.2,0.62,143.8
14.416666666666657,80.41666666666663,2026-09-01T18:00:00Z,0.77,11.6,0.71,148.7
14.416666666666657,80.5,2026-09-01T18:00:00Z,0.88,12.0,0.81,154.5
14.416666666666657,80.58333333333331,2026-09-01T18:00:00Z,0.95,12.8,0.84,155.6
14.416666666666657,80.66666666666663,2026-09-01T18:00:00Z,0.99,13.2,0.9,159.9
14.416666666666657,80.75,2026-09-01T18:00:00Z,1.03,13.5,0.94,159.9
14.416666666666657,80.83333333333331,2026-09-01T18:00:00Z,1.05,13.7,0.96,161.5
14.416666666666657,80.91666666666663,2026-09-01T18:00:00Z,1.07,14.2,0.97,162.7
14.416666666666657,81.0,2026-09-01T18:00:00Z,1.09,15.6,0.93,164.2
14.5,73.0,2026-09-01T18:00:00Z,2.05,9.9,1.7,275.4
14.5,73.08333333333331,2026-09-01T18:00:00Z,2.05,9.2,1.7,275.4
14.5,73.16666666666666,2026-09-01T18:00:00Z,2.04,9.1,1.7,275.4
14.5,73.25,2026-09-01T18:00:00Z,2.02,9.1,1.7,275.4
14.5,73.33333333333331,2026-09-01T18:00:00Z,1.99,9.1,1.68,275.1
14.5,73.41666666666666,2026-09-01T18:00:00Z,1.95,9.1,1.65,274.6
14.5,73.5,2026-09-01T18:00:00Z,1.92,9.1,1.62,273.8
14.5,73.58333333333331,2026-09-01T18:00:00Z,1.89,9.1,1.6,273.1
14.5,73.66666666666666,2026-09-01T18:00:00Z,1.86,9.1,1.59,272.8
14.5,73.75,2026-09-01T18:00:00Z,1.83,9.1,1.57,272.8
14.5,73.83333333333331,2026-09-01T18:00:00Z,1.81,9.1,1.57,272.7
14.5,73.91666666666666,2026-09-01T18:00:00Z,1.8,9.1,1.56,272.4
14.5,74.0,2026-09-01T18:00:00Z,1.79,9.1,1.55,271.9
14.5,74.08333333333331,2026-09-01T18:00:00Z,1.76,9.1,1.54,271.1
14.5,74.16666666666666,2026-09-01T18:00:00Z,1.73,9.1,1.51,269.9
14.5,74.25,2026-09-01T18:00:00Z,1.69,9.1,1.47,269.9
14.5,74.33333333333331,2026-09-01T18:00:00Z,1.64,9.1,1.43,268.0
14.5,80.25,2026-09-01T18:00:00Z,0.55,11.2,0.52,141.0
14.5,80.33333333333331,2026-09-01T18:00:00Z,0.68,11.4,0.63,144.9
14.5,80.41666666666663,2026-09-01T18:00:00Z,0.79,11.7,0.72,149.8
14.5,80.5,2026-09-01T18:00:00Z,0.87,12.1,0.79,153.6
14.5,80.58333333333331,2026-09-01T18:00:00Z,0.94,12.7,0.85,157.3
14.5,80.66666666666663,2026-09-01T18:00:00Z,0.99,13.1,0.91,160.6
14.5,80.75,2026-09-01T18:00:00Z,1.02,13.5,0.95,160.6
14.5,80.83333333333331,2026-09-01T18:00:00Z,1.05,13.8,0.96,162.0
14.5,80.91666666666663,2026-09-01T18:00:00Z,1.07,14.4,0.95,163.2
14.5,81.0,2026-09-01T18:00:00Z,1.09,15.4,0.91,164.9
14.583333333333329,73.0,2026-09-01T18:00:00Z,2.06,12.3,1.7,275.1
14.583333333333329,73.08333333333331,2026-09-01T18:00:00Z,2.05,9.6,1.7,275.2
14.583333333333329,73.16666666666666,2026-09-01T18:00:00Z,2.04,9.1,1.7,275.1
14.583333333333329,73.25,2026-09-01T18:00:00Z,2.02,9.1,1.7,275.1
14.583333333333329,73.33333333333331,2026-09-01T18:00:00Z,1.99,9.1,1.68,274.6
14.583333333333329,73.41666666666666,2026-09-01T18:00:00Z,1.95,9.1,1.65,272.9
14.583333333333329,73.5,2026-09-01T18:00:00Z,1.91,9.1,1.62,271.4
14.583333333333329,73.58333333333331,2026-09-01T18:00:00Z,1.88,9.1,1.6,271.0
14.583333333333329,73.66666666666666,2026-09-01T18:00:00Z,1.85,9.1,1.58,271.3
14.583333333333329,73.75,2026-09-01T18:00:00Z,1.82,9.1,1.56,271.3
14.583333333333329,73.83333333333331,2026-09-01T18:00:00Z,1.8,9.1,1.55,271.6
14.583333333333329,73.91666666666666,2026-09-01T18:00:00Z,1.78,9.1,1.55,271.4
14.583333333333329,74.0,2026-09-01T18:00:00Z,1.77,9.1,1.53,271.0
14.583333333333329,74.08333333333331,2026-09-01T18:00:00Z,1.74,9.1,1.51,270.0
14.583333333333329,74.16666666666666,2026-09-01T18:00:00Z,1.7,9.0,1.48,268.2
14.583333333333329,74.25,2026-09-01T18:00:00Z,1.62,9.0,1.43,268.2
14.583333333333329,74.33333333333331,2026-09-01T18:00:00Z,1.39,9.0,1.24,266.0
14.583333333333329,80.25,2026-09-01T18:00:00Z,0.46,11.3,0.42,142.0
14.583333333333329,80.33333333333331,2026-09-01T18:00:00Z,0.64,11.6,0.57,145.5
14.583333333333329,80.41666666666663,2026-09-01T18:00:00Z,0.8,11.7,0.73,150.1
14.583333333333329,80.5,2026-09-01T18:00:00Z,0.88,12.1,0.81,155.2
14.583333333333329,80.58333333333331,2026-09-01T18:00:00Z,0.94,12.7,0.82,156.8
14.583333333333329,80.66666666666663,2026-09-01T18:00:00Z,0.99,13.1,0.9,160.9
14.583333333333329,80.75,2026-09-01T18:00:00Z,1.02,13.4,0.95,160.9
14.583333333333329,80.83333333333331,2026-09-01T18:00:00Z,1.05,13.7,0.97,162.5
14.583333333333329,80.91666666666663,2026-09-01T18:00:00Z,1.07,14.2,0.98,163.8
14.583333333333329,81.0,2026-09-01T18:00:00Z,1.09,15.4,0.94,165.8
14.666666666666657,73.0,2026-09-01T18:00:00Z,2.06,14.7,1.71,274.8
14.666666666666657,73.08333333333331,2026-09-01T18:00:00Z,2.06,10.0,1.71,274.8
14.666666666666657,73.16666666666666,2026-09-01T18:00:00Z,2.04,9.0,1.7,275.0
14.666666666666657,73.25,2026-09-01T18:00:00Z,2.0,9.0,1.69,275.0
14.666666666666657,73.33333333333331,2026-09-01T18:00:00Z,1.95,9.0,1.65,275.0
14.666666666666657,73.41666666666666,2026-09-01T18:00:00Z,1.93,9.1,1.6,271.8
14.666666666666657,73.5,2026-09-01T18:00:00Z,1.9,9.1,1.57,268.6
14.666666666666657,73.58333333333331,2026-09-01T18:00:00Z,1.85,9.1,1.55,268.5
14.666666666666657,73.66666666666666,2026-09-01T18:00:00Z,1.82,9.1,1.54,269.7
14.666666666666657,73.75,2026-09-01T18:00:00Z,1.79,9.1,1.53,269.7
14.666666666666657,73.83333333333331,2026-09-01T18:00:00Z,1.77,9.1,1.53,270.4
14.666666666666657,73.91666666666666,2026-09-01T18:00:00Z,1.76,9.1,1.52,270.5
14.666666666666657,74.0,2026-09-01T18:00:00Z,1.73,9.0,1.5,270.1
14.666666666666657,74.08333333333331,2026-09-01T18:00:00Z,1.69,9.0,1.46,268.3
14.666666666666657,74.16666666666666,2026-09-01T18:00:00Z,1.63,8.9,1.4,265.4
14.666666666666657,80.25,2026-09-01T18:00:00Z,0.51,11.1,0.43,144.8
14.666666666666657,80.33333333333331,2026-09-01T18:00:00Z,0.66,11.4,0.58,147.0
14.666666666666657,80.41666666666663,2026-09-01T18:00:00Z,0.81,11.7,0.74,151.0
14.666666666666657,80.5,2026-09-01T18:00:00Z,0.89,12.1,0.81,153.9
14.666666666666657,80.58333333333331,2026-09-01T18:00:00Z,0.94,12.7,0.85,157.8
14.666666666666657,80.66666666666663,2026-09-01T18:00:00Z,0.98,13.1,0.91,161.0
14.666666666666657,80.75,2026-09-01T18:00:00Z,1.02,13.4,0.95,161.0
14.666666666666657,80.83333333333331,2026-09-01T18:00:00Z,1.04,13.7,0.97,162.8
14.666666666666657,80.91666666666663,2026-09-01T18:00:00Z,1.06,14.1,0.96,164.1
14.666666666666657,81.0,2026-09-01T18:00:00Z,1.09,15.1,0.93,165.6
14.75,73.0,2026-09-01T18:00:00Z,2.07,15.7,1.71,274.5
14.75,73.08333333333331,2026-09-01T18:00:00Z,2.06,10.2,1.71,274.4
14.75,73.16666666666666,2026-09-01T18:00:00Z,2.03,9.0,1.7,274.7
14.75,73.25,2026-09-01T18:00:00Z,1.98,9.0,1.69,274.7
14.75,73.33333333333331,2026-09-01T18:00:00Z,1.85,10.2,1.58,274.3
14.75,73.41666666666666,2026-09-01T18:00:00Z,1.66,12.6,1.38,273.9
14.75,73.5,2026-09-01T18:00:00Z,1.58,13.0,1.27,275.0
14.75,73.58333333333331,2026-09-01T18:00:00Z,1.63,12.6,1.23,253.4
14.75,73.66666666666666,2026-09-01T18:00:00Z,1.66,12.6,1.24,250.7
14.75,73.75,2026-09-01T18:00:00Z,1.68,12.7,1.26,250.7
14.75,73.83333333333331,2026-09-01T18:00:00Z,1.69,12.8,1.28,251.8
14.75,73.91666666666666,2026-09-01T18:00:00Z,1.68,12.9,1.29,253.4
14.75,74.0,2026-09-01T18:00:00Z,1.65,12.9,1.28,254.3
14.75,74.08333333333331,2026-09-01T18:00:00Z,1.55,10.6,1.28,264.2
14.75,74.16666666666666,2026-09-01T18:00:00Z,1.36,9.3,1.17,264.3
14.75,80.25,2026-09-01T18:00:00Z,0.57,11.0,0.48,142.9
14.75,80.33333333333331,2026-09-01T18:00:00Z,0.71,11.3,0.63,147.2
14.75,80.41666666666663,2026-09-01T18:00:00Z,0.83,11.7,0.75,151.1
14.75,80.5,2026-09-01T18:00:00Z,0.9,12.2,0.82,155.1
14.75,80.58333333333331,2026-09-01T18:00:00Z,0.95,12.7,0.87,158.7
14.75,80.66666666666663,2026-09-01T18:00:00Z,0.98,13.1,0.92,161.2
14.75,80.75,2026-09-01T18:00:00Z,1.01,13.4,0.95,161.2
14.75,80.83333333333331,2026-09-01T18:00:00Z,1.04,13.6,0.97,162.9
14.75,80.91666666666663,2026-09-01T18:00:00Z,1.06,14.0,0.95,164.3
14.75,81.0,2026-09-01T18:00:00Z,1.08,14.9,0.91,169.4
14.833333333333329,73.0,2026-09-01T18:00:00Z,2.07,14.3,1.71,274.5
14.833333333333329,73.08333333333331,2026-09-01T18:00:00Z,2.06,9.9,1.71,274.4
14.833333333333329,73.16666666666666,2026-09-01T18:00:00Z,2.02,9.0,1.7,274.7
14.833333333333329,73.25,2026-09-01T18:00:00Z,1.96,9.0,1.69,274.7
14.833333333333329,73.33333333333331,2026-09-01T18:00:00Z,1.78,10.6,1.56,274.3
14.833333333333329,73.41666666666666,2026-09-01T18:00:00Z,1.51,13.8,1.28,273.9
14.833333333333329,73.5,2026-09-01T18:00:00Z,1.37,14.2,1.07,275.0
14.833333333333329,73.58333333333331,2026-09-01T18:00:00Z,1.45,13.7,0.99,253.4
14.833333333333329,73.66666666666666,2026-09-01T18:00:00Z,1.55,13.7,1.06,250.7
14.833333333333329,73.75,2026-09-01T18:00:00Z,1.6,13.8,1.13,250.7
14.833333333333329,73.83333333333331,2026-09-01T18:00:00Z,1.62,14.2,1.17,251.8
14.833333333333329,73.91666666666666,2026-09-01T18:00:00Z,1.61,15.2,1.17,253.4
14.833333333333329,74.0,2026-09-01T18:00:00Z,1.56,16.0,1.16,254.3
14.833333333333329,74.08333333333331,2026-09-01T18:00:00Z,1.41,11.4,1.16,264.2
14.833333333333329,80.16666666666663,2026-09-01T18:00:00Z,0.46,10.9,0.38,142.9
14.833333333333329,80.25,2026-09-01T18:00:00Z,0.61,11.1,0.53,142.9
14.833333333333329,80.33333333333331,2026-09-01T18:00:00Z,0.75,11.3,0.67,147.2
14.833333333333329,80.41666666666663,2026-09-01T18:00:00Z,0.85,11.7,0.77,151.1
14.833333333333329,80.5,2026-09-01T18:00:00Z,0.91,12.2,0.84,155.1
14.833333333333329,80.58333333333331,2026-09-01T18:00:00Z,0.95,12.7,0.88,158.7
14.833333333333329,80.66666666666663,2026-09-01T18:00:00Z,0.98,13.0,0.92,161.2
14.833333333333329,80.75,2026-09-01T18:00:00Z,1.01,13.3,0.95,161.2
14.833333333333329,80.83333333333331,2026-09-01T18:00:00Z,1.04,13.6,0.96,162.9
14.833333333333329,80.91666666666663,2026-09-01T18:00:00Z,1.06,13.9,0.94,164.3
14.833333333333329,81.0,2026-09-01T18:00:00Z,1.08,14.6,0.9,169.4
14.916666666666657,73.0,2026-09-01T18:00:00Z,2.07,12.0,1.71,274.0
14.916666666666657,73.08333333333331,2026-09-01T18:00:00Z,2.05,9.5,1.72,274.1
14.916666666666657,73.16666666666666,2026-09-01T18:00:00Z,2.01,9.0,1.71,274.3
14.916666666666657,73.25,2026-09-01T18:00:00Z,1.94,9.0,1.68,274.3
14.916666666666657,73.33333333333331,2026-09-01T18:00:00Z,1.83,8.9,1.63,274.7
14.916666666666657,73.41666666666666,2026-09-01T18:00:00Z,1.71,8.9,1.52,275.8
14.916666666666657,73.5,2026-09-01T18:00:00Z,1.58,8.9,1.28,267.5
14.916666666666657,73.58333333333331,2026-09-01T18:00:00Z,1.56,8.8,1.16,269.5
14.916666666666657,73.66666666666666,2026-09-01T18:00:00Z,1.62,8.8,1.26,279.8
14.916666666666657,73.75,2026-09-01T18:00:00Z,1.65,8.7,1.34,279.8
14.916666666666657,73.83333333333331,2026-09-01T18:00:00Z,1.65,9.5,1.35,276.4
14.916666666666657,73.91666666666666,2026-09-01T18:00:00Z,1.61,11.5,1.32,274.8
14.916666666666657,74.0,2026-09-01T18:00:00Z,1.51,13.3,1.27,272.2
14.916666666666657,80.16666666666663,2026-09-01T18:00:00Z,0.54,11.0,0.47,144.6
14.916666666666657,80.25,2026-09-01T18:00:00Z,0.67,11.1,0.59,144.6
14.916666666666657,80.33333333333331,2026-09-01T18:00:00Z,0.78,11.3,0.69,148.0
14.916666666666657,80.41666666666663,2026-09-01T18:00:00Z,0.86,11.6,0.77,151.4
14.916666666666657,80.5,2026-09-01T18:00:00Z,0.92,12.2,0.84,154.8
14.916666666666657,80.58333333333331,2026-09-01T18:00:00Z,0.96,12.6,0.87,156.6
14.916666666666657,80.66666666666663,2026-09-01T18:00:00Z,0.98,13.0,0.92,161.1
14.916666666666657,80.75,2026-09-01T18:00:00Z,1.01,13.3,0.95,161.1
14.916666666666657,80.83333333333331,2026-09-01T18:00:00Z,1.04,13.5,0.95,162.9
14.916666666666657,80.91666666666663,2026-09-01T18:00:00Z,1.06,13.8,0.92,164.4
14.916666666666657,81.0,2026-09-01T18:00:00Z,1.09,14.2,0.92,166.0
15.0,73.0,2026-09-01T18:00:00Z,2.07,14.5,1.72,273.7
15.0,73.08333333333331,2026-09-01T18:00:00Z,2.05,9.9,1.72,273.7
15.0,73.16666666666666,2026-09-01T18:00:00Z,2.01,9.0,1.72,273.8
15.0,73.25,2026-09-01T18:00:00Z,1.96,8.9,1.71,273.8
15.0,73.33333333333331,2026-09-01T18:00:00Z,1.9,8.9,1.69,274.0
15.0,73.41666666666666,2026-09-01T18:00:00Z,1.82,8.8,1.65,274.3
15.0,73.5,2026-09-01T18:00:00Z,1.75,8.8,1.58,273.5
15.0,73.58333333333331,2026-09-01T18:00:00Z,1.72,8.8,1.28,259.2
15.0,73.66666666666666,2026-09-01T18:00:00Z,1.74,8.8,1.2,259.2
15.0,73.75,2026-09-01T18:00:00Z,1.74,8.7,1.17,259.2
15.0,73.83333333333331,2026-09-01T18:00:00Z,1.71,8.7,1.13,258.8
15.0,80.16666666666663,2026-09-01T18:00:00Z,0.6,11.0,0.54,146.1
15.0,80.25,2026-09-01T18:00:00Z,0.71,11.1,0.63,146.1
15.0,80.33333333333331,2026-09-01T18:00:00Z,0.81,11.3,0.72,149.1
15.0,80.41666666666663,2026-09-01T18:00:00Z,0.88,11.6,0.8,152.0
15.0,80.5,2026-09-01T18:00:00Z,0.93,12.1,0.86,155.0
15.0,80.58333333333331,2026-09-01T18:00:00Z,0.96,12.5,0.9,158.1
15.0,80.66666666666663,2026-09-01T18:00:00Z,0.99,12.9,0.93,160.7
15.0,80.75,2026-09-01T18:00:00Z,1.01,13.2,0.96,160.7
15.0,80.83333333333331,2026-09-01T18:00:00Z,1.04,13.4,0.96,162.8
15.0,80.91666666666663,2026-09-01T18:00:00Z,1.06,13.7,0.94,164.7
15.0,81.0,2026-09-01T18:00:00Z,1.09,14.2,0.98,166.3
15.083333333333329,73.0,2026-09-01T18:00:00Z,2.07,10.8,1.72,273.2
15.083333333333329,73.08333333333331,2026-09-01T18:00:00Z,2.05,9.3,1.72,273.4
15.083333333333329,73.16666666666666,2026-09-01T18:00:00Z,2.01,9.0,1.73,273.4
15.083333333333329,73.25,2026-09-01T18:00:00Z,1.97,8.9,1.72,273.4
15.083333333333329,73.33333333333331,2026-09-01T18:00:00Z,1.93,8.9,1.71,273.5
15.083333333333329,73.41666666666666,2026-09-01T18:00:00Z,1.87,8.9,1.69,273.6
15.083333333333329,73.5,2026-09-01T18:00:00Z,1.82,8.8,1.66,273.8
15.083333333333329,73.58333333333331,2026-09-01T18:00:00Z,1.79,8.8,1.59,274.1
15.083333333333329,73.66666666666666,2026-09-01T18:00:00Z,1.77,8.8,1.55,274.0
15.083333333333329,73.75,2026-09-01T18:00:00Z,1.75,8.8,1.43,274.0
15.083333333333329,73.83333333333331,2026-09-01T18:00:00Z,1.7,8.7,1.3,264.8
15.083333333333329,80.16666666666663,2026-09-01T18:00:00Z,0.61,11.3,0.56,147.2
15.083333333333329,80.25,2026-09-01T18:00:00Z,0.73,11.2,0.67,147.2
15.083333333333329,80.33333333333331,2026-09-01T18:00:00Z,0.81,11.3,0.74,150.1
15.083333333333329,80.41666666666663,2026-09-01T18:00:00Z,0.88,11.6,0.81,152.5
15.083333333333329,80.5,2026-09-01T18:00:00Z,0.94,12.0,0.87,154.7
15.083333333333329,80.58333333333331,2026-09-01T18:00:00Z,0.97,12.4,0.91,157.4
15.083333333333329,80.66666666666663,2026-09-01T18:00:00Z,1.0,12.8,0.94,160.2
15.083333333333329,80.75,2026-09-01T18:00:00Z,1.01,13.1,0.95,160.2
15.083333333333329,80.83333333333331,2026-09-01T18:00:00Z,1.04,13.3,0.95,162.6
15.083333333333329,80.91666666666663,2026-09-01T18:00:00Z,1.06,13.6,0.95,164.6
15.083333333333329,81.0,2026-09-01T18:00:00Z,1.08,13.9,1.04,166.6
15.166666666666657,73.0,2026-09-01T18:00:00Z,2.07,9.3,1.72,272.9
15.166666666666657,73.08333333333331,2026-09-01T18:00:00Z,2.05,9.0,1.73,273.0
15.166666666666657,73.16666666666666,2026-09-01T18:00:00Z,2.02,8.9,1.73,273.1
15.166666666666657,73.25,2026-09-01T18:00:00Z,1.98,8.9,1.73,273.1
15.166666666666657,73.33333333333331,2026-09-01T18:00:00Z,1.94,8.9,1.72,273.1
15.166666666666657,73.41666666666666,2026-09-01T18:00:00Z,1.9,8.9,1.71,273.0
15.166666666666657,73.5,2026-09-01T18:00:00Z,1.85,8.8,1.69,273.0
15.166666666666657,73.58333333333331,2026-09-01T18:00:00Z,1.82,8.8,1.67,273.0
15.166666666666657,73.66666666666666,2026-09-01T18:00:00Z,1.8,8.8,1.64,272.8
15.166666666666657,73.75,2026-09-01T18:00:00Z,1.77,8.8,1.57,272.8
15.166666666666657,73.83333333333331,2026-09-01T18:00:00Z,1.72,8.8,1.49,271.8
15.166666666666657,80.16666666666663,2026-09-01T18:00:00Z,0.6,11.6,0.55,147.8
15.166666666666657,80.25,2026-09-01T18:00:00Z,0.73,11.6,0.69,147.8
15.166666666666657,80.33333333333331,2026-09-01T18:00:00Z,0.82,11.6,0.76,150.6
15.166666666666657,80.41666666666663,2026-09-01T18:00:00Z,0.88,11.7,0.82,152.9
15.166666666666657,80.5,2026-09-01T18:00:00Z,0.94,12.0,0.87,155.0
15.166666666666657,80.58333333333331,2026-09-01T18:00:00Z,0.98,12.3,0.92,157.0
15.166666666666657,80.66666666666663,2026-09-01T18:00:00Z,1.0,12.7,0.94,159.6
15.166666666666657,80.75,2026-09-01T18:00:00Z,1.02,12.9,0.94,159.6
15.166666666666657,80.83333333333331,2026-09-01T18:00:00Z,1.04,13.2,0.94,162.3
15.166666666666657,80.91666666666663,2026-09-01T18:00:00Z,1.06,13.4,0.98,164.7
15.166666666666657,81.0,2026-09-01T18:00:00Z,1.09,13.7,1.04,166.7
15.25,73.0,2026-09-01T18:00:00Z,2.07,8.9,1.73,272.3
15.25,73.08333333333331,2026-09-01T18:00:00Z,2.04,8.9,1.73,272.8
15.25,73.16666666666666,2026-09-01T18:00:00Z,2.01,8.9,1.73,273.1
15.25,73.25,2026-09-01T18:00:00Z,1.98,8.9,1.73,273.1
15.25,73.33333333333331,2026-09-01T18:00:00Z,1.95,8.9,1.72,273.3
15.25,73.41666666666666,2026-09-01T18:00:00Z,1.91,8.9,1.71,272.7
15.25,73.5,2026-09-01T18:00:00Z,1.86,8.8,1.69,272.5
15.25,73.58333333333331,2026-09-01T18:00:00Z,1.83,8.8,1.67,272.2
15.25,73.66666666666666,2026-09-01T18:00:00Z,1.8,8.8,1.64,271.6
15.25,73.75,2026-09-01T18:00:00Z,1.77,8.8,1.6,271.6
15.25,73.83333333333331,2026-09-01T18:00:00Z,1.71,8.8,1.55,269.7
15.25,80.16666666666663,2026-09-01T18:00:00Z,0.54,11.5,0.51,145.1
15.25,80.25,2026-09-01T18:00:00Z,0.67,11.6,0.65,145.1
15.25,80.33333333333331,2026-09-01T18:00:00Z,0.79,11.7,0.75,148.1
15.25,80.41666666666663,2026-09-01T18:00:00Z,0.87,11.8,0.82,152.3
15.25,80.5,2026-09-01T18:00:00Z,0.93,12.0,0.87,155.4
15.25,80.58333333333331,2026-09-01T18:00:00Z,0.97,12.3,0.91,157.2
15.25,80.66666666666663,2026-09-01T18:00:00Z,1.0,12.5,0.95,159.6
15.25,80.75,2026-09-01T18:00:00Z,1.02,12.8,0.95,159.6
15.25,80.83333333333331,2026-09-01T18:00:00Z,1.04,13.0,0.97,162.2
15.25,80.91666666666663,2026-09-01T18:00:00Z,1.06,13.2,1.0,164.4
15.25,81.0,2026-09-01T18:00:00Z,1.09,13.5,1.04,166.4
15.333333333333329,73.0,2026-09-01T18:00:00Z,2.06,8.9,1.73,272.3
15.333333333333329,73.08333333333331,2026-09-01T18:00:00Z,2.03,8.9,1.72,272.8
15.333333333333329,73.16666666666666,2026-09-01T18:00:00Z,2.0,8.9,1.72,273.1
15.333333333333329,73.25,2026-09-01T18:00:00Z,1.98,8.9,1.72,273.1
15.333333333333329,73.33333333333331,2026-09-01T18:00:00Z,1.95,8.9,1.72,273.3
15.333333333333329,73.41666666666666,2026-09-01T18:00:00Z,1.91,8.9,1.71,272.7
15.333333333333329,73.5,2026-09-01T18:00:00Z,1.87,8.8,1.68,272.5
15.333333333333329,73.58333333333331,2026-09-01T18:00:00Z,1.83,8.8,1.66,272.2
15.333333333333329,73.66666666666666,2026-09-01T18:00:00Z,1.79,8.8,1.62,271.6
15.333333333333329,73.75,2026-09-01T18:00:00Z,1.71,8.8,1.55,271.6
15.333333333333329,73.83333333333331,2026-09-01T18:00:00Z,1.58,8.6,1.4,269.7
15.333333333333329,80.16666666666663,2026-09-01T18:00:00Z,0.48,10.6,0.46,145.1
15.333333333333329,80.25,2026-09-01T18:00:00Z,0.61,11.2,0.59,145.1
15.333333333333329,80.33333333333331,2026-09-01T18:00:00Z,0.75,11.6,0.73,148.1
15.333333333333329,80.41666666666663,2026-09-01T18:00:00Z,0.85,11.7,0.81,152.3
15.333333333333329,80.5,2026-09-01T18:00:00Z,0.9,11.9,0.85,155.4
15.333333333333329,80.58333333333331,2026-09-01T18:00:00Z,0.96,12.1,0.9,157.2
15.333333333333329,80.66666666666663,2026-09-01T18:00:00Z,1.0,12.3,0.94,159.6
15.333333333333329,80.75,2026-09-01T18:00:00Z,1.03,12.6,0.97,159.6
15.333333333333329,80.83333333333331,2026-09-01T18:00:00Z,1.05,12.8,0.99,162.2
15.333333333333329,80.91666666666663,2026-09-01T18:00:00Z,1.07,13.0,1.02,164.4
15.333333333333329,81.0,2026-09-01T18:00:00Z,1.09,13.2,1.04,166.4
15.416666666666657,73.0,2026-09-01T18:00:00Z,2.05,8.9,1.72,272.4
15.416666666666657,73.08333333333331,2026-09-01T18:00:00Z,2.0,8.9,1.71,272.8
15.416666666666657,73.16666666666666,2026-09-01T18:00:00Z,1.98,8.9,1.7,272.9
15.416666666666657,73.25,2026-09-01T18:00:00Z,1.96,8.9,1.71,272.9
15.416666666666657,73.33333333333331,2026-09-01T18:00:00Z,1.94,8.9,1.71,272.9
15.416666666666657,73.41666666666666,2026-09-01T18:00:00Z,1.91,8.8,1.7,272.4
15.416666666666657,73.5,2026-09-01T18:00:00Z,1.86,8.8,1.67,271.9
15.416666666666657,73.58333333333331,2026-09-01T18:00:00Z,1.81,8.7,1.63,271.3
15.416666666666657,73.66666666666666,2026-09-01T18:00:00Z,1.76,8.7,1.59,270.5
15.416666666666657,73.75,2026-09-01T18:00:00Z,1.63,8.8,1.48,270.5
15.416666666666657,80.25,2026-09-01T18:00:00Z,0.61,10.8,0.56,149.4
15.416666666666657,80.33333333333331,2026-09-01T18:00:00Z,0.76,11.5,0.72,151.4
15.416666666666657,80.41666666666663,2026-09-01T18:00:00Z,0.83,11.5,0.79,153.9
15.416666666666657,80.5,2026-09-01T18:00:00Z,0.87,11.7,0.83,155.6
15.416666666666657,80.58333333333331,2026-09-01T18:00:00Z,0.94,11.7,0.89,157.3
15.416666666666657,80.66666666666663,2026-09-01T18:00:00Z,1.0,12.0,0.94,159.4
15.416666666666657,80.75,2026-09-01T18:00:00Z,1.03,12.4,0.97,159.4
15.416666666666657,80.83333333333331,2026-09-01T18:00:00Z,1.06,12.6,0.99,161.7
15.416666666666657,80.91666666666663,2026-09-01T18:00:00Z,1.08,12.8,1.02,163.9
15.416666666666657,81.0,2026-09-01T18:00:00Z,1.1,13.0,1.04,165.8
15.5,73.0,2026-09-01T18:00:00Z,2.03,8.9,1.71,272.1
15.5,73.08333333333331,2026-09-01T18:00:00Z,1.99,8.9,1.7,272.3
15.5,73.16666666666666,2026-09-01T18:00:00Z,1.97,8.9,1.7,272.2
15.5,73.25,2026-09-01T18:00:00Z,1.96,8.9,1.7,272.2
15.5,73.33333333333331,2026-09-01T18:00:00Z,1.93,8.9,1.7,271.9
15.5,73.41666666666666,2026-09-01T18:00:00Z,1.9,8.8,1.68,271.6
15.5,73.5,2026-09-01T18:00:00Z,1.86,8.8,1.66,271.2
15.5,73.58333333333331,2026-09-01T18:00:00Z,1.8,8.7,1.62,270.3
15.5,73.66666666666666,2026-09-01T18:00:00Z,1.75,8.7,1.58,268.9
15.5,80.25,2026-09-01T18:00:00Z,0.61,11.6,0.52,145.6
15.5,80.33333333333331,2026-09-01T18:00:00Z,0.77,11.5,0.73,152.0
15.5,80.41666666666663,2026-09-01T18:00:00Z,0.83,11.5,0.78,154.0
15.5,80.5,2026-09-01T18:00:00Z,0.86,11.5,0.81,155.3
15.5,80.58333333333331,2026-09-01T18:00:00Z,0.94,11.7,0.89,157.4
15.5,80.66666666666663,2026-09-01T18:00:00Z,1.0,11.9,0.94,159.2
15.5,80.75,2026-09-01T18:00:00Z,1.04,12.2,0.94,159.2
15.5,80.83333333333331,2026-09-01T18:00:00Z,1.07,12.4,0.95,161.0
15.5,80.91666666666663,2026-09-01T18:00:00Z,1.09,12.5,1.01,163.4
15.5,81.0,2026-09-01T18:00:00Z,1.11,12.7,1.04,165.2
15.583333333333329,73.0,2026-09-01T18:00:00Z,2.03,8.8,1.71,271.6
15.583333333333329,73.08333333333331,2026-09-01T18:00:00Z,1.99,8.8,1.7,271.6
15.583333333333329,73.16666666666666,2026-09-01T18:00:00Z,1.97,8.9,1.7,271.4
15.583333333333329,73.25,2026-09-01T18:00:00Z,1.95,8.9,1.7,271.4
15.583333333333329,73.33333333333331,2026-09-01T18:00:00Z,1.92,8.9,1.69,271.1
15.583333333333329,73.41666666666666,2026-09-01T18:00:00Z,1.89,8.8,1.67,271.1
15.583333333333329,73.5,2026-09-01T18:00:00Z,1.84,8.8,1.64,270.3
15.583333333333329,73.58333333333331,2026-09-01T18:00:00Z,1.78,8.8,1.59,269.0
15.583333333333329,73.66666666666666,2026-09-01T18:00:00Z,1.72,8.8,1.55,266.7
15.583333333333329,80.25,2026-09-01T18:00:00Z,0.63,11.6,0.53,148.2
15.583333333333329,80.33333333333331,2026-09-01T18:00:00Z,0.74,11.6,0.68,150.9
15.583333333333329,80.41666666666663,2026-09-01T18:00:00Z,0.82,11.5,0.78,153.9
15.583333333333329,80.5,2026-09-01T18:00:00Z,0.88,11.5,0.83,155.6
15.583333333333329,80.58333333333331,2026-09-01T18:00:00Z,0.94,11.6,0.88,157.6
15.583333333333329,80.66666666666663,2026-09-01T18:00:00Z,0.98,11.9,0.9,159.5
15.583333333333329,80.75,2026-09-01T18:00:00Z,1.02,12.3,0.91,159.5
15.583333333333329,80.83333333333331,2026-09-01T18:00:00Z,1.07,12.6,0.95,161.1
15.583333333333329,80.91666666666663,2026-09-01T18:00:00Z,1.11,12.6,1.02,162.8
15.583333333333329,81.0,2026-09-01T18:00:00Z,1.12,12.4,1.04,164.6
15.666666666666657,73.0,2026-09-01T18:00:00Z,2.04,8.9,1.72,270.5
15.666666666666657,73.08333333333331,2026-09-01T18:00:00Z,2.0,8.9,1.71,270.4
15.666666666666657,73.16666666666666,2026-09-01T18:00:00Z,1.97,8.9,1.71,270.3
15.666666666666657,73.25,2026-09-01T18:00:00Z,1.94,8.9,1.7,270.3
15.666666666666657,73.33333333333331,2026-09-01T18:00:00Z,1.91,8.8,1.68,270.3
15.666666666666657,73.41666666666666,2026-09-01T18:00:00Z,1.87,8.8,1.65,269.8
15.666666666666657,73.5,2026-09-01T18:00:00Z,1.82,8.8,1.61,268.8
15.666666666666657,73.58333333333331,2026-09-01T18:00:00Z,1.76,8.8,1.56,266.8
15.666666666666657,73.66666666666666,2026-09-01T18:00:00Z,1.66,8.8,1.49,264.5
15.666666666666657,80.33333333333331,2026-09-01T18:00:00Z,0.67,11.6,0.6,149.2
15.666666666666657,80.41666666666663,2026-09-01T18:00:00Z,0.8,11.6,0.79,152.7
15.666666666666657,80.5,2026-09-01T18:00:00Z,0.85,11.5,0.83,154.9
15.666666666666657,80.58333333333331,2026-09-01T18:00:00Z,0.9,11.4,0.87,157.1
15.666666666666657,80.66666666666663,2026-09-01T18:00:00Z,0.91,11.3,0.86,158.9
15.666666666666657,80.75,2026-09-01T18:00:00Z,0.92,12.3,0.86,158.9
15.666666666666657,80.83333333333331,2026-09-01T18:00:00Z,0.97,14.0,0.91,161.6
15.666666666666657,80.91666666666663,2026-09-01T18:00:00Z,1.05,15.0,1.01,162.8
15.666666666666657,81.0,2026-09-01T18:00:00Z,1.12,13.1,1.05,164.8
15.75,73.0,2026-09-01T18:00:00Z,2.05,8.9,1.74,269.2
15.75,73.08333333333331,2026-09-01T18:00:00Z,2.01,8.9,1.73,269.3
15.75,73.16666666666666,2026-09-01T18:00:00Z,1.98,8.8,1.71,269.4
15.75,73.25,2026-09-01T18:00:00Z,1.94,8.8,1.69,269.4
15.75,73.33333333333331,2026-09-01T18:00:00Z,1.9,8.8,1.66,269.5
15.75,73.41666666666666,2026-09-01T18:00:00Z,1.85,8.8,1.62,268.8
15.75,73.5,2026-09-01T18:00:00Z,1.79,8.8,1.57,266.8
15.75,73.58333333333331,2026-09-01T18:00:00Z,1.71,8.8,1.51,264.0
15.75,73.66666666666666,2026-09-01T18:00:00Z,1.59,8.8,1.42,262.1
15.75,80.33333333333331,2026-09-01T18:00:00Z,0.55,9.4,0.48,157.7
15.75,80.41666666666663,2026-09-01T18:00:00Z,0.71,10.8,0.69,156.9
15.75,80.5,2026-09-01T18:00:00Z,0.81,11.6,0.78,157.6
15.75,80.58333333333331,2026-09-01T18:00:00Z,0.84,11.3,0.81,160.1
15.75,80.66666666666663,2026-09-01T18:00:00Z,0.83,11.0,0.76,161.6
15.75,80.75,2026-09-01T18:00:00Z,0.78,11.5,0.69,161.6
15.75,80.83333333333331,2026-09-01T18:00:00Z,0.74,12.4,0.67,164.7
15.833333333333329,73.0,2026-09-01T18:00:00Z,2.06,8.9,1.75,269.2
15.833333333333329,73.08333333333331,2026-09-01T18:00:00Z,2.02,8.8,1.73,269.3
15.833333333333329,73.16666666666666,2026-09-01T18:00:00Z,1.98,8.8,1.71,269.4
15.833333333333329,73.25,2026-09-01T18:00:00Z,1.93,8.8,1.68,269.4
15.833333333333329,73.33333333333331,2026-09-01T18:00:00Z,1.87,8.8,1.62,269.5
15.833333333333329,73.41666666666666,2026-09-01T18:00:00Z,1.78,9.2,1.53,268.8
15.833333333333329,73.5,2026-09-01T18:00:00Z,1.63,11.1,1.31,266.8
15.833333333333329,73.58333333333331,2026-09-01T18:00:00Z,1.53,11.5,1.22,264.0
15.833333333333329,80.66666666666663,2026-09-01T18:00:00Z,0.73,10.5,0.61,161.6
15.916666666666657,73.0,2026-09-01T18:00:00Z,2.04,8.9,1.75,268.0
15.916666666666657,73.08333333333331,2026-09-01T18:00:00Z,2.0,8.8,1.73,268.7
15.916666666666657,73.16666666666666,2026-09-01T18:00:00Z,1.96,8.8,1.7,269.0
15.916666666666657,73.25,2026-09-01T18:00:00Z,1.9,8.8,1.64,269.0
15.916666666666657,73.33333333333331,2026-09-01T18:00:00Z,1.82,8.8,1.57,269.1
15.916666666666657,73.41666666666666,2026-09-01T18:00:00Z,1.66,9.8,1.39,268.6
15.916666666666657,73.5,2026-09-01T18:00:00Z,1.36,14.7,0.92,211.2
16.0,73.0,2026-09-01T18:00:00Z,2.01,8.8,1.75,267.7
16.0,73.08333333333331,2026-09-01T18:00:00Z,1.98,8.8,1.73,268.2
16.0,73.16666666666666,2026-09-01T18:00:00Z,1.93,8.8,1.69,268.5
16.0,73.25,2026-09-01T18:00:00Z,1.85,8.8,1.62,268.5
16.0,73.33333333333331,2026-09-01T18:00:00Z,1.76,8.8,1.54,268.6
16.0,73.41666666666666,2026-09-01T18:00:00Z,1.62,8.8,1.44,268.1
16.0,73.5,2026-09-01T18:00:00Z,1.31,8.8,1.2,267.6
13.0,73.0,2026-09-01T21:00:00Z,1.93,15.8,1.51,280.4
13.0,73.08333333333331,2026-09-01T21:00:00Z,1.94,15.9,1.51,280.4
13.0,73.16666666666666,2026-09-01T21:00:00Z,1.94,16.0,1.51,280.4
13.0,73.25,2026-09-01T21:00:00Z,1.95,16.1,1.51,280.4
13.0,73.33333333333331,2026-09-01T21:00:00Z,1.95,16.1,1.51,280.3
13.0,73.41666666666666,2026-09-01T21:00:00Z,1.95,16.2,1.51,280.3
13.0,73.5,2026-09-01T21:00:00Z,1.95,16.2,1.51,280.2
13.0,73.58333333333331,2026-09-01T21:00:00Z,1.95,16.2,1.42,267.8
13.0,73.66666666666666,2026-09-01T21:00:00Z,1.95,16.3,1.08,204.5
13.0,73.75,2026-09-01T21:00:00Z,1.94,16.3,0.92,204.5
13.0,73.83333333333331,2026-09-01T21:00:00Z,1.94,16.3,0.93,204.8
13.0,73.91666666666666,2026-09-01T21:00:00Z,1.93,16.3,0.94,205.3
13.0,74.0,2026-09-01T21:00:00Z,1.93,16.2,0.95,205.5
13.0,74.08333333333331,2026-09-01T21:00:00Z,1.91,16.2,0.98,209.5
13.0,74.16666666666666,2026-09-01T21:00:00Z,1.89,16.1,1.32,278.5
13.0,74.25,2026-09-01T21:00:00Z,1.85,16.0,1.48,278.5
13.0,74.33333333333331,2026-09-01T21:00:00Z,1.81,13.7,1.47,278.2
13.0,74.41666666666666,2026-09-01T21:00:00Z,1.77,9.2,1.46,278.2
13.0,74.5,2026-09-01T21:00:00Z,1.74,9.1,1.45,278.1
13.0,74.58333333333331,2026-09-01T21:00:00Z,1.71,9.1,1.44,277.7
13.0,74.66666666666666,2026-09-01T21:00:00Z,1.66,9.1,1.42,276.8
13.0,74.75,2026-09-01T21:00:00Z,1.58,9.1,1.37,276.8
13.0,80.33333333333331,2026-09-01T21:00:00Z,0.82,12.1,0.6,142.8
13.0,80.41666666666663,2026-09-01T21:00:00Z,1.03,12.9,0.76,146.0
13.0,80.5,2026-09-01T21:00:00Z,1.14,13.3,0.79,148.0
13.0,80.58333333333331,2026-09-01T21:00:00Z,1.19,13.4,0.8,149.1
13.0,80.66666666666663,2026-09-01T21:00:00Z,1.22,13.5,0.8,149.6
13.0,80.75,2026-09-01T21:00:00Z,1.25,13.6,0.8,149.6
13.0,80.83333333333331,2026-09-01T21:00:00Z,1.28,13.8,0.79,150.1
13.0,80.91666666666663,2026-09-01T21:00:00Z,1.3,14.0,0.79,150.7
13.0,81.0,2026-09-01T21:00:00Z,1.32,14.2,0.78,151.6
13.083333333333329,73.0,2026-09-01T21:00:00Z,1.94,15.8,1.51,279.7
13.083333333333329,73.08333333333331,2026-09-01T21:00:00Z,1.95,15.9,1.51,279.7
13.083333333333329,73.16666666666666,2026-09-01T21:00:00Z,1.95,16.0,1.51,279.8
13.083333333333329,73.25,2026-09-01T21:00:00Z,1.96,16.1,1.51,279.8
13.083333333333329,73.33333333333331,2026-09-01T21:00:00Z,1.96,16.1,1.51,279.7
13.083333333333329,73.41666666666666,2026-09-01T21:00:00Z,1.96,16.2,1.46,279.8
13.083333333333329,73.5,2026-09-01T21:00:00Z,1.96,16.2,1.18,191.3
13.083333333333329,73.58333333333331,2026-09-01T21:00:00Z,1.95,16.3,1.37,263.3
13.083333333333329,73.66666666666666,2026-09-01T21:00:00Z,1.95,16.3,1.16,220.2
13.083333333333329,73.75,2026-09-01T21:00:00Z,1.94,16.3,0.97,220.2
13.083333333333329,73.83333333333331,2026-09-01T21:00:00Z,1.93,16.3,0.91,204.5
13.083333333333329,73.91666666666666,2026-09-01T21:00:00Z,1.92,16.2,0.98,205.0
13.083333333333329,74.0,2026-09-01T21:00:00Z,1.91,16.1,1.26,256.6
13.083333333333329,74.08333333333331,2026-09-01T21:00:00Z,1.89,16.1,1.39,278.2
13.083333333333329,74.16666666666666,2026-09-01T21:00:00Z,1.87,16.1,1.46,277.9
13.083333333333329,74.25,2026-09-01T21:00:00Z,1.83,16.2,1.48,277.9
13.083333333333329,74.33333333333331,2026-09-01T21:00:00Z,1.8,14.7,1.47,277.7
13.083333333333329,74.41666666666666,2026-09-01T21:00:00Z,1.76,11.2,1.46,277.6
13.083333333333329,74.5,2026-09-01T21:00:00Z,1.73,9.1,1.45,277.3
13.083333333333329,74.58333333333331,2026-09-01T21:00:00Z,1.7,9.1,1.43,276.9
13.083333333333329,74.66666666666666,2026-09-01T21:00:00Z,1.65,9.1,1.41,275.6
13.083333333333329,74.75,2026-09-01T21:00:00Z,1.61,9.1,1.38,275.6
13.083333333333329,80.33333333333331,2026-09-01T21:00:00Z,0.76,13.5,0.5,143.1
13.083333333333329,80.41666666666663,2026-09-01T21:00:00Z,1.06,13.4,0.76,146.5
13.083333333333329,80.5,2026-09-01T21:00:00Z,1.16,13.4,0.78,148.1
13.083333333333329,80.58333333333331,2026-09-01T21:00:00Z,1.2,13.4,0.81,149.5
13.083333333333329,80.66666666666663,2026-09-01T21:00:00Z,1.23,13.6,0.82,150.1
13.083333333333329,80.75,2026-09-01T21:00:00Z,1.26,13.7,0.82,150.1
13.083333333333329,80.83333333333331,2026-09-01T21:00:00Z,1.28,13.9,0.81,150.9
13.083333333333329,80.91666666666663,2026-09-01T21:00:00Z,1.29,14.1,0.8,151.4
13.083333333333329,81.0,2026-09-01T21:00:00Z,1.31,14.3,0.8,152.4
13.166666666666657,73.0,2026-09-01T21:00:00Z,1.95,15.8,1.52,279.1
13.166666666666657,73.08333333333331,2026-09-01T21:00:00Z,1.95,15.9,1.52,279.2
13.166666666666657,73.16666666666666,2026-09-01T21:00:00Z,1.96,16.0,1.52,279.2
13.166666666666657,73.25,2026-09-01T21:00:00Z,1.96,16.1,1.52,279.2
13.166666666666657,73.33333333333331,2026-09-01T21:00:00Z,1.96,16.2,1.52,279.3
13.166666666666657,73.41666666666666,2026-09-01T21:00:00Z,1.96,16.2,1.5,279.2
13.166666666666657,73.5,2026-09-01T21:00:00Z,1.96,16.3,1.39,279.2
13.166666666666657,73.58333333333331,2026-09-01T21:00:00Z,1.95,16.3,1.48,278.8
13.166666666666657,73.66666666666666,2026-09-01T21:00:00Z,1.95,16.3,1.2,220.2
13.166666666666657,73.75,2026-09-01T21:00:00Z,1.94,16.2,1.13,220.2
13.166666666666657,73.83333333333331,2026-09-01T21:00:00Z,1.92,16.2,1.25,260.5
13.166666666666657,73.91666666666666,2026-09-01T21:00:00Z,1.91,16.1,1.34,278.4
13.166666666666657,74.0,2026-09-01T21:00:00Z,1.9,16.1,1.45,278.1
13.166666666666657,74.08333333333331,2026-09-01T21:00:00Z,1.88,16.1,1.5,277.8
13.166666666666657,74.16666666666666,2026-09-01T21:00:00Z,1.85,16.2,1.49,277.6
13.166666666666657,74.25,2026-09-01T21:00:00Z,1.81,16.3,1.47,277.6
13.166666666666657,74.33333333333331,2026-09-01T21:00:00Z,1.78,15.0,1.45,277.5
13.166666666666657,74.41666666666666,2026-09-01T21:00:00Z,1.75,11.7,1.44,277.2
13.166666666666657,74.5,2026-09-01T21:00:00Z,1.72,9.0,1.43,276.8
13.166666666666657,74.58333333333331,2026-09-01T21:00:00Z,1.69,9.0,1.42,276.1
13.166666666666657,74.66666666666666,2026-09-01T21:00:00Z,1.63,9.1,1.38,274.7
13.166666666666657,74.75,2026-09-01T21:00:00Z,1.57,9.1,1.35,274.7
13.166666666666657,80.33333333333331,2026-09-01T21:00:00Z,0.71,14.0,0.44,140.9
13.166666666666657,80.41666666666663,2026-09-01T21:00:00Z,1.05,13.8,0.74,146.3
13.166666666666657,80.5,2026-09-01T21:00:00Z,1.16,13.5,0.77,149.2
13.166666666666657,80.58333333333331,2026-09-01T21:00:00Z,1.2,13.5,0.81,150.1
13.166666666666657,80.66666666666663,2026-09-01T21:00:00Z,1.23,13.7,0.84,151.2
13.166666666666657,80.75,2026-09-01T21:00:00Z,1.26,13.8,0.85,151.2
13.166666666666657,80.83333333333331,2026-09-01T21:00:00Z,1.27,14.0,0.84,151.9
13.166666666666657,80.91666666666663,2026-09-01T21:00:00Z,1.29,14.2,0.83,152.5
13.166666666666657,81.0,2026-09-01T21:00:00Z,1.3,14.4,0.84,153.6
13.25,73.0,2026-09-01T21:00:00Z,1.95,15.8,1.53,278.5
13.25,73.08333333333331,2026-09-01T21:00:00Z,1.96,15.9,1.53,278.5
13.25,73.16666666666666,2026-09-01T21:00:00Z,1.96,16.0,1.53,278.6
13.25,73.25,2026-09-01T21:00:00Z,1.96,16.1,1.52,278.6
13.25,73.33333333333331,2026-09-01T21:00:00Z,1.97,16.2,1.53,278.6
13.25,73.41666666666666,2026-09-01T21:00:00Z,1.97,16.2,1.51,278.5
13.25,73.5,2026-09-01T21:00:00Z,1.96,16.3,1.44,245.6
13.25,73.58333333333331,2026-09-01T21:00:00Z,1.96,16.3,1.4,221.1
13.25,73.66666666666666,2026-09-01T21:00:00Z,1.95,16.3,1.33,278.2
13.25,73.75,2026-09-01T21:00:00Z,1.93,16.2,1.37,278.2
13.25,73.83333333333331,2026-09-01T21:00:00Z,1.91,16.2,1.47,278.2
13.25,73.91666666666666,2026-09-01T21:00:00Z,1.89,16.1,1.53,278.3
13.25,74.0,2026-09-01T21:00:00Z,1.88,16.1,1.52,278.1
13.25,74.08333333333331,2026-09-01T21:00:00Z,1.86,16.2,1.51,277.7
13.25,74.16666666666666,2026-09-01T21:00:00Z,1.83,16.3,1.48,277.5
13.25,74.25,2026-09-01T21:00:00Z,1.79,16.0,1.46,277.5
13.25,74.33333333333331,2026-09-01T21:00:00Z,1.75,14.0,1.43,277.3
13.25,74.41666666666666,2026-09-01T21:00:00Z,1.72,10.3,1.42,277.0
13.25,74.5,2026-09-01T21:00:00Z,1.7,9.0,1.42,276.6
13.25,74.58333333333331,2026-09-01T21:00:00Z,1.66,9.0,1.39,276.0
13.25,74.66666666666666,2026-09-01T21:00:00Z,1.59,9.0,1.34,274.3
13.25,80.33333333333331,2026-09-01T21:00:00Z,0.72,13.7,0.43,143.5
13.25,80.41666666666663,2026-09-01T21:00:00Z,0.99,13.9,0.67,146.1
13.25,80.5,2026-09-01T21:00:00Z,1.15,13.8,0.76,149.3
13.25,80.58333333333331,2026-09-01T21:00:00Z,1.2,13.6,0.79,150.8
13.25,80.66666666666663,2026-09-01T21:00:00Z,1.23,13.7,0.83,151.7
13.25,80.75,2026-09-01T21:00:00Z,1.25,13.9,0.85,151.7
13.25,80.83333333333331,2026-09-01T21:00:00Z,1.27,14.1,0.86,152.4
13.25,80.91666666666663,2026-09-01T21:00:00Z,1.28,14.3,0.86,153.2
13.25,81.0,2026-09-01T21:00:00Z,1.29,14.5,0.87,154.2
13.333333333333329,73.0,2026-09-01T21:00:00Z,1.96,15.8,1.54,278.5
13.333333333333329,73.08333333333331,2026-09-01T21:00:00Z,1.96,15.9,1.54,278.5
13.333333333333329,73.16666666666666,2026-09-01T21:00:00Z,1.96,16.0,1.54,278.6
13.333333333333329,73.25,2026-09-01T21:00:00Z,1.97,16.1,1.54,278.6
13.333333333333329,73.33333333333331,2026-09-01T21:00:00Z,1.97,16.2,1.54,278.6
13.333333333333329,73.41666666666666,2026-09-01T21:00:00Z,1.97,16.2,1.52,278.5
13.333333333333329,73.5,2026-09-01T21:00:00Z,1.97,16.3,1.41,245.6
13.333333333333329,73.58333333333331,2026-09-01T21:00:00Z,1.96,16.3,1.36,221.1
13.333333333333329,73.66666666666666,2026-09-01T21:00:00Z,1.95,16.2,1.48,278.2
13.333333333333329,73.75,2026-09-01T21:00:00Z,1.93,16.2,1.54,278.2
13.333333333333329,73.83333333333331,2026-09-01T21:00:00Z,1.9,16.1,1.54,278.2
13.333333333333329,73.91666666666666,2026-09-01T21:00:00Z,1.88,16.1,1.53,278.3
13.333333333333329,74.0,2026-09-01T21:00:00Z,1.87,16.2,1.52,278.1
13.333333333333329,74.08333333333331,2026-09-01T21:00:00Z,1.85,14.6,1.51,277.7
13.333333333333329,74.16666666666666,2026-09-01T21:00:00Z,1.82,14.0,1.48,277.5
13.333333333333329,74.25,2026-09-01T21:00:00Z,1.77,13.5,1.45,277.5
13.333333333333329,74.33333333333331,2026-09-01T21:00:00Z,1.73,11.7,1.43,277.3
13.333333333333329,74.41666666666666,2026-09-01T21:00:00Z,1.7,8.9,1.42,277.0
13.333333333333329,74.5,2026-09-01T21:00:00Z,1.68,8.9,1.41,276.6
13.333333333333329,74.58333333333331,2026-09-01T21:00:00Z,1.63,8.9,1.37,276.0
13.333333333333329,74.66666666666666,2026-09-01T21:00:00Z,1.53,9.0,1.29,274.3
13.333333333333329,80.41666666666663,2026-09-01T21:00:00Z,0.93,13.1,0.59,146.1
13.333333333333329,80.5,2026-09-01T21:00:00Z,1.12,14.0,0.74,149.3
13.333333333333329,80.58333333333331,2026-09-01T21:00:00Z,1.18,13.4,0.74,150.8
13.333333333333329,80.66666666666663,2026-09-01T21:00:00Z,1.22,13.7,0.8,151.7
13.333333333333329,80.75,2026-09-01T21:00:00Z,1.25,14.0,0.84,151.7
13.333333333333329,80.83333333333331,2026-09-01T21:00:00Z,1.26,14.2,0.86,152.4
13.333333333333329,80.91666666666663,2026-09-01T21:00:00Z,1.27,14.4,0.87,153.2
13.333333333333329,81.0,2026-09-01T21:00:00Z,1.28,14.6,0.89,154.2
13.416666666666657,73.0,2026-09-01T21:00:00Z,1.97,15.8,1.55,277.7
13.416666666666657,73.08333333333331,2026-09-01T21:00:00Z,1.97,15.9,1.55,277.6
13.416666666666657,73.16666666666666,2026-09-01T21:00:00Z,1.97,16.0,1.55,277.9
13.416666666666657,73.25,2026-09-01T21:00:00Z,1.97,16.1,1.55,277.9
13.416666666666657,73.33333333333331,2026-09-01T21:00:00Z,1.98,16.2,1.55,277.9
13.416666666666657,73.41666666666666,2026-09-01T21:00:00Z,1.98,16.2,1.55,278.0
13.416666666666657,73.5,2026-09-01T21:00:00Z,1.97,16.3,1.55,277.9
13.416666666666657,73.58333333333331,2026-09-01T21:00:00Z,1.96,16.3,1.55,277.8
13.416666666666657,73.66666666666666,2026-09-01T21:00:00Z,1.95,16.2,1.56,277.7
13.416666666666657,73.75,2026-09-01T21:00:00Z,1.93,16.2,1.55,277.7
13.416666666666657,73.83333333333331,2026-09-01T21:00:00Z,1.9,16.1,1.55,277.9
13.416666666666657,73.91666666666666,2026-09-01T21:00:00Z,1.88,16.0,1.54,278.1
13.416666666666657,74.0,2026-09-01T21:00:00Z,1.87,15.2,1.53,277.7
13.416666666666657,74.08333333333331,2026-09-01T21:00:00Z,1.85,11.0,1.52,277.3
13.416666666666657,74.16666666666666,2026-09-01T21:00:00Z,1.82,9.4,1.5,277.1
13.416666666666657,74.25,2026-09-01T21:00:00Z,1.78,9.0,1.47,277.1
13.416666666666657,74.33333333333331,2026-09-01T21:00:00Z,1.74,9.0,1.45,276.9
13.416666666666657,74.41666666666666,2026-09-01T21:00:00Z,1.71,8.9,1.44,276.6
13.416666666666657,74.5,2026-09-01T21:00:00Z,1.68,8.9,1.42,276.2
13.416666666666657,74.58333333333331,2026-09-01T21:00:00Z,1.64,9.0,1.39,275.6
13.416666666666657,80.41666666666663,2026-09-01T21:00:00Z,0.89,12.1,0.53,146.9
13.416666666666657,80.5,2026-09-01T21:00:00Z,1.08,14.0,0.71,149.6
13.416666666666657,80.58333333333331,2026-09-01T21:00:00Z,1.14,12.6,0.68,151.5
13.416666666666657,80.66666666666663,2026-09-01T21:00:00Z,1.21,13.4,0.78,152.3
13.416666666666657,80.75,2026-09-01T21:00:00Z,1.24,14.1,0.84,152.3
13.416666666666657,80.83333333333331,2026-09-01T21:00:00Z,1.26,14.3,0.86,152.9
13.416666666666657,80.91666666666663,2026-09-01T21:00:00Z,1.26,14.5,0.87,153.7
13.416666666666657,81.0,2026-09-01T21:00:00Z,1.27,14.7,0.91,153.9
13.5,73.0,2026-09-01T21:00:00Z,1.98,15.9,1.56,276.9
13.5,73.08333333333331,2026-09-01T21:00:00Z,1.98,15.9,1.56,277.0
13.5,73.16666666666666,2026-09-01T21:00:00Z,1.98,16.0,1.56,277.3
13.5,73.25,2026-09-01T21:00:00Z,1.98,16.1,1.56,277.3
13.5,73.33333333333331,2026-09-01T21:00:00Z,1.98,16.2,1.56,277.6
13.5,73.41666666666666,2026-09-01T21:00:00Z,1.98,16.2,1.56,277.7
13.5,73.5,2026-09-01T21:00:00Z,1.98,16.3,1.56,277.5
13.5,73.58333333333331,2026-09-01T21:00:00Z,1.97,16.2,1.57,277.3
13.5,73.66666666666666,2026-09-01T21:00:00Z,1.95,16.2,1.57,277.3
13.5,73.75,2026-09-01T21:00:00Z,1.93,16.1,1.57,277.3
13.5,73.83333333333331,2026-09-01T21:00:00Z,1.91,16.1,1.56,277.5
13.5,73.91666666666666,2026-09-01T21:00:00Z,1.89,15.1,1.55,277.2
13.5,74.0,2026-09-01T21:00:00Z,1.87,10.1,1.54,276.9
13.5,74.08333333333331,2026-09-01T21:00:00Z,1.85,9.3,1.53,276.8
13.5,74.16666666666666,2026-09-01T21:00:00Z,1.82,9.1,1.51,276.6
13.5,74.25,2026-09-01T21:00:00Z,1.79,9.0,1.5,276.6
13.5,74.33333333333331,2026-09-01T21:00:00Z,1.76,9.0,1.48,276.4
13.5,74.41666666666666,2026-09-01T21:00:00Z,1.73,9.0,1.47,276.1
13.5,74.5,2026-09-01T21:00:00Z,1.7,9.0,1.45,275.6
13.5,74.58333333333331,2026-09-01T21:00:00Z,1.67,9.0,1.43,274.8
13.5,80.41666666666663,2026-09-01T21:00:00Z,0.87,13.7,0.5,146.9
13.5,80.5,2026-09-01T21:00:00Z,1.05,13.0,0.72,150.1
13.5,80.58333333333331,2026-09-01T21:00:00Z,1.12,12.3,0.68,152.0
13.5,80.66666666666663,2026-09-01T21:00:00Z,1.19,13.5,0.78,153.0
13.5,80.75,2026-09-01T21:00:00Z,1.23,14.3,0.84,153.0
13.5,80.83333333333331,2026-09-01T21:00:00Z,1.25,14.4,0.86,153.4
13.5,80.91666666666663,2026-09-01T21:00:00Z,1.25,14.6,0.88,153.9
13.5,81.0,2026-09-01T21:00:00Z,1.26,14.8,0.92,153.0
13.583333333333329,73.0,2026-09-01T21:00:00Z,1.98,15.9,1.57,277.0
13.583333333333329,73.08333333333331,2026-09-01T21:00:00Z,1.99,15.9,1.57,277.2
13.583333333333329,73.16666666666666,2026-09-01T21:00:00Z,1.99,16.0,1.57,277.4
13.583333333333329,73.25,2026-09-01T21:00:00Z,1.99,16.1,1.57,277.4
13.583333333333329,73.33333333333331,2026-09-01T21:00:00Z,1.99,16.2,1.57,277.3
13.583333333333329,73.41666666666666,2026-09-01T21:00:00Z,1.98,16.2,1.57,277.1
13.583333333333329,73.5,2026-09-01T21:00:00Z,1.98,16.2,1.58,276.9
13.583333333333329,73.58333333333331,2026-09-01T21:00:00Z,1.97,16.2,1.58,276.8
13.583333333333329,73.66666666666666,2026-09-01T21:00:00Z,1.95,16.2,1.58,277.0
13.583333333333329,73.75,2026-09-01T21:00:00Z,1.93,16.1,1.57,277.0
13.583333333333329,73.83333333333331,2026-09-01T21:00:00Z,1.91,15.2,1.57,277.1
13.583333333333329,73.91666666666666,2026-09-01T21:00:00Z,1.9,12.7,1.56,276.6
13.583333333333329,74.0,2026-09-01T21:00:00Z,1.88,9.3,1.56,276.3
13.583333333333329,74.08333333333331,2026-09-01T21:00:00Z,1.86,9.1,1.54,276.2
13.583333333333329,74.16666666666666,2026-09-01T21:00:00Z,1.83,9.1,1.53,276.1
13.583333333333329,74.25,2026-09-01T21:00:00Z,1.8,9.1,1.51,276.1
13.583333333333329,74.33333333333331,2026-09-01T21:00:00Z,1.78,9.1,1.5,275.8
13.583333333333329,74.41666666666666,2026-09-01T21:00:00Z,1.75,9.1,1.49,275.5
13.583333333333329,74.5,2026-09-01T21:00:00Z,1.71,9.0,1.47,275.0
13.583333333333329,74.58333333333331,2026-09-01T21:00:00Z,1.66,9.0,1.42,273.8
13.583333333333329,80.41666666666663,2026-09-01T21:00:00Z,0.87,13.3,0.54,146.9
13.583333333333329,80.5,2026-09-01T21:00:00Z,1.02,12.8,0.65,150.4
13.583333333333329,80.58333333333331,2026-09-01T21:00:00Z,1.1,13.2,0.71,152.5
13.583333333333329,80.66666666666663,2026-09-01T21:00:00Z,1.17,13.9,0.79,153.2
13.583333333333329,80.75,2026-09-01T21:00:00Z,1.22,14.4,0.84,153.2
13.583333333333329,80.83333333333331,2026-09-01T21:00:00Z,1.24,14.6,0.86,153.7
13.583333333333329,80.91666666666663,2026-09-01T21:00:00Z,1.25,14.7,0.87,154.4
13.583333333333329,81.0,2026-09-01T21:00:00Z,1.25,14.9,0.89,155.3
13.666666666666657,73.0,2026-09-01T21:00:00Z,1.99,15.9,1.58,277.0
13.666666666666657,73.08333333333331,2026-09-01T21:00:00Z,1.99,15.9,1.58,277.2
13.666666666666657,73.16666666666666,2026-09-01T21:00:00Z,1.99,16.0,1.57,277.1
13.666666666666657,73.25,2026-09-01T21:00:00Z,1.99,16.1,1.57,277.1
13.666666666666657,73.33333333333331,2026-09-01T21:00:00Z,1.99,16.2,1.58,276.9
13.666666666666657,73.41666666666666,2026-09-01T21:00:00Z,1.98,16.2,1.58,276.7
13.666666666666657,73.5,2026-09-01T21:00:00Z,1.98,16.2,1.59,276.5
13.666666666666657,73.58333333333331,2026-09-01T21:00:00Z,1.96,16.2,1.58,276.4
13.666666666666657,73.66666666666666,2026-09-01T21:00:00Z,1.95,16.2,1.58,276.8
13.666666666666657,73.75,2026-09-01T21:00:00Z,1.93,15.9,1.58,276.8
13.666666666666657,73.83333333333331,2026-09-01T21:00:00Z,1.91,13.9,1.57,276.9
13.666666666666657,73.91666666666666,2026-09-01T21:00:00Z,1.89,10.1,1.57,276.6
13.666666666666657,74.0,2026-09-01T21:00:00Z,1.86,9.1,1.55,276.4
13.666666666666657,74.08333333333331,2026-09-01T21:00:00Z,1.85,9.1,1.55,276.1
13.666666666666657,74.16666666666666,2026-09-01T21:00:00Z,1.83,9.1,1.53,275.7
13.666666666666657,74.25,2026-09-01T21:00:00Z,1.81,9.1,1.52,275.7
13.666666666666657,74.33333333333331,2026-09-01T21:00:00Z,1.79,9.1,1.51,275.4
13.666666666666657,74.41666666666666,2026-09-01T21:00:00Z,1.76,9.1,1.5,275.0
13.666666666666657,74.5,2026-09-01T21:00:00Z,1.72,9.1,1.48,274.5
13.666666666666657,74.58333333333331,2026-09-01T21:00:00Z,1.65,9.1,1.41,272.6
13.666666666666657,74.66666666666666,2026-09-01T21:00:00Z,1.29,8.0,1.07,269.7
13.666666666666657,80.33333333333331,2026-09-01T21:00:00Z,0.67,13.2,0.32,143.0
13.666666666666657,80.41666666666663,2026-09-01T21:00:00Z,0.83,13.3,0.5,146.1
13.666666666666657,80.5,2026-09-01T21:00:00Z,1.01,12.5,0.66,150.1
13.666666666666657,80.58333333333331,2026-09-01T21:00:00Z,1.1,13.7,0.76,153.1
13.666666666666657,80.66666666666663,2026-09-01T21:00:00Z,1.16,14.2,0.81,153.8
13.666666666666657,80.75,2026-09-01T21:00:00Z,1.2,14.5,0.84,153.8
13.666666666666657,80.83333333333331,2026-09-01T21:00:00Z,1.22,14.7,0.86,154.5
13.666666666666657,80.91666666666663,2026-09-01T21:00:00Z,1.23,14.9,0.87,154.9
13.666666666666657,81.0,2026-09-01T21:00:00Z,1.24,15.1,0.88,155.8
13.75,73.0,2026-09-01T21:00:00Z,1.99,15.9,1.58,276.7
13.75,73.08333333333331,2026-09-01T21:00:00Z,1.99,16.0,1.58,276.6
13.75,73.16666666666666,2026-09-01T21:00:00Z,1.99,16.0,1.58,276.5
13.75,73.25,2026-09-01T21:00:00Z,1.99,16.1,1.58,276.5
13.75,73.33333333333331,2026-09-01T21:00:00Z,1.98,16.2,1.59,276.4
13.75,73.41666666666666,2026-09-01T21:00:00Z,1.98,16.2,1.59,276.3
13.75,73.5,2026-09-01T21:00:00Z,1.97,16.2,1.6,276.4
13.75,73.58333333333331,2026-09-01T21:00:00Z,1.96,16.2,1.59,276.4
13.75,73.66666666666666,2026-09-01T21:00:00Z,1.94,16.2,1.59,276.7
13.75,73.75,2026-09-01T21:00:00Z,1.93,14.8,1.58,276.7
13.75,73.83333333333331,2026-09-01T21:00:00Z,1.9,12.0,1.57,276.8
13.75,73.91666666666666,2026-09-01T21:00:00Z,1.87,9.1,1.56,276.6
13.75,74.0,2026-09-01T21:00:00Z,1.84,9.1,1.54,276.3
13.75,74.08333333333331,2026-09-01T21:00:00Z,1.82,9.1,1.54,275.9
13.75,74.16666666666666,2026-09-01T21:00:00Z,1.82,9.1,1.53,275.4
13.75,74.25,2026-09-01T21:00:00Z,1.8,9.1,1.53,275.4
13.75,74.33333333333331,2026-09-01T21:00:00Z,1.78,9.1,1.52,274.9
13.75,74.41666666666666,2026-09-01T21:00:00Z,1.75,9.1,1.5,274.4
13.75,74.5,2026-09-01T21:00:00Z,1.72,9.1,1.48,273.7
13.75,74.58333333333331,2026-09-01T21:00:00Z,1.63,9.1,1.41,272.2
13.75,74.66666666666666,2026-09-01T21:00:00Z,1.32,8.3,1.13,270.9
13.75,80.33333333333331,2026-09-01T21:00:00Z,0.65,12.6,0.36,143.1
13.75,80.41666666666663,2026-09-01T21:00:00Z,0.82,12.8,0.5,146.3
13.75,80.5,2026-09-01T21:00:00Z,1.0,12.4,0.63,151.2
13.75,80.58333333333331,2026-09-01T21:00:00Z,1.09,13.7,0.76,153.1
13.75,80.66666666666663,2026-09-01T21:00:00Z,1.15,14.3,0.82,154.4
13.75,80.75,2026-09-01T21:00:00Z,1.18,14.6,0.85,154.4
13.75,80.83333333333331,2026-09-01T21:00:00Z,1.21,14.8,0.86,155.2
13.75,80.91666666666663,2026-09-01T21:00:00Z,1.22,15.0,0.87,155.9
13.75,81.0,2026-09-01T21:00:00Z,1.22,15.2,0.89,156.8
13.833333333333329,73.0,2026-09-01T21:00:00Z,1.99,15.9,1.58,276.7
13.833333333333329,73.08333333333331,2026-09-01T21:00:00Z,1.99,16.0,1.58,276.6
13.833333333333329,73.16666666666666,2026-09-01T21:00:00Z,1.99,16.0,1.59,276.5
13.833333333333329,73.25,2026-09-01T21:00:00Z,1.99,16.1,1.59,276.5
13.833333333333329,73.33333333333331,2026-09-01T21:00:00Z,1.99,16.2,1.6,276.4
13.833333333333329,73.41666666666666,2026-09-01T21:00:00Z,1.98,16.2,1.6,276.3
13.833333333333329,73.5,2026-09-01T21:00:00Z,1.97,16.2,1.6,276.4
13.833333333333329,73.58333333333331,2026-09-01T21:00:00Z,1.95,14.7,1.6,276.4
13.833333333333329,73.66666666666666,2026-09-01T21:00:00Z,1.94,14.0,1.59,276.7
13.833333333333329,73.75,2026-09-01T21:00:00Z,1.92,12.3,1.58,276.7
13.833333333333329,73.83333333333331,2026-09-01T21:00:00Z,1.9,10.2,1.57,276.8
13.833333333333329,73.91666666666666,2026-09-01T21:00:00Z,1.86,9.1,1.55,276.6
13.833333333333329,74.0,2026-09-01T21:00:00Z,1.82,9.1,1.53,276.3
13.833333333333329,74.08333333333331,2026-09-01T21:00:00Z,1.81,9.1,1.53,275.9
13.833333333333329,74.16666666666666,2026-09-01T21:00:00Z,1.8,9.1,1.53,275.4
13.833333333333329,74.25,2026-09-01T21:00:00Z,1.79,9.1,1.53,275.4
13.833333333333329,74.33333333333331,2026-09-01T21:00:00Z,1.77,9.1,1.51,274.9
13.833333333333329,74.41666666666666,2026-09-01T21:00:00Z,1.75,9.1,1.5,274.4
13.833333333333329,74.5,2026-09-01T21:00:00Z,1.71,9.1,1.47,273.7
13.833333333333329,74.58333333333331,2026-09-01T21:00:00Z,1.63,9.1,1.42,272.2
13.833333333333329,80.25,2026-09-01T21:00:00Z,0.49,11.7,0.34,145.3
13.833333333333329,80.33333333333331,2026-09-01T21:00:00Z,0.65,11.9,0.43,143.1
13.833333333333329,80.41666666666663,2026-09-01T21:00:00Z,0.83,12.2,0.55,146.3
13.833333333333329,80.5,2026-09-01T21:00:00Z,0.98,12.8,0.64,151.2
13.833333333333329,80.58333333333331,2026-09-01T21:00:00Z,1.07,13.7,0.75,153.1
13.833333333333329,80.66666666666663,2026-09-01T21:00:00Z,1.13,14.4,0.82,154.4
13.833333333333329,80.75,2026-09-01T21:00:00Z,1.16,14.7,0.85,154.4
13.833333333333329,80.83333333333331,2026-09-01T21:00:00Z,1.18,15.0,0.87,155.2
13.833333333333329,80.91666666666663,2026-09-01T21:00:00Z,1.19,15.2,0.88,155.9
13.833333333333329,81.0,2026-09-01T21:00:00Z,1.2,15.4,0.91,156.8
13.916666666666657,73.0,2026-09-01T21:00:00Z,1.99,15.9,1.58,276.5
13.916666666666657,73.08333333333331,2026-09-01T21:00:00Z,1.99,16.0,1.58,276.8
13.916666666666657,73.16666666666666,2026-09-01T21:00:00Z,1.99,16.0,1.59,276.4
13.916666666666657,73.25,2026-09-01T21:00:00Z,1.99,16.1,1.59,276.4
13.916666666666657,73.33333333333331,2026-09-01T21:00:00Z,1.99,16.1,1.6,276.3
13.916666666666657,73.41666666666666,2026-09-01T21:00:00Z,1.98,16.1,1.61,276.2
13.916666666666657,73.5,2026-09-01T21:00:00Z,1.96,15.7,1.61,276.1
13.916666666666657,73.58333333333331,2026-09-01T21:00:00Z,1.95,11.6,1.6,276.3
13.916666666666657,73.66666666666666,2026-09-01T21:00:00Z,1.93,9.7,1.6,276.3
13.916666666666657,73.75,2026-09-01T21:00:00Z,1.92,9.2,1.59,276.3
13.916666666666657,73.83333333333331,2026-09-01T21:00:00Z,1.89,9.2,1.58,276.2
13.916666666666657,73.91666666666666,2026-09-01T21:00:00Z,1.86,9.2,1.56,276.0
13.916666666666657,74.0,2026-09-01T21:00:00Z,1.82,9.1,1.54,275.7
13.916666666666657,74.08333333333331,2026-09-01T21:00:00Z,1.81,9.1,1.54,275.3
13.916666666666657,74.16666666666666,2026-09-01T21:00:00Z,1.8,9.1,1.53,274.9
13.916666666666657,74.25,2026-09-01T21:00:00Z,1.78,9.1,1.52,274.9
13.916666666666657,74.33333333333331,2026-09-01T21:00:00Z,1.76,9.1,1.51,274.3
13.916666666666657,74.41666666666666,2026-09-01T21:00:00Z,1.73,9.1,1.48,273.7
13.916666666666657,74.5,2026-09-01T21:00:00Z,1.69,9.1,1.46,272.6
13.916666666666657,80.33333333333331,2026-09-01T21:00:00Z,0.64,11.3,0.47,140.3
13.916666666666657,80.41666666666663,2026-09-01T21:00:00Z,0.82,12.0,0.62,146.0
13.916666666666657,80.5,2026-09-01T21:00:00Z,0.96,13.4,0.73,151.2
13.916666666666657,80.58333333333331,2026-09-01T21:00:00Z,1.05,14.1,0.8,154.1
13.916666666666657,80.66666666666663,2026-09-01T21:00:00Z,1.1,14.6,0.84,155.6
13.916666666666657,80.75,2026-09-01T21:00:00Z,1.14,14.8,0.86,155.6
13.916666666666657,80.83333333333331,2026-09-01T21:00:00Z,1.16,15.1,0.89,156.0
13.916666666666657,80.91666666666663,2026-09-01T21:00:00Z,1.17,15.3,0.91,156.9
13.916666666666657,81.0,2026-09-01T21:00:00Z,1.16,15.5,0.94,158.8
14.0,73.0,2026-09-01T21:00:00Z,1.99,15.9,1.58,276.1
14.0,73.08333333333331,2026-09-01T21:00:00Z,1.99,16.0,1.58,276.2
14.0,73.16666666666666,2026-09-01T21:00:00Z,1.99,16.0,1.58,276.1
14.0,73.25,2026-09-01T21:00:00Z,1.99,16.1,1.59,276.1
14.0,73.33333333333331,2026-09-01T21:00:00Z,1.98,16.1,1.6,276.1
14.0,73.41666666666666,2026-09-01T21:00:00Z,1.97,15.7,1.6,276.0
14.0,73.5,2026-09-01T21:00:00Z,1.95,13.6,1.6,276.1
14.0,73.58333333333331,2026-09-01T21:00:00Z,1.94,10.0,1.6,276.3
14.0,73.66666666666666,2026-09-01T21:00:00Z,1.93,9.3,1.59,276.1
14.0,73.75,2026-09-01T21:00:00Z,1.91,9.2,1.58,276.1
14.0,73.83333333333331,2026-09-01T21:00:00Z,1.88,9.2,1.57,275.8
14.0,73.91666666666666,2026-09-01T21:00:00Z,1.85,9.2,1.56,275.5
14.0,74.0,2026-09-01T21:00:00Z,1.82,9.1,1.55,275.2
14.0,74.08333333333331,2026-09-01T21:00:00Z,1.8,9.1,1.54,274.8
14.0,74.16666666666666,2026-09-01T21:00:00Z,1.79,9.1,1.53,274.3
14.0,74.25,2026-09-01T21:00:00Z,1.77,9.1,1.51,274.3
14.0,74.33333333333331,2026-09-01T21:00:00Z,1.73,9.1,1.49,273.8
14.0,80.33333333333331,2026-09-01T21:00:00Z,0.66,11.4,0.53,142.2
14.0,80.41666666666663,2026-09-01T21:00:00Z,0.8,11.8,0.64,146.9
14.0,80.5,2026-09-01T21:00:00Z,0.93,12.6,0.74,151.7
14.0,80.58333333333331,2026-09-01T21:00:00Z,1.02,14.1,0.81,155.1
14.0,80.66666666666663,2026-09-01T21:00:00Z,1.07,14.7,0.86,156.8
14.0,80.75,2026-09-01T21:00:00Z,1.1,15.0,0.89,156.8
14.0,80.83333333333331,2026-09-01T21:00:00Z,1.12,15.3,0.92,157.7
14.0,80.91666666666663,2026-09-01T21:00:00Z,1.13,15.5,0.96,157.6
14.0,81.0,2026-09-01T21:00:00Z,1.14,15.6,0.98,159.5
14.083333333333329,73.0,2026-09-01T21:00:00Z,1.99,15.9,1.59,275.7
14.083333333333329,73.08333333333331,2026-09-01T21:00:00Z,1.99,16.0,1.58,275.5
14.083333333333329,73.16666666666666,2026-09-01T21:00:00Z,1.99,16.0,1.59,275.6
14.083333333333329,73.25,2026-09-01T21:00:00Z,1.99,16.0,1.59,275.6
14.083333333333329,73.33333333333331,2026-09-01T21:00:00Z,1.98,14.2,1.6,275.5
14.083333333333329,73.41666666666666,2026-09-01T21:00:00Z,1.96,10.4,1.61,275.6
14.083333333333329,73.5,2026-09-01T21:00:00Z,1.94,9.9,1.61,276.0
14.083333333333329,73.58333333333331,2026-09-01T21:00:00Z,1.92,9.3,1.6,275.9
14.083333333333329,73.66666666666666,2026-09-01T21:00:00Z,1.91,9.2,1.59,275.7
14.083333333333329,73.75,2026-09-01T21:00:00Z,1.89,9.2,1.58,275.7
14.083333333333329,73.83333333333331,2026-09-01T21:00:00Z,1.87,9.2,1.57,275.4
14.083333333333329,73.91666666666666,2026-09-01T21:00:00Z,1.84,9.2,1.56,275.0
14.083333333333329,74.0,2026-09-01T21:00:00Z,1.81,9.1,1.54,274.6
14.083333333333329,74.08333333333331,2026-09-01T21:00:00Z,1.8,9.1,1.54,274.1
14.083333333333329,74.16666666666666,2026-09-01T21:00:00Z,1.78,9.1,1.53,273.6
14.083333333333329,74.25,2026-09-01T21:00:00Z,1.75,9.1,1.51,273.6
14.083333333333329,74.33333333333331,2026-09-01T21:00:00Z,1.71,9.1,1.48,273.1
14.083333333333329,80.33333333333331,2026-09-01T21:00:00Z,0.67,11.6,0.54,142.9
14.083333333333329,80.41666666666663,2026-09-01T21:00:00Z,0.79,11.8,0.62,147.8
14.083333333333329,80.5,2026-09-01T21:00:00Z,0.91,12.3,0.64,153.0
14.083333333333329,80.58333333333331,2026-09-01T21:00:00Z,1.0,13.9,0.78,155.5
14.083333333333329,80.66666666666663,2026-09-01T21:00:00Z,1.05,14.7,0.84,157.2
14.083333333333329,80.75,2026-09-01T21:00:00Z,1.07,15.1,0.88,157.2
14.083333333333329,80.83333333333331,2026-09-01T21:00:00Z,1.09,15.4,0.91,158.5
14.083333333333329,80.91666666666663,2026-09-01T21:00:00Z,1.1,15.6,0.94,160.2
14.083333333333329,81.0,2026-09-01T21:00:00Z,1.12,15.7,0.96,161.4
14.166666666666657,73.0,2026-09-01T21:00:00Z,1.99,15.9,1.59,275.4
14.166666666666657,73.08333333333331,2026-09-01T21:00:00Z,1.99,16.0,1.59,275.5
14.166666666666657,73.16666666666666,2026-09-01T21:00:00Z,1.99,16.0,1.59,275.5
14.166666666666657,73.25,2026-09-01T21:00:00Z,1.99,14.6,1.6,275.5
14.166666666666657,73.33333333333331,2026-09-01T21:00:00Z,1.97,11.9,1.6,275.4
14.166666666666657,73.41666666666666,2026-09-01T21:00:00Z,1.95,9.2,1.6,275.5
14.166666666666657,73.5,2026-09-01T21:00:00Z,1.93,9.2,1.6,275.6
14.166666666666657,73.58333333333331,2026-09-01T21:00:00Z,1.91,9.2,1.59,275.5
14.166666666666657,73.66666666666666,2026-09-01T21:00:00Z,1.89,9.2,1.58,275.2
14.166666666666657,73.75,2026-09-01T21:00:00Z,1.87,9.2,1.57,275.2
14.166666666666657,73.83333333333331,2026-09-01T21:00:00Z,1.85,9.2,1.56,274.8
14.166666666666657,73.91666666666666,2026-09-01T21:00:00Z,1.83,9.1,1.55,274.4
14.166666666666657,74.0,2026-09-01T21:00:00Z,1.8,9.1,1.54,274.0
14.166666666666657,74.08333333333331,2026-09-01T21:00:00Z,1.79,9.1,1.53,273.5
14.166666666666657,74.16666666666666,2026-09-01T21:00:00Z,1.77,9.1,1.52,272.9
14.166666666666657,74.25,2026-09-01T21:00:00Z,1.74,9.1,1.5,272.9
14.166666666666657,74.33333333333331,2026-09-01T21:00:00Z,1.7,9.1,1.47,272.2
14.166666666666657,80.16666666666663,2026-09-01T21:00:00Z,0.45,11.2,0.32,141.4
14.166666666666657,80.25,2026-09-01T21:00:00Z,0.57,11.5,0.43,141.4
14.166666666666657,80.33333333333331,2026-09-01T21:00:00Z,0.66,11.6,0.52,143.8
14.166666666666657,80.41666666666663,2026-09-01T21:00:00Z,0.76,11.8,0.59,147.8
14.166666666666657,80.5,2026-09-01T21:00:00Z,0.88,12.5,0.68,152.8
14.166666666666657,80.58333333333331,2026-09-01T21:00:00Z,0.97,14.1,0.8,156.5
14.166666666666657,80.66666666666663,2026-09-01T21:00:00Z,1.02,14.8,0.86,158.5
14.166666666666657,80.75,2026-09-01T21:00:00Z,1.05,15.2,0.9,158.5
14.166666666666657,80.83333333333331,2026-09-01T21:00:00Z,1.07,15.5,0.94,160.3
14.166666666666657,80.91666666666663,2026-09-01T21:00:00Z,1.09,15.7,0.98,161.4
14.166666666666657,81.0,2026-09-01T21:00:00Z,1.11,15.8,0.95,160.2
14.25,73.0,2026-09-01T21:00:00Z,2.0,14.9,1.6,275.3
14.25,73.08333333333331,2026-09-01T21:00:00Z,2.0,12.9,1.6,275.2
14.25,73.16666666666666,2026-09-01T21:00:00Z,1.99,12.6,1.6,275.2
14.25,73.25,2026-09-01T21:00:00Z,1.99,11.5,1.61,275.2
14.25,73.33333333333331,2026-09-01T21:00:00Z,1.97,10.0,1.61,275.2
14.25,73.41666666666666,2026-09-01T21:00:00Z,1.94,9.1,1.6,275.5
14.25,73.5,2026-09-01T21:00:00Z,1.91,9.1,1.58,275.3
14.25,73.58333333333331,2026-09-01T21:00:00Z,1.88,9.1,1.57,274.9
14.25,73.66666666666666,2026-09-01T21:00:00Z,1.86,9.1,1.56,274.7
14.25,73.75,2026-09-01T21:00:00Z,1.84,9.1,1.55,274.7
14.25,73.83333333333331,2026-09-01T21:00:00Z,1.83,9.1,1.55,274.3
14.25,73.91666666666666,2026-09-01T21:00:00Z,1.81,9.1,1.54,273.8
14.25,74.0,2026-09-01T21:00:00Z,1.79,9.1,1.53,273.3
14.25,74.08333333333331,2026-09-01T21:00:00Z,1.78,9.1,1.52,272.7
14.25,74.16666666666666,2026-09-01T21:00:00Z,1.76,9.1,1.51,272.1
14.25,74.25,2026-09-01T21:00:00Z,1.72,9.1,1.49,272.1
14.25,74.33333333333331,2026-09-01T21:00:00Z,1.67,9.1,1.45,271.3
14.25,80.25,2026-09-01T21:00:00Z,0.55,11.4,0.4,140.9
14.25,80.33333333333331,2026-09-01T21:00:00Z,0.66,11.5,0.52,143.1
14.25,80.41666666666663,2026-09-01T21:00:00Z,0.75,11.7,0.57,148.2
14.25,80.5,2026-09-01T21:00:00Z,0.88,12.3,0.68,153.9
14.25,80.58333333333331,2026-09-01T21:00:00Z,0.96,14.1,0.8,157.0
14.25,80.66666666666663,2026-09-01T21:00:00Z,1.01,15.0,0.86,158.9
14.25,80.75,2026-09-01T21:00:00Z,1.04,15.4,0.9,158.9
14.25,80.83333333333331,2026-09-01T21:00:00Z,1.06,15.6,0.94,160.7
14.25,80.91666666666663,2026-09-01T21:00:00Z,1.09,15.7,0.96,160.9
14.25,81.0,2026-09-01T21:00:00Z,1.12,15.9,0.92,159.7
14.333333333333329,73.0,2026-09-01T21:00:00Z,2.0,12.3,1.6,275.3
14.333333333333329,73.08333333333331,2026-09-01T21:00:00Z,2.0,9.6,1.61,275.2
14.333333333333329,73.16666666666666,2026-09-01T21:00:00Z,1.99,9.1,1.61,275.2
14.333333333333329,73.25,2026-09-01T21:00:00Z,1.98,9.1,1.61,275.2
14.333333333333329,73.33333333333331,2026-09-01T21:00:00Z,1.96,9.1,1.61,275.2
14.333333333333329,73.41666666666666,2026-09-01T21:00:00Z,1.93,9.1,1.59,275.5
14.333333333333329,73.5,2026-09-01T21:00:00Z,1.88,9.1,1.56,275.3
14.333333333333329,73.58333333333331,2026-09-01T21:00:00Z,1.85,9.1,1.54,274.9
14.333333333333329,73.66666666666666,2026-09-01T21:00:00Z,1.83,9.0,1.53,274.7
14.333333333333329,73.75,2026-09-01T21:00:00Z,1.81,9.0,1.53,274.7
14.333333333333329,73.83333333333331,2026-09-01T21:00:00Z,1.8,9.0,1.53,274.3
14.333333333333329,73.91666666666666,2026-09-01T21:00:00Z,1.79,9.1,1.53,273.8
14.333333333333329,74.0,2026-09-01T21:00:00Z,1.78,9.1,1.52,273.3
14.333333333333329,74.08333333333331,2026-09-01T21:00:00Z,1.77,9.1,1.51,272.7
14.333333333333329,74.16666666666666,2026-09-01T21:00:00Z,1.74,9.1,1.5,272.1
14.333333333333329,74.25,2026-09-01T21:00:00Z,1.7,9.1,1.47,272.1
14.333333333333329,74.33333333333331,2026-09-01T21:00:00Z,1.64,9.1,1.42,271.3
14.333333333333329,80.25,2026-09-01T21:00:00Z,0.56,11.1,0.42,140.9
14.333333333333329,80.33333333333331,2026-09-01T21:00:00Z,0.68,11.3,0.54,143.1
14.333333333333329,80.41666666666663,2026-09-01T21:00:00Z,0.76,11.6,0.57,148.2
14.333333333333329,80.5,2026-09-01T21:00:00Z,0.89,12.0,0.66,153.9
14.333333333333329,80.58333333333331,2026-09-01T21:00:00Z,0.95,14.1,0.8,157.0
14.333333333333329,80.66666666666663,2026-09-01T21:00:00Z,1.0,15.0,0.86,158.9
14.333333333333329,80.75,2026-09-01T21:00:00Z,1.03,15.5,0.9,158.9
14.333333333333329,80.83333333333331,2026-09-01T21:00:00Z,1.07,15.7,0.92,160.7
14.333333333333329,80.91666666666663,2026-09-01T21:00:00Z,1.1,15.8,0.92,160.9
14.333333333333329,81.0,2026-09-01T21:00:00Z,1.14,16.0,0.88,159.7
14.416666666666657,73.0,2026-09-01T21:00:00Z,2.0,9.1,1.61,275.0
14.416666666666657,73.08333333333331,2026-09-01T21:00:00Z,2.0,9.1,1.61,275.1
14.416666666666657,73.16666666666666,2026-09-01T21:00:00Z,1.99,9.1,1.61,275.0
14.416666666666657,73.25,2026-09-01T21:00:00Z,1.98,9.1,1.61,275.0
14.416666666666657,73.33333333333331,2026-09-01T21:00:00Z,1.95,9.1,1.6,275.3
14.416666666666657,73.41666666666666,2026-09-01T21:00:00Z,1.91,9.1,1.58,275.2
14.416666666666657,73.5,2026-09-01T21:00:00Z,1.86,9.1,1.54,274.7
14.416666666666657,73.58333333333331,2026-09-01T21:00:00Z,1.83,9.0,1.52,274.2
14.416666666666657,73.66666666666666,2026-09-01T21:00:00Z,1.81,9.0,1.52,273.8
14.416666666666657,73.75,2026-09-01T21:00:00Z,1.79,9.0,1.51,273.8
14.416666666666657,73.83333333333331,2026-09-01T21:00:00Z,1.78,9.0,1.51,273.4
14.416666666666657,73.91666666666666,2026-09-01T21:00:00Z,1.77,9.1,1.52,272.9
14.416666666666657,74.0,2026-09-01T21:00:00Z,1.76,9.1,1.51,272.4
14.416666666666657,74.08333333333331,2026-09-01T21:00:00Z,1.75,9.1,1.5,271.8
14.416666666666657,74.16666666666666,2026-09-01T21:00:00Z,1.72,9.1,1.49,271.1
14.416666666666657,74.25,2026-09-01T21:00:00Z,1.68,9.1,1.45,271.1
14.416666666666657,74.33333333333331,2026-09-01T21:00:00Z,1.61,9.1,1.41,270.1
14.416666666666657,80.25,2026-09-01T21:00:00Z,0.58,10.7,0.47,139.3
14.416666666666657,80.33333333333331,2026-09-01T21:00:00Z,0.7,11.2,0.56,143.6
14.416666666666657,80.41666666666663,2026-09-01T21:00:00Z,0.79,11.7,0.59,148.8
14.416666666666657,80.5,2026-09-01T21:00:00Z,0.89,12.1,0.67,154.4
14.416666666666657,80.58333333333331,2026-09-01T21:00:00Z,0.95,14.0,0.8,157.3
14.416666666666657,80.66666666666663,2026-09-01T21:00:00Z,1.0,15.1,0.86,159.2
14.416666666666657,80.75,2026-09-01T21:00:00Z,1.04,15.5,0.89,159.2
14.416666666666657,80.83333333333331,2026-09-01T21:00:00Z,1.08,15.7,0.9,159.8
14.416666666666657,80.91666666666663,2026-09-01T21:00:00Z,1.11,15.9,0.89,160.0
14.416666666666657,81.0,2026-09-01T21:00:00Z,1.14,16.1,0.85,159.6
14.5,73.0,2026-09-01T21:00:00Z,2.0,9.1,1.62,274.7
14.5,73.08333333333331,2026-09-01T21:00:00Z,2.0,9.1,1.62,274.8
14.5,73.16666666666666,2026-09-01T21:00:00Z,1.99,9.1,1.62,274.8
14.5,73.25,2026-09-01T21:00:00Z,1.97,9.1,1.61,274.8
14.5,73.33333333333331,2026-09-01T21:00:00Z,1.94,9.1,1.6,274.5
14.5,73.41666666666666,2026-09-01T21:00:00Z,1.91,9.1,1.58,274.0
14.5,73.5,2026-09-01T21:00:00Z,1.87,9.1,1.55,273.4
14.5,73.58333333333331,2026-09-01T21:00:00Z,1.84,9.1,1.54,272.8
14.5,73.66666666666666,2026-09-01T21:00:00Z,1.82,9.1,1.53,272.4
14.5,73.75,2026-09-01T21:00:00Z,1.79,9.1,1.52,272.4
14.5,73.83333333333331,2026-09-01T21:00:00Z,1.77,9.1,1.51,272.2
14.5,73.91666666666666,2026-09-01T21:00:00Z,1.76,9.1,1.51,271.9
14.5,74.0,2026-09-01T21:00:00Z,1.75,9.1,1.5,271.5
14.5,74.08333333333331,2026-09-01T21:00:00Z,1.73,9.1,1.49,270.8
14.5,74.16666666666666,2026-09-01T21:00:00Z,1.7,9.1,1.47,269.9
14.5,74.25,2026-09-01T21:00:00Z,1.66,9.1,1.43,269.9
14.5,74.33333333333331,2026-09-01T21:00:00Z,1.61,9.1,1.39,268.1
14.5,80.25,2026-09-01T21:00:00Z,0.57,11.3,0.47,141.4
14.5,80.33333333333331,2026-09-01T21:00:00Z,0.69,11.4,0.55,145.0
14.5,80.41666666666663,2026-09-01T21:00:00Z,0.8,11.7,0.62,149.7
14.5,80.5,2026-09-01T21:00:00Z,0.89,12.1,0.71,154.3
14.5,80.58333333333331,2026-09-01T21:00:00Z,0.95,13.5,0.81,157.5
14.5,80.66666666666663,2026-09-01T21:00:00Z,1.01,14.9,0.86,159.2
14.5,80.75,2026-09-01T21:00:00Z,1.05,15.6,0.88,159.2
14.5,80.83333333333331,2026-09-01T21:00:00Z,1.09,15.8,0.89,160.1
14.5,80.91666666666663,2026-09-01T21:00:00Z,1.12,16.0,0.9,160.3
14.5,81.0,2026-09-01T21:00:00Z,1.14,16.2,0.9,160.5
14.583333333333329,73.0,2026-09-01T21:00:00Z,2.0,9.1,1.63,274.4
14.583333333333329,73.08333333333331,2026-09-01T21:00:00Z,2.0,9.1,1.63,274.5
14.583333333333329,73.16666666666666,2026-09-01T21:00:00Z,1.99,9.1,1.62,274.4
14.583333333333329,73.25,2026-09-01T21:00:00Z,1.97,9.1,1.61,274.4
14.583333333333329,73.33333333333331,2026-09-01T21:00:00Z,1.93,9.1,1.59,273.7
14.583333333333329,73.41666666666666,2026-09-01T21:00:00Z,1.9,9.1,1.57,272.5
14.583333333333329,73.5,2026-09-01T21:00:00Z,1.87,9.1,1.54,271.4
14.583333333333329,73.58333333333331,2026-09-01T21:00:00Z,1.83,9.1,1.52,270.9
14.583333333333329,73.66666666666666,2026-09-01T21:00:00Z,1.8,9.1,1.51,270.9
14.583333333333329,73.75,2026-09-01T21:00:00Z,1.78,9.1,1.5,270.9
14.583333333333329,73.83333333333331,2026-09-01T21:00:00Z,1.76,9.1,1.5,271.0
14.583333333333329,73.91666666666666,2026-09-01T21:00:00Z,1.74,9.1,1.49,271.0
14.583333333333329,74.0,2026-09-01T21:00:00Z,1.73,9.1,1.48,270.6
14.583333333333329,74.08333333333331,2026-09-01T21:00:00Z,1.7,9.1,1.46,269.8
14.583333333333329,74.16666666666666,2026-09-01T21:00:00Z,1.66,9.1,1.43,268.2
14.583333333333329,74.25,2026-09-01T21:00:00Z,1.59,9.1,1.38,268.2
14.583333333333329,74.33333333333331,2026-09-01T21:00:00Z,1.36,9.0,1.2,266.0
14.583333333333329,80.25,2026-09-01T21:00:00Z,0.48,11.4,0.39,142.4
14.583333333333329,80.33333333333331,2026-09-01T21:00:00Z,0.65,11.6,0.52,145.2
14.583333333333329,80.41666666666663,2026-09-01T21:00:00Z,0.8,11.8,0.63,150.0
14.583333333333329,80.5,2026-09-01T21:00:00Z,0.89,12.3,0.67,155.2
14.583333333333329,80.58333333333331,2026-09-01T21:00:00Z,0.96,14.2,0.81,158.0
14.583333333333329,80.66666666666663,2026-09-01T21:00:00Z,1.01,15.2,0.86,159.6
14.583333333333329,80.75,2026-09-01T21:00:00Z,1.05,15.6,0.88,159.6
14.583333333333329,80.83333333333331,2026-09-01T21:00:00Z,1.08,15.9,0.9,160.6
14.583333333333329,80.91666666666663,2026-09-01T21:00:00Z,1.12,16.1,0.9,161.4
14.583333333333329,81.0,2026-09-01T21:00:00Z,1.14,16.3,0.84,160.5
14.666666666666657,73.0,2026-09-01T21:00:00Z,2.01,9.1,1.63,274.1
14.666666666666657,73.08333333333331,2026-09-01T21:00:00Z,2.0,9.1,1.63,274.0
14.666666666666657,73.16666666666666,2026-09-01T21:00:00Z,1.98,9.0,1.62,274.1
14.666666666666657,73.25,2026-09-01T21:00:00Z,1.94,9.0,1.6,274.1
14.666666666666657,73.33333333333331,2026-09-01T21:00:00Z,1.9,9.0,1.56,274.1
14.666666666666657,73.41666666666666,2026-09-01T21:00:00Z,1.87,9.1,1.52,271.0
14.666666666666657,73.5,2026-09-01T21:00:00Z,1.85,9.2,1.5,268.5
14.666666666666657,73.58333333333331,2026-09-01T21:00:00Z,1.8,9.2,1.48,268.4
14.666666666666657,73.66666666666666,2026-09-01T21:00:00Z,1.77,9.2,1.47,269.3
14.666666666666657,73.75,2026-09-01T21:00:00Z,1.75,9.1,1.47,269.3
14.666666666666657,73.83333333333331,2026-09-01T21:00:00Z,1.73,9.1,1.47,270.0
14.666666666666657,73.91666666666666,2026-09-01T21:00:00Z,1.71,9.1,1.46,270.2
14.666666666666657,74.0,2026-09-01T21:00:00Z,1.69,9.1,1.44,269.9
14.666666666666657,74.08333333333331,2026-09-01T21:00:00Z,1.65,9.1,1.41,268.3
14.666666666666657,74.16666666666666,2026-09-01T21:00:00Z,1.59,8.9,1.35,265.2
14.666666666666657,80.25,2026-09-01T21:00:00Z,0.52,11.2,0.4,144.6
14.666666666666657,80.33333333333331,2026-09-01T21:00:00Z,0.66,11.4,0.53,146.7
14.666666666666657,80.41666666666663,2026-09-01T21:00:00Z,0.8,11.8,0.65,150.4
14.666666666666657,80.5,2026-09-01T21:00:00Z,0.89,12.3,0.72,154.7
14.666666666666657,80.58333333333331,2026-09-01T21:00:00Z,0.95,13.9,0.82,158.0
14.666666666666657,80.66666666666663,2026-09-01T21:00:00Z,1.0,15.1,0.86,159.9
14.666666666666657,80.75,2026-09-01T21:00:00Z,1.05,15.6,0.88,159.9
14.666666666666657,80.83333333333331,2026-09-01T21:00:00Z,1.08,15.9,0.89,161.0
14.666666666666657,80.91666666666663,2026-09-01T21:00:00Z,1.11,16.1,0.88,161.2
14.666666666666657,81.0,2026-09-01T21:00:00Z,1.14,16.4,0.86,161.8
14.75,73.0,2026-09-01T21:00:00Z,2.01,9.1,1.63,273.6
14.75,73.08333333333331,2026-09-01T21:00:00Z,2.0,9.1,1.63,273.7
14.75,73.16666666666666,2026-09-01T21:00:00Z,1.97,9.0,1.62,273.9
14.75,73.25,2026-09-01T21:00:00Z,1.92,9.0,1.6,273.9
14.75,73.33333333333331,2026-09-01T21:00:00Z,1.79,9.0,1.5,273.6
14.75,73.41666666666666,2026-09-01T21:00:00Z,1.62,9.7,1.29,272.9
14.75,73.5,2026-09-01T21:00:00Z,1.54,12.6,1.09,187.0
14.75,73.58333333333331,2026-09-01T21:00:00Z,1.57,12.5,1.14,189.5
14.75,73.66666666666666,2026-09-01T21:00:00Z,1.61,12.5,1.14,195.6
14.75,73.75,2026-09-01T21:00:00Z,1.63,12.6,1.17,195.6
14.75,73.83333333333331,2026-09-01T21:00:00Z,1.64,12.6,1.22,242.6
14.75,73.91666666666666,2026-09-01T21:00:00Z,1.63,12.7,1.24,253.5
14.75,74.0,2026-09-01T21:00:00Z,1.6,12.7,1.23,254.3
14.75,74.08333333333331,2026-09-01T21:00:00Z,1.51,10.6,1.23,264.1
14.75,74.16666666666666,2026-09-01T21:00:00Z,1.33,9.4,1.13,264.0
14.75,80.25,2026-09-01T21:00:00Z,0.56,11.1,0.44,142.8
14.75,80.33333333333331,2026-09-01T21:00:00Z,0.7,11.3,0.57,146.8
14.75,80.41666666666663,2026-09-01T21:00:00Z,0.82,11.8,0.67,150.5
14.75,80.5,2026-09-01T21:00:00Z,0.9,12.3,0.76,154.7
14.75,80.58333333333331,2026-09-01T21:00:00Z,0.95,13.7,0.82,158.2
14.75,80.66666666666663,2026-09-01T21:00:00Z,1.0,14.9,0.86,160.3
14.75,80.75,2026-09-01T21:00:00Z,1.04,15.6,0.88,160.3
14.75,80.83333333333331,2026-09-01T21:00:00Z,1.08,15.9,0.88,161.3
14.75,80.91666666666663,2026-09-01T21:00:00Z,1.11,16.2,0.86,161.4
14.75,81.0,2026-09-01T21:00:00Z,1.14,16.4,0.87,161.8
14.833333333333329,73.0,2026-09-01T21:00:00Z,2.01,9.1,1.63,273.6
14.833333333333329,73.08333333333331,2026-09-01T21:00:00Z,2.0,9.1,1.63,273.7
14.833333333333329,73.16666666666666,2026-09-01T21:00:00Z,1.96,9.0,1.62,273.9
14.833333333333329,73.25,2026-09-01T21:00:00Z,1.9,9.0,1.6,273.9
14.833333333333329,73.33333333333331,2026-09-01T21:00:00Z,1.73,9.1,1.46,273.6
14.833333333333329,73.41666666666666,2026-09-01T21:00:00Z,1.47,9.9,1.14,272.9
14.833333333333329,73.5,2026-09-01T21:00:00Z,1.32,13.6,0.81,187.0
14.833333333333329,73.58333333333331,2026-09-01T21:00:00Z,1.4,13.5,0.9,189.5
14.833333333333329,73.66666666666666,2026-09-01T21:00:00Z,1.49,13.6,0.95,195.6
14.833333333333329,73.75,2026-09-01T21:00:00Z,1.54,13.6,1.03,195.6
14.833333333333329,73.83333333333331,2026-09-01T21:00:00Z,1.56,13.7,1.1,242.6
14.833333333333329,73.91666666666666,2026-09-01T21:00:00Z,1.55,13.7,1.12,253.5
14.833333333333329,74.0,2026-09-01T21:00:00Z,1.51,13.8,1.11,254.3
14.833333333333329,74.08333333333331,2026-09-01T21:00:00Z,1.36,11.0,1.11,264.1
14.833333333333329,80.16666666666663,2026-09-01T21:00:00Z,0.45,11.0,0.35,142.8
14.833333333333329,80.25,2026-09-01T21:00:00Z,0.59,11.1,0.5,142.8
14.833333333333329,80.33333333333331,2026-09-01T21:00:00Z,0.73,11.3,0.61,146.8
14.833333333333329,80.41666666666663,2026-09-01T21:00:00Z,0.83,11.7,0.69,150.5
14.833333333333329,80.5,2026-09-01T21:00:00Z,0.91,12.4,0.75,154.7
14.833333333333329,80.58333333333331,2026-09-01T21:00:00Z,0.96,13.6,0.83,158.2
14.833333333333329,80.66666666666663,2026-09-01T21:00:00Z,1.0,14.8,0.86,160.3
14.833333333333329,80.75,2026-09-01T21:00:00Z,1.04,15.6,0.88,160.3
14.833333333333329,80.83333333333331,2026-09-01T21:00:00Z,1.07,16.0,0.88,161.3
14.833333333333329,80.91666666666663,2026-09-01T21:00:00Z,1.1,16.3,0.85,161.4
14.833333333333329,81.0,2026-09-01T21:00:00Z,1.13,16.5,0.89,161.8
14.916666666666657,73.0,2026-09-01T21:00:00Z,2.02,9.0,1.64,273.3
14.916666666666657,73.08333333333331,2026-09-01T21:00:00Z,2.0,9.0,1.64,273.5
14.916666666666657,73.16666666666666,2026-09-01T21:00:00Z,1.96,9.0,1.63,273.6
14.916666666666657,73.25,2026-09-01T21:00:00Z,1.88,9.0,1.6,273.6
14.916666666666657,73.33333333333331,2026-09-01T21:00:00Z,1.77,8.9,1.5,273.9
14.916666666666657,73.41666666666666,2026-09-01T21:00:00Z,1.65,8.9,1.31,266.0
14.916666666666657,73.5,2026-09-01T21:00:00Z,1.52,8.9,1.1,258.7
14.916666666666657,73.58333333333331,2026-09-01T21:00:00Z,1.5,8.9,1.13,269.2
14.916666666666657,73.66666666666666,2026-09-01T21:00:00Z,1.55,8.8,1.21,279.3
14.916666666666657,73.75,2026-09-01T21:00:00Z,1.59,8.8,1.27,279.3
14.916666666666657,73.83333333333331,2026-09-01T21:00:00Z,1.59,8.8,1.29,275.9
14.916666666666657,73.91666666666666,2026-09-01T21:00:00Z,1.55,8.8,1.27,274.6
14.916666666666657,74.0,2026-09-01T21:00:00Z,1.46,8.8,1.21,272.0
14.916666666666657,80.16666666666663,2026-09-01T21:00:00Z,0.53,11.0,0.43,144.4
14.916666666666657,80.25,2026-09-01T21:00:00Z,0.65,11.2,0.55,144.4
14.916666666666657,80.33333333333331,2026-09-01T21:00:00Z,0.76,11.4,0.64,147.9
14.916666666666657,80.41666666666663,2026-09-01T21:00:00Z,0.85,11.7,0.7,150.9
14.916666666666657,80.5,2026-09-01T21:00:00Z,0.92,12.4,0.74,154.6
14.916666666666657,80.58333333333331,2026-09-01T21:00:00Z,0.96,13.4,0.82,158.0
14.916666666666657,80.66666666666663,2026-09-01T21:00:00Z,1.0,14.8,0.86,160.4
14.916666666666657,80.75,2026-09-01T21:00:00Z,1.04,15.6,0.88,160.4
14.916666666666657,80.83333333333331,2026-09-01T21:00:00Z,1.07,16.0,0.87,161.6
14.916666666666657,80.91666666666663,2026-09-01T21:00:00Z,1.1,16.3,0.86,162.1
14.916666666666657,81.0,2026-09-01T21:00:00Z,1.13,16.6,0.94,163.3
15.0,73.0,2026-09-01T21:00:00Z,2.02,9.0,1.64,273.0
15.0,73.08333333333331,2026-09-01T21:00:00Z,1.99,9.0,1.64,273.0
15.0,73.16666666666666,2026-09-01T21:00:00Z,1.96,9.0,1.64,273.1
15.0,73.25,2026-09-01T21:00:00Z,1.91,9.0,1.63,273.1
15.0,73.33333333333331,2026-09-01T21:00:00Z,1.84,8.9,1.61,273.3
15.0,73.41666666666666,2026-09-01T21:00:00Z,1.76,8.8,1.58,273.6
15.0,73.5,2026-09-01T21:00:00Z,1.69,8.8,1.55,274.0
15.0,73.58333333333331,2026-09-01T21:00:00Z,1.67,8.8,1.52,273.5
15.0,73.66666666666666,2026-09-01T21:00:00Z,1.69,8.8,1.28,259.3
15.0,73.75,2026-09-01T21:00:00Z,1.69,8.8,1.14,259.3
15.0,73.83333333333331,2026-09-01T21:00:00Z,1.65,8.8,1.1,259.0
15.0,80.16666666666663,2026-09-01T21:00:00Z,0.59,11.0,0.5,146.0
15.0,80.25,2026-09-01T21:00:00Z,0.7,11.1,0.59,146.0
15.0,80.33333333333331,2026-09-01T21:00:00Z,0.8,11.4,0.67,148.9
15.0,80.41666666666663,2026-09-01T21:00:00Z,0.88,11.7,0.74,151.7
15.0,80.5,2026-09-01T21:00:00Z,0.93,12.2,0.75,154.5
15.0,80.58333333333331,2026-09-01T21:00:00Z,0.97,13.1,0.81,157.7
15.0,80.66666666666663,2026-09-01T21:00:00Z,1.0,14.3,0.86,160.2
15.0,80.75,2026-09-01T21:00:00Z,1.03,15.3,0.89,160.2
15.0,80.83333333333331,2026-09-01T21:00:00Z,1.07,16.0,0.9,161.8
15.0,80.91666666666663,2026-09-01T21:00:00Z,1.1,16.4,0.92,163.0
15.0,81.0,2026-09-01T21:00:00Z,1.13,16.7,0.94,164.1
15.083333333333329,73.0,2026-09-01T21:00:00Z,2.02,9.0,1.64,272.5
15.083333333333329,73.08333333333331,2026-09-01T21:00:00Z,1.99,9.0,1.64,272.6
15.083333333333329,73.16666666666666,2026-09-01T21:00:00Z,1.96,9.0,1.65,272.7
15.083333333333329,73.25,2026-09-01T21:00:00Z,1.92,9.0,1.64,272.7
15.083333333333329,73.33333333333331,2026-09-01T21:00:00Z,1.87,8.9,1.64,273.0
15.083333333333329,73.41666666666666,2026-09-01T21:00:00Z,1.82,8.9,1.62,273.1
15.083333333333329,73.5,2026-09-01T21:00:00Z,1.77,8.9,1.61,273.1
15.083333333333329,73.58333333333331,2026-09-01T21:00:00Z,1.74,8.8,1.58,273.2
15.083333333333329,73.66666666666666,2026-09-01T21:00:00Z,1.72,8.8,1.52,273.2
15.083333333333329,73.75,2026-09-01T21:00:00Z,1.7,8.8,1.39,273.2
15.083333333333329,73.83333333333331,2026-09-01T21:00:00Z,1.65,8.8,1.27,264.6
15.083333333333329,80.16666666666663,2026-09-01T21:00:00Z,0.61,11.3,0.51,147.1
15.083333333333329,80.25,2026-09-01T21:00:00Z,0.73,11.3,0.62,147.1
15.083333333333329,80.33333333333331,2026-09-01T21:00:00Z,0.82,11.3,0.69,150.3
15.083333333333329,80.41666666666663,2026-09-01T21:00:00Z,0.89,11.6,0.76,152.5
15.083333333333329,80.5,2026-09-01T21:00:00Z,0.95,12.2,0.81,154.8
15.083333333333329,80.58333333333331,2026-09-01T21:00:00Z,0.98,12.9,0.85,157.5
15.083333333333329,80.66666666666663,2026-09-01T21:00:00Z,1.01,13.8,0.87,159.9
15.083333333333329,80.75,2026-09-01T21:00:00Z,1.03,15.0,0.88,159.9
15.083333333333329,80.83333333333331,2026-09-01T21:00:00Z,1.06,15.9,0.88,161.8
15.083333333333329,80.91666666666663,2026-09-01T21:00:00Z,1.09,16.4,0.87,163.1
15.083333333333329,81.0,2026-09-01T21:00:00Z,1.12,16.8,0.95,164.5
15.166666666666657,73.0,2026-09-01T21:00:00Z,2.02,9.0,1.65,272.2
15.166666666666657,73.08333333333331,2026-09-01T21:00:00Z,1.99,9.0,1.65,272.2
15.166666666666657,73.16666666666666,2026-09-01T21:00:00Z,1.96,9.0,1.65,272.5
15.166666666666657,73.25,2026-09-01T21:00:00Z,1.92,9.0,1.65,272.5
15.166666666666657,73.33333333333331,2026-09-01T21:00:00Z,1.88,8.9,1.65,272.9
15.166666666666657,73.41666666666666,2026-09-01T21:00:00Z,1.84,8.9,1.64,273.0
15.166666666666657,73.5,2026-09-01T21:00:00Z,1.8,8.9,1.63,272.7
15.166666666666657,73.58333333333331,2026-09-01T21:00:00Z,1.77,8.8,1.61,272.6
15.166666666666657,73.66666666666666,2026-09-01T21:00:00Z,1.74,8.8,1.58,272.2
15.166666666666657,73.75,2026-09-01T21:00:00Z,1.71,8.8,1.51,272.2
15.166666666666657,73.83333333333331,2026-09-01T21:00:00Z,1.67,8.8,1.45,271.4
15.166666666666657,80.16666666666663,2026-09-01T21:00:00Z,0.6,11.6,0.48,148.2
15.166666666666657,80.25,2026-09-01T21:00:00Z,0.74,11.6,0.6,148.2
15.166666666666657,80.33333333333331,2026-09-01T21:00:00Z,0.83,11.6,0.67,151.2
15.166666666666657,80.41666666666663,2026-09-01T21:00:00Z,0.9,11.8,0.73,153.0
15.166666666666657,80.5,2026-09-01T21:00:00Z,0.95,12.1,0.82,154.9
15.166666666666657,80.58333333333331,2026-09-01T21:00:00Z,0.99,12.7,0.86,157.2
15.166666666666657,80.66666666666663,2026-09-01T21:00:00Z,1.01,13.5,0.88,159.7
15.166666666666657,80.75,2026-09-01T21:00:00Z,1.03,14.6,0.88,159.7
15.166666666666657,80.83333333333331,2026-09-01T21:00:00Z,1.06,15.7,0.87,161.6
15.166666666666657,80.91666666666663,2026-09-01T21:00:00Z,1.08,16.3,0.9,163.6
15.166666666666657,81.0,2026-09-01T21:00:00Z,1.11,16.8,0.96,164.9
15.25,73.0,2026-09-01T21:00:00Z,2.02,9.0,1.65,272.0
15.25,73.08333333333331,2026-09-01T21:00:00Z,1.99,9.0,1.65,271.9
15.25,73.16666666666666,2026-09-01T21:00:00Z,1.95,9.0,1.65,272.5
15.25,73.25,2026-09-01T21:00:00Z,1.92,8.9,1.65,272.5
15.25,73.33333333333331,2026-09-01T21:00:00Z,1.88,8.9,1.65,272.8
15.25,73.41666666666666,2026-09-01T21:00:00Z,1.85,8.9,1.64,272.6
15.25,73.5,2026-09-01T21:00:00Z,1.8,8.9,1.62,272.4
15.25,73.58333333333331,2026-09-01T21:00:00Z,1.77,8.8,1.6,272.1
15.25,73.66666666666666,2026-09-01T21:00:00Z,1.75,8.8,1.58,271.4
15.25,73.75,2026-09-01T21:00:00Z,1.71,8.8,1.54,271.4
15.25,73.83333333333331,2026-09-01T21:00:00Z,1.66,8.8,1.5,269.4
15.25,80.16666666666663,2026-09-01T21:00:00Z,0.55,11.5,0.45,149.2
15.25,80.25,2026-09-01T21:00:00Z,0.68,11.6,0.57,149.2
15.25,80.33333333333331,2026-09-01T21:00:00Z,0.8,11.7,0.66,151.4
15.25,80.41666666666663,2026-09-01T21:00:00Z,0.88,11.9,0.75,153.2
15.25,80.5,2026-09-01T21:00:00Z,0.94,12.2,0.83,154.5
15.25,80.58333333333331,2026-09-01T21:00:00Z,0.98,12.6,0.87,156.7
15.25,80.66666666666663,2026-09-01T21:00:00Z,1.01,13.2,0.89,159.4
15.25,80.75,2026-09-01T21:00:00Z,1.03,14.1,0.89,159.4
15.25,80.83333333333331,2026-09-01T21:00:00Z,1.05,15.3,0.9,161.7
15.25,80.91666666666663,2026-09-01T21:00:00Z,1.08,16.2,0.93,163.6
15.25,81.0,2026-09-01T21:00:00Z,1.11,16.7,0.96,165.1
15.333333333333329,73.0,2026-09-01T21:00:00Z,2.01,9.0,1.65,272.0
15.333333333333329,73.08333333333331,2026-09-01T21:00:00Z,1.98,8.9,1.65,271.9
15.333333333333329,73.16666666666666,2026-09-01T21:00:00Z,1.95,8.9,1.65,272.5
15.333333333333329,73.25,2026-09-01T21:00:00Z,1.92,8.9,1.65,272.5
15.333333333333329,73.33333333333331,2026-09-01T21:00:00Z,1.89,8.9,1.64,272.8
15.333333333333329,73.41666666666666,2026-09-01T21:00:00Z,1.84,8.9,1.63,272.6
15.333333333333329,73.5,2026-09-01T21:00:00Z,1.8,8.8,1.61,272.4
15.333333333333329,73.58333333333331,2026-09-01T21:00:00Z,1.76,8.8,1.58,272.1
15.333333333333329,73.66666666666666,2026-09-01T21:00:00Z,1.73,8.8,1.56,271.4
15.333333333333329,73.75,2026-09-01T21:00:00Z,1.65,8.8,1.49,271.4
15.333333333333329,73.83333333333331,2026-09-01T21:00:00Z,1.53,8.9,1.34,269.4
15.333333333333329,80.16666666666663,2026-09-01T21:00:00Z,0.48,10.5,0.42,149.2
15.333333333333329,80.25,2026-09-01T21:00:00Z,0.62,11.1,0.55,149.2
15.333333333333329,80.33333333333331,2026-09-01T21:00:00Z,0.76,11.6,0.68,151.4
15.333333333333329,80.41666666666663,2026-09-01T21:00:00Z,0.85,11.7,0.77,153.2
15.333333333333329,80.5,2026-09-01T21:00:00Z,0.91,12.0,0.83,154.5
15.333333333333329,80.58333333333331,2026-09-01T21:00:00Z,0.96,12.2,0.88,156.7
15.333333333333329,80.66666666666663,2026-09-01T21:00:00Z,1.0,12.8,0.9,159.4
15.333333333333329,80.75,2026-09-01T21:00:00Z,1.03,13.6,0.92,159.4
15.333333333333329,80.83333333333331,2026-09-01T21:00:00Z,1.05,14.8,0.94,161.7
15.333333333333329,80.91666666666663,2026-09-01T21:00:00Z,1.07,16.1,0.95,163.6
15.333333333333329,81.0,2026-09-01T21:00:00Z,1.1,16.7,0.97,165.1
15.416666666666657,73.0,2026-09-01T21:00:00Z,2.0,8.9,1.65,271.5
15.416666666666657,73.08333333333331,2026-09-01T21:00:00Z,1.97,8.9,1.65,271.5
15.416666666666657,73.16666666666666,2026-09-01T21:00:00Z,1.94,8.9,1.65,271.9
15.416666666666657,73.25,2026-09-01T21:00:00Z,1.91,8.9,1.64,271.9
15.416666666666657,73.33333333333331,2026-09-01T21:00:00Z,1.88,8.9,1.64,271.7
15.416666666666657,73.41666666666666,2026-09-01T21:00:00Z,1.84,8.9,1.62,271.3
15.416666666666657,73.5,2026-09-01T21:00:00Z,1.79,8.8,1.59,271.5
15.416666666666657,73.58333333333331,2026-09-01T21:00:00Z,1.74,8.8,1.56,271.3
15.416666666666657,73.66666666666666,2026-09-01T21:00:00Z,1.69,8.8,1.52,270.4
15.416666666666657,73.75,2026-09-01T21:00:00Z,1.57,8.8,1.41,270.4
15.416666666666657,80.25,2026-09-01T21:00:00Z,0.6,10.5,0.55,149.9
15.416666666666657,80.33333333333331,2026-09-01T21:00:00Z,0.75,11.3,0.7,151.7
15.416666666666657,80.41666666666663,2026-09-01T21:00:00Z,0.83,11.4,0.76,153.5
15.416666666666657,80.5,2026-09-01T21:00:00Z,0.87,11.6,0.8,154.9
15.416666666666657,80.58333333333331,2026-09-01T21:00:00Z,0.94,11.7,0.86,156.7
15.416666666666657,80.66666666666663,2026-09-01T21:00:00Z,0.99,12.3,0.91,158.9
15.416666666666657,80.75,2026-09-01T21:00:00Z,1.02,13.1,0.93,158.9
15.416666666666657,80.83333333333331,2026-09-01T21:00:00Z,1.05,14.3,0.94,161.5
15.416666666666657,80.91666666666663,2026-09-01T21:00:00Z,1.07,15.6,0.96,163.4
15.416666666666657,81.0,2026-09-01T21:00:00Z,1.1,16.4,0.97,165.0
15.5,73.0,2026-09-01T21:00:00Z,1.99,8.9,1.65,271.1
15.5,73.08333333333331,2026-09-01T21:00:00Z,1.95,8.9,1.65,271.1
15.5,73.16666666666666,2026-09-01T21:00:00Z,1.93,8.9,1.64,271.3
15.5,73.25,2026-09-01T21:00:00Z,1.91,8.9,1.64,271.3
15.5,73.33333333333331,2026-09-01T21:00:00Z,1.88,8.9,1.63,271.1
15.5,73.41666666666666,2026-09-01T21:00:00Z,1.84,8.9,1.62,270.6
15.5,73.5,2026-09-01T21:00:00Z,1.79,8.8,1.59,270.2
15.5,73.58333333333331,2026-09-01T21:00:00Z,1.74,8.8,1.55,269.7
15.5,73.66666666666666,2026-09-01T21:00:00Z,1.68,8.8,1.51,268.6
15.5,80.25,2026-09-01T21:00:00Z,0.59,11.2,0.5,145.9
15.5,80.33333333333331,2026-09-01T21:00:00Z,0.75,11.3,0.7,152.2
15.5,80.41666666666663,2026-09-01T21:00:00Z,0.81,11.2,0.75,153.7
15.5,80.5,2026-09-01T21:00:00Z,0.85,11.3,0.77,154.8
15.5,80.58333333333331,2026-09-01T21:00:00Z,0.93,11.6,0.86,157.0
15.5,80.66666666666663,2026-09-01T21:00:00Z,0.98,12.1,0.91,159.0
15.5,80.75,2026-09-01T21:00:00Z,1.02,12.6,0.91,159.0
15.5,80.83333333333331,2026-09-01T21:00:00Z,1.05,13.2,0.91,160.4
15.5,80.91666666666663,2026-09-01T21:00:00Z,1.08,13.9,0.95,163.2
15.5,81.0,2026-09-01T21:00:00Z,1.11,15.6,0.98,165.1
15.583333333333329,73.0,2026-09-01T21:00:00Z,1.98,8.9,1.64,270.7
15.583333333333329,73.08333333333331,2026-09-01T21:00:00Z,1.94,8.9,1.63,270.7
15.583333333333329,73.16666666666666,2026-09-01T21:00:00Z,1.93,8.9,1.64,270.5
15.583333333333329,73.25,2026-09-01T21:00:00Z,1.9,8.9,1.64,270.5
15.583333333333329,73.33333333333331,2026-09-01T21:00:00Z,1.88,8.9,1.63,270.1
15.583333333333329,73.41666666666666,2026-09-01T21:00:00Z,1.84,8.9,1.62,269.7
15.583333333333329,73.5,2026-09-01T21:00:00Z,1.79,8.8,1.59,269.2
15.583333333333329,73.58333333333331,2026-09-01T21:00:00Z,1.73,8.8,1.54,268.4
15.583333333333329,73.66666666666666,2026-09-01T21:00:00Z,1.67,8.8,1.5,266.2
15.583333333333329,80.25,2026-09-01T21:00:00Z,0.61,11.3,0.51,148.5
15.583333333333329,80.33333333333331,2026-09-01T21:00:00Z,0.71,11.3,0.65,151.0
15.583333333333329,80.41666666666663,2026-09-01T21:00:00Z,0.81,11.3,0.75,153.7
15.583333333333329,80.5,2026-09-01T21:00:00Z,0.87,11.3,0.8,155.2
15.583333333333329,80.58333333333331,2026-09-01T21:00:00Z,0.93,11.5,0.85,157.2
15.583333333333329,80.66666666666663,2026-09-01T21:00:00Z,0.97,12.6,0.88,159.4
15.583333333333329,80.75,2026-09-01T21:00:00Z,1.01,14.3,0.91,159.4
15.583333333333329,80.83333333333331,2026-09-01T21:00:00Z,1.05,15.6,0.93,161.4
15.583333333333329,80.91666666666663,2026-09-01T21:00:00Z,1.09,15.7,0.96,163.0
15.583333333333329,81.0,2026-09-01T21:00:00Z,1.12,16.0,0.97,164.5
15.666666666666657,73.0,2026-09-01T21:00:00Z,1.99,8.9,1.64,269.6
15.666666666666657,73.08333333333331,2026-09-01T21:00:00Z,1.95,8.9,1.64,269.6
15.666666666666657,73.16666666666666,2026-09-01T21:00:00Z,1.92,8.9,1.64,269.5
15.666666666666657,73.25,2026-09-01T21:00:00Z,1.89,8.9,1.63,269.5
15.666666666666657,73.33333333333331,2026-09-01T21:00:00Z,1.86,8.9,1.62,269.3
15.666666666666657,73.41666666666666,2026-09-01T21:00:00Z,1.82,8.8,1.6,268.9
15.666666666666657,73.5,2026-09-01T21:00:00Z,1.77,8.8,1.57,268.0
15.666666666666657,73.58333333333331,2026-09-01T21:00:00Z,1.71,8.8,1.51,266.3
15.666666666666657,73.66666666666666,2026-09-01T21:00:00Z,1.61,8.8,1.44,264.4
15.666666666666657,80.33333333333331,2026-09-01T21:00:00Z,0.65,11.5,0.55,149.5
15.666666666666657,80.41666666666663,2026-09-01T21:00:00Z,0.78,11.4,0.72,154.3
15.666666666666657,80.5,2026-09-01T21:00:00Z,0.84,11.4,0.76,154.3
15.666666666666657,80.58333333333331,2026-09-01T21:00:00Z,0.89,11.3,0.83,156.9
15.666666666666657,80.66666666666663,2026-09-01T21:00:00Z,0.9,11.5,0.81,158.5
15.666666666666657,80.75,2026-09-01T21:00:00Z,0.91,13.9,0.82,158.5
15.666666666666657,80.83333333333331,2026-09-01T21:00:00Z,0.96,16.6,0.88,161.2
15.666666666666657,80.91666666666663,2026-09-01T21:00:00Z,1.04,17.1,0.95,163.1
15.666666666666657,81.0,2026-09-01T21:00:00Z,1.1,17.0,0.99,164.5
15.75,73.0,2026-09-01T21:00:00Z,1.99,8.9,1.65,268.5
15.75,73.08333333333331,2026-09-01T21:00:00Z,1.96,8.9,1.64,268.7
15.75,73.16666666666666,2026-09-01T21:00:00Z,1.92,8.9,1.64,268.7
15.75,73.25,2026-09-01T21:00:00Z,1.88,8.9,1.62,268.7
15.75,73.33333333333331,2026-09-01T21:00:00Z,1.84,8.8,1.6,268.5
15.75,73.41666666666666,2026-09-01T21:00:00Z,1.79,8.8,1.57,267.9
15.75,73.5,2026-09-01T21:00:00Z,1.73,8.8,1.52,266.1
15.75,73.58333333333331,2026-09-01T21:00:00Z,1.66,8.8,1.46,263.6
15.75,73.66666666666666,2026-09-01T21:00:00Z,1.54,8.8,1.38,261.8
15.75,80.33333333333331,2026-09-01T21:00:00Z,0.54,9.4,0.45,157.5
15.75,80.41666666666663,2026-09-01T21:00:00Z,0.69,10.7,0.63,157.0
15.75,80.5,2026-09-01T21:00:00Z,0.79,11.4,0.71,157.9
15.75,80.58333333333331,2026-09-01T21:00:00Z,0.82,11.2,0.77,160.2
15.75,80.66666666666663,2026-09-01T21:00:00Z,0.81,10.9,0.7,161.8
15.75,80.75,2026-09-01T21:00:00Z,0.77,12.1,0.64,161.8
15.75,80.83333333333331,2026-09-01T21:00:00Z,0.74,13.4,0.64,165.2
15.833333333333329,73.0,2026-09-01T21:00:00Z,2.0,8.9,1.66,268.5
15.833333333333329,73.08333333333331,2026-09-01T21:00:00Z,1.95,8.9,1.65,268.7
15.833333333333329,73.16666666666666,2026-09-01T21:00:00Z,1.91,8.9,1.63,268.7
15.833333333333329,73.25,2026-09-01T21:00:00Z,1.87,8.8,1.6,268.7
15.833333333333329,73.33333333333331,2026-09-01T21:00:00Z,1.81,8.8,1.56,268.5
15.833333333333329,73.41666666666666,2026-09-01T21:00:00Z,1.72,9.2,1.47,267.9
15.833333333333329,73.5,2026-09-01T21:00:00Z,1.57,10.9,1.27,266.1
15.833333333333329,73.58333333333331,2026-09-01T21:00:00Z,1.47,11.2,1.18,263.6
15.833333333333329,80.66666666666663,2026-09-01T21:00:00Z,0.71,10.4,0.56,161.8
15.916666666666657,73.0,2026-09-01T21:00:00Z,1.99,8.9,1.66,267.3
15.916666666666657,73.08333333333331,2026-09-01T21:00:00Z,1.94,8.9,1.65,267.9
15.916666666666657,73.16666666666666,2026-09-01T21:00:00Z,1.89,8.8,1.62,268.1
15.916666666666657,73.25,2026-09-01T21:00:00Z,1.84,8.8,1.57,268.1
15.916666666666657,73.33333333333331,2026-09-01T21:00:00Z,1.75,8.9,1.5,268.1
15.916666666666657,73.41666666666666,2026-09-01T21:00:00Z,1.6,9.7,1.34,267.7
15.916666666666657,73.5,2026-09-01T21:00:00Z,1.3,14.0,0.89,211.1
16.0,73.0,2026-09-01T21:00:00Z,1.96,8.8,1.66,267.0
16.0,73.08333333333331,2026-09-01T21:00:00Z,1.92,8.8,1.65,267.3
16.0,73.16666666666666,2026-09-01T21:00:00Z,1.87,8.8,1.61,267.5
16.0,73.25,2026-09-01T21:00:00Z,1.79,8.8,1.54,267.5
16.0,73.33333333333331,2026-09-01T21:00:00Z,1.69,8.8,1.47,267.6
16.0,73.41666666666666,2026-09-01T21:00:00Z,1.56,8.8,1.37,267.2
16.0,73.5,2026-09-01T21:00:00Z,1.25,8.8,1.14,266.7
13.0,73.0,2026-09-02T00:00:00Z,1.86,15.3,1.44,280.0
13.0,73.08333333333331,2026-09-02T00:00:00Z,1.87,15.4,1.44,280.0
13.0,73.16666666666666,2026-09-02T00:00:00Z,1.87,15.4,1.44,280.0
13.0,73.25,2026-09-02T00:00:00Z,1.87,15.5,1.44,280.0
13.0,73.33333333333331,2026-09-02T00:00:00Z,1.88,15.5,1.44,280.1
13.0,73.41666666666666,2026-09-02T00:00:00Z,1.88,15.5,1.44,280.1
13.0,73.5,2026-09-02T00:00:00Z,1.87,15.5,1.45,280.0
13.0,73.58333333333331,2026-09-02T00:00:00Z,1.87,15.5,1.45,279.9
13.0,73.66666666666666,2026-09-02T00:00:00Z,1.87,15.5,1.39,269.4
13.0,73.75,2026-09-02T00:00:00Z,1.87,15.5,1.13,269.4
13.0,73.83333333333331,2026-09-02T00:00:00Z,1.86,15.5,0.9,205.3
13.0,73.91666666666666,2026-09-02T00:00:00Z,1.86,15.5,0.92,205.8
13.0,74.0,2026-09-02T00:00:00Z,1.85,15.5,0.97,211.1
13.0,74.08333333333331,2026-09-02T00:00:00Z,1.83,15.4,1.36,278.9
13.0,74.16666666666666,2026-09-02T00:00:00Z,1.81,15.4,1.44,278.6
13.0,74.25,2026-09-02T00:00:00Z,1.78,15.3,1.43,278.6
13.0,74.33333333333331,2026-09-02T00:00:00Z,1.74,13.2,1.42,278.5
13.0,74.41666666666666,2026-09-02T00:00:00Z,1.7,9.2,1.41,278.3
13.0,74.5,2026-09-02T00:00:00Z,1.67,9.1,1.4,278.2
13.0,74.58333333333331,2026-09-02T00:00:00Z,1.64,9.1,1.39,277.7
13.0,74.66666666666666,2026-09-02T00:00:00Z,1.6,9.0,1.37,276.8
13.0,74.75,2026-09-02T00:00:00Z,1.51,9.0,1.32,276.8
13.0,80.33333333333331,2026-09-02T00:00:00Z,0.86,12.4,0.57,141.8
13.0,80.41666666666663,2026-09-02T00:00:00Z,1.09,13.8,0.74,145.1
13.0,80.5,2026-09-02T00:00:00Z,1.2,15.8,0.85,148.1
13.0,80.58333333333331,2026-09-02T00:00:00Z,1.24,17.1,0.89,149.4
13.0,80.66666666666663,2026-09-02T00:00:00Z,1.27,17.4,0.9,150.2
13.0,80.75,2026-09-02T00:00:00Z,1.3,17.5,0.91,150.2
13.0,80.83333333333331,2026-09-02T00:00:00Z,1.32,17.7,0.91,150.9
13.0,80.91666666666663,2026-09-02T00:00:00Z,1.33,17.8,0.9,151.6
13.0,81.0,2026-09-02T00:00:00Z,1.36,17.9,0.91,152.6
13.083333333333329,73.0,2026-09-02T00:00:00Z,1.87,15.3,1.45,279.5
13.083333333333329,73.08333333333331,2026-09-02T00:00:00Z,1.88,15.4,1.45,279.6
13.083333333333329,73.16666666666666,2026-09-02T00:00:00Z,1.88,15.4,1.45,279.7
13.083333333333329,73.25,2026-09-02T00:00:00Z,1.88,15.5,1.45,279.7
13.083333333333329,73.33333333333331,2026-09-02T00:00:00Z,1.88,15.5,1.45,279.7
13.083333333333329,73.41666666666666,2026-09-02T00:00:00Z,1.88,15.5,1.45,279.7
13.083333333333329,73.5,2026-09-02T00:00:00Z,1.88,15.6,1.45,279.6
13.083333333333329,73.58333333333331,2026-09-02T00:00:00Z,1.88,15.6,1.45,279.5
13.083333333333329,73.66666666666666,2026-09-02T00:00:00Z,1.87,15.6,1.21,220.9
13.083333333333329,73.75,2026-09-02T00:00:00Z,1.87,15.6,0.99,220.9
13.083333333333329,73.83333333333331,2026-09-02T00:00:00Z,1.86,15.5,1.01,205.4
13.083333333333329,73.91666666666666,2026-09-02T00:00:00Z,1.85,15.5,1.25,259.1
13.083333333333329,74.0,2026-09-02T00:00:00Z,1.84,15.4,1.37,278.7
13.083333333333329,74.08333333333331,2026-09-02T00:00:00Z,1.82,15.4,1.43,278.4
13.083333333333329,74.16666666666666,2026-09-02T00:00:00Z,1.79,15.3,1.44,278.1
13.083333333333329,74.25,2026-09-02T00:00:00Z,1.76,13.8,1.43,278.1
13.083333333333329,74.33333333333331,2026-09-02T00:00:00Z,1.73,11.2,1.42,278.0
13.083333333333329,74.41666666666666,2026-09-02T00:00:00Z,1.7,9.1,1.41,277.9
13.083333333333329,74.5,2026-09-02T00:00:00Z,1.67,9.0,1.4,277.5
13.083333333333329,74.58333333333331,2026-09-02T00:00:00Z,1.64,9.0,1.39,277.1
13.083333333333329,74.66666666666666,2026-09-02T00:00:00Z,1.59,9.0,1.37,275.7
13.083333333333329,74.75,2026-09-02T00:00:00Z,1.55,9.1,1.34,275.7
13.083333333333329,80.33333333333331,2026-09-02T00:00:00Z,0.79,15.2,0.48,141.4
13.083333333333329,80.41666666666663,2026-09-02T00:00:00Z,1.11,16.9,0.8,146.4
13.083333333333329,80.5,2026-09-02T00:00:00Z,1.22,16.9,0.85,148.6
13.083333333333329,80.58333333333331,2026-09-02T00:00:00Z,1.26,17.0,0.86,149.7
13.083333333333329,80.66666666666663,2026-09-02T00:00:00Z,1.29,17.3,0.87,150.5
13.083333333333329,80.75,2026-09-02T00:00:00Z,1.31,17.6,0.88,150.5
13.083333333333329,80.83333333333331,2026-09-02T00:00:00Z,1.33,17.8,0.89,151.3
13.083333333333329,80.91666666666663,2026-09-02T00:00:00Z,1.35,17.9,0.9,152.0
13.083333333333329,81.0,2026-09-02T00:00:00Z,1.38,18.0,0.91,153.1
13.166666666666657,73.0,2026-09-02T00:00:00Z,1.88,15.4,1.46,279.3
13.166666666666657,73.08333333333331,2026-09-02T00:00:00Z,1.89,15.4,1.45,279.4
13.166666666666657,73.16666666666666,2026-09-02T00:00:00Z,1.89,15.5,1.45,279.5
13.166666666666657,73.25,2026-09-02T00:00:00Z,1.89,15.5,1.45,279.5
13.166666666666657,73.33333333333331,2026-09-02T00:00:00Z,1.89,15.6,1.46,279.5
13.166666666666657,73.41666666666666,2026-09-02T00:00:00Z,1.89,15.6,1.46,279.3
13.166666666666657,73.5,2026-09-02T00:00:00Z,1.89,15.6,1.46,279.1
13.166666666666657,73.58333333333331,2026-09-02T00:00:00Z,1.89,15.6,1.47,279.0
13.166666666666657,73.66666666666666,2026-09-02T00:00:00Z,1.88,15.6,1.37,278.8
13.166666666666657,73.75,2026-09-02T00:00:00Z,1.87,15.5,1.3,278.8
13.166666666666657,73.83333333333331,2026-09-02T00:00:00Z,1.86,15.5,1.32,278.5
13.166666666666657,73.91666666666666,2026-09-02T00:00:00Z,1.84,15.4,1.42,278.4
13.166666666666657,74.0,2026-09-02T00:00:00Z,1.83,15.4,1.46,278.1
13.166666666666657,74.08333333333331,2026-09-02T00:00:00Z,1.81,15.4,1.45,277.9
13.166666666666657,74.16666666666666,2026-09-02T00:00:00Z,1.78,15.4,1.44,277.7
13.166666666666657,74.25,2026-09-02T00:00:00Z,1.75,13.5,1.42,277.7
13.166666666666657,74.33333333333331,2026-09-02T00:00:00Z,1.71,10.7,1.41,277.6
13.166666666666657,74.41666666666666,2026-09-02T00:00:00Z,1.68,9.0,1.4,277.4
13.166666666666657,74.5,2026-09-02T00:00:00Z,1.66,9.0,1.39,277.1
13.166666666666657,74.58333333333331,2026-09-02T00:00:00Z,1.63,9.0,1.38,276.5
13.166666666666657,74.66666666666666,2026-09-02T00:00:00Z,1.57,9.0,1.35,275.0
13.166666666666657,74.75,2026-09-02T00:00:00Z,1.52,9.0,1.31,275.0
13.166666666666657,80.33333333333331,2026-09-02T00:00:00Z,0.73,16.1,0.43,140.8
13.166666666666657,80.41666666666663,2026-09-02T00:00:00Z,1.1,18.2,0.79,146.6
13.166666666666657,80.5,2026-09-02T00:00:00Z,1.22,18.1,0.82,149.0
13.166666666666657,80.58333333333331,2026-09-02T00:00:00Z,1.27,15.8,0.84,150.1
13.166666666666657,80.66666666666663,2026-09-02T00:00:00Z,1.3,16.6,0.86,150.9
13.166666666666657,80.75,2026-09-02T00:00:00Z,1.33,17.5,0.87,150.9
13.166666666666657,80.83333333333331,2026-09-02T00:00:00Z,1.35,17.9,0.88,151.7
13.166666666666657,80.91666666666663,2026-09-02T00:00:00Z,1.37,18.1,0.89,152.5
13.166666666666657,81.0,2026-09-02T00:00:00Z,1.39,18.2,0.89,153.5
13.25,73.0,2026-09-02T00:00:00Z,1.9,15.4,1.46,278.9
13.25,73.08333333333331,2026-09-02T00:00:00Z,1.9,15.5,1.46,279.0
13.25,73.16666666666666,2026-09-02T00:00:00Z,1.9,15.5,1.46,279.0
13.25,73.25,2026-09-02T00:00:00Z,1.9,15.6,1.46,279.0
13.25,73.33333333333331,2026-09-02T00:00:00Z,1.9,15.6,1.46,278.9
13.25,73.41666666666666,2026-09-02T00:00:00Z,1.9,15.6,1.47,278.7
13.25,73.5,2026-09-02T00:00:00Z,1.9,15.6,1.48,278.6
13.25,73.58333333333331,2026-09-02T00:00:00Z,1.89,15.6,1.48,278.5
13.25,73.66666666666666,2026-09-02T00:00:00Z,1.88,15.6,1.48,278.4
13.25,73.75,2026-09-02T00:00:00Z,1.87,15.5,1.48,278.4
13.25,73.83333333333331,2026-09-02T00:00:00Z,1.85,15.5,1.48,278.2
13.25,73.91666666666666,2026-09-02T00:00:00Z,1.83,15.3,1.48,278.1
13.25,74.0,2026-09-02T00:00:00Z,1.82,14.6,1.47,277.9
13.25,74.08333333333331,2026-09-02T00:00:00Z,1.8,13.3,1.46,277.6
13.25,74.16666666666666,2026-09-02T00:00:00Z,1.77,14.7,1.44,277.4
13.25,74.25,2026-09-02T00:00:00Z,1.73,14.3,1.41,277.4
13.25,74.33333333333331,2026-09-02T00:00:00Z,1.69,11.7,1.4,277.2
13.25,74.41666666666666,2026-09-02T00:00:00Z,1.66,8.9,1.39,277.0
13.25,74.5,2026-09-02T00:00:00Z,1.64,8.9,1.38,276.7
13.25,74.58333333333331,2026-09-02T00:00:00Z,1.6,8.9,1.36,276.2
13.25,74.66666666666666,2026-09-02T00:00:00Z,1.54,9.0,1.31,274.5
13.25,80.33333333333331,2026-09-02T00:00:00Z,0.74,15.2,0.42,143.2
13.25,80.41666666666663,2026-09-02T00:00:00Z,1.03,17.7,0.71,146.0
13.25,80.5,2026-09-02T00:00:00Z,1.21,18.7,0.81,149.2
13.25,80.58333333333331,2026-09-02T00:00:00Z,1.27,16.7,0.83,150.6
13.25,80.66666666666663,2026-09-02T00:00:00Z,1.31,17.0,0.85,151.3
13.25,80.75,2026-09-02T00:00:00Z,1.34,17.6,0.86,151.3
13.25,80.83333333333331,2026-09-02T00:00:00Z,1.36,18.0,0.87,152.0
13.25,80.91666666666663,2026-09-02T00:00:00Z,1.38,18.2,0.87,152.9
13.25,81.0,2026-09-02T00:00:00Z,1.4,18.4,0.87,154.0
13.333333333333329,73.0,2026-09-02T00:00:00Z,1.91,15.5,1.47,278.9
13.333333333333329,73.08333333333331,2026-09-02T00:00:00Z,1.91,15.5,1.47,279.0
13.333333333333329,73.16666666666666,2026-09-02T00:00:00Z,1.91,15.5,1.47,279.0
13.333333333333329,73.25,2026-09-02T00:00:00Z,1.91,15.6,1.47,279.0
13.333333333333329,73.33333333333331,2026-09-02T00:00:00Z,1.91,15.6,1.48,278.9
13.333333333333329,73.41666666666666,2026-09-02T00:00:00Z,1.91,15.6,1.48,278.7
13.333333333333329,73.5,2026-09-02T00:00:00Z,1.9,15.7,1.49,278.6
13.333333333333329,73.58333333333331,2026-09-02T00:00:00Z,1.9,15.6,1.49,278.5
13.333333333333329,73.66666666666666,2026-09-02T00:00:00Z,1.89,15.6,1.49,278.4
13.333333333333329,73.75,2026-09-02T00:00:00Z,1.87,15.5,1.49,278.4
13.333333333333329,73.83333333333331,2026-09-02T00:00:00Z,1.84,15.5,1.49,278.2
13.333333333333329,73.91666666666666,2026-09-02T00:00:00Z,1.83,15.0,1.48,278.1
13.333333333333329,74.0,2026-09-02T00:00:00Z,1.81,12.6,1.48,277.9
13.333333333333329,74.08333333333331,2026-09-02T00:00:00Z,1.79,10.6,1.47,277.6
13.333333333333329,74.16666666666666,2026-09-02T00:00:00Z,1.76,12.4,1.45,277.4
13.333333333333329,74.25,2026-09-02T00:00:00Z,1.72,13.0,1.42,277.4
13.333333333333329,74.33333333333331,2026-09-02T00:00:00Z,1.68,11.4,1.4,277.2
13.333333333333329,74.41666666666666,2026-09-02T00:00:00Z,1.65,8.9,1.39,277.0
13.333333333333329,74.5,2026-09-02T00:00:00Z,1.63,8.9,1.38,276.7
13.333333333333329,74.58333333333331,2026-09-02T00:00:00Z,1.59,8.9,1.35,276.2
13.333333333333329,74.66666666666666,2026-09-02T00:00:00Z,1.48,9.0,1.27,274.5
13.333333333333329,80.41666666666663,2026-09-02T00:00:00Z,0.97,15.4,0.59,146.0
13.333333333333329,80.5,2026-09-02T00:00:00Z,1.17,18.1,0.78,149.2
13.333333333333329,80.58333333333331,2026-09-02T00:00:00Z,1.25,16.6,0.77,150.6
13.333333333333329,80.66666666666663,2026-09-02T00:00:00Z,1.31,17.3,0.82,151.3
13.333333333333329,80.75,2026-09-02T00:00:00Z,1.34,17.9,0.85,151.3
13.333333333333329,80.83333333333331,2026-09-02T00:00:00Z,1.37,18.1,0.85,152.0
13.333333333333329,80.91666666666663,2026-09-02T00:00:00Z,1.39,18.4,0.85,152.9
13.333333333333329,81.0,2026-09-02T00:00:00Z,1.41,18.5,0.86,154.0
13.416666666666657,73.0,2026-09-02T00:00:00Z,1.92,15.5,1.48,278.5
13.416666666666657,73.08333333333331,2026-09-02T00:00:00Z,1.92,15.5,1.48,278.6
13.416666666666657,73.16666666666666,2026-09-02T00:00:00Z,1.92,15.6,1.48,278.5
13.416666666666657,73.25,2026-09-02T00:00:00Z,1.92,15.6,1.48,278.5
13.416666666666657,73.33333333333331,2026-09-02T00:00:00Z,1.92,15.7,1.49,278.3
13.416666666666657,73.41666666666666,2026-09-02T00:00:00Z,1.92,15.7,1.49,278.3
13.416666666666657,73.5,2026-09-02T00:00:00Z,1.91,15.7,1.49,278.2
13.416666666666657,73.58333333333331,2026-09-02T00:00:00Z,1.91,15.7,1.49,278.2
13.416666666666657,73.66666666666666,2026-09-02T00:00:00Z,1.89,15.6,1.5,277.9
13.416666666666657,73.75,2026-09-02T00:00:00Z,1.87,15.6,1.5,277.9
13.416666666666657,73.83333333333331,2026-09-02T00:00:00Z,1.85,15.5,1.5,278.0
13.416666666666657,73.91666666666666,2026-09-02T00:00:00Z,1.83,14.6,1.49,277.7
13.416666666666657,74.0,2026-09-02T00:00:00Z,1.81,10.1,1.49,277.3
13.416666666666657,74.08333333333331,2026-09-02T00:00:00Z,1.79,9.3,1.48,276.9
13.416666666666657,74.16666666666666,2026-09-02T00:00:00Z,1.77,9.1,1.46,276.8
13.416666666666657,74.25,2026-09-02T00:00:00Z,1.73,9.0,1.44,276.8
13.416666666666657,74.33333333333331,2026-09-02T00:00:00Z,1.69,9.0,1.42,276.6
13.416666666666657,74.41666666666666,2026-09-02T00:00:00Z,1.66,9.0,1.41,276.4
13.416666666666657,74.5,2026-09-02T00:00:00Z,1.64,8.9,1.39,276.1
13.416666666666657,74.58333333333331,2026-09-02T00:00:00Z,1.6,9.0,1.36,275.5
13.416666666666657,80.41666666666663,2026-09-02T00:00:00Z,0.93,12.7,0.49,145.7
13.416666666666657,80.5,2026-09-02T00:00:00Z,1.13,16.0,0.71,149.3
13.416666666666657,80.58333333333331,2026-09-02T00:00:00Z,1.22,13.2,0.66,150.1
13.416666666666657,80.66666666666663,2026-09-02T00:00:00Z,1.3,16.2,0.77,151.9
13.416666666666657,80.75,2026-09-02T00:00:00Z,1.35,18.2,0.84,151.9
13.416666666666657,80.83333333333331,2026-09-02T00:00:00Z,1.38,18.4,0.84,152.4
13.416666666666657,80.91666666666663,2026-09-02T00:00:00Z,1.4,18.6,0.85,153.2
13.416666666666657,81.0,2026-09-02T00:00:00Z,1.43,18.6,0.86,154.3
13.5,73.0,2026-09-02T00:00:00Z,1.94,15.5,1.49,278.2
13.5,73.08333333333331,2026-09-02T00:00:00Z,1.94,15.6,1.49,278.4
13.5,73.16666666666666,2026-09-02T00:00:00Z,1.94,15.6,1.49,278.5
13.5,73.25,2026-09-02T00:00:00Z,1.94,15.7,1.49,278.5
13.5,73.33333333333331,2026-09-02T00:00:00Z,1.94,15.7,1.49,278.6
13.5,73.41666666666666,2026-09-02T00:00:00Z,1.93,15.7,1.49,278.6
13.5,73.5,2026-09-02T00:00:00Z,1.93,15.7,1.49,278.4
13.5,73.58333333333331,2026-09-02T00:00:00Z,1.92,15.7,1.5,278.2
13.5,73.66666666666666,2026-09-02T00:00:00Z,1.9,15.6,1.51,277.6
13.5,73.75,2026-09-02T00:00:00Z,1.88,15.6,1.52,277.6
13.5,73.83333333333331,2026-09-02T00:00:00Z,1.86,15.5,1.52,277.6
13.5,73.91666666666666,2026-09-02T00:00:00Z,1.84,14.6,1.51,277.0
13.5,74.0,2026-09-02T00:00:00Z,1.82,10.1,1.5,276.7
13.5,74.08333333333331,2026-09-02T00:00:00Z,1.8,9.3,1.49,276.5
13.5,74.16666666666666,2026-09-02T00:00:00Z,1.77,9.1,1.47,276.3
13.5,74.25,2026-09-02T00:00:00Z,1.74,9.1,1.46,276.3
13.5,74.33333333333331,2026-09-02T00:00:00Z,1.72,9.1,1.45,276.1
13.5,74.41666666666666,2026-09-02T00:00:00Z,1.69,9.0,1.44,275.8
13.5,74.5,2026-09-02T00:00:00Z,1.66,9.0,1.42,275.3
13.5,74.58333333333331,2026-09-02T00:00:00Z,1.63,9.0,1.4,274.4
13.5,80.41666666666663,2026-09-02T00:00:00Z,0.92,13.4,0.42,144.4
13.5,80.5,2026-09-02T00:00:00Z,1.09,13.0,0.63,148.7
13.5,80.58333333333331,2026-09-02T00:00:00Z,1.18,12.5,0.64,150.7
13.5,80.66666666666663,2026-09-02T00:00:00Z,1.28,15.9,0.75,152.1
13.5,80.75,2026-09-02T00:00:00Z,1.35,18.1,0.82,152.1
13.5,80.83333333333331,2026-09-02T00:00:00Z,1.38,18.6,0.83,152.8
13.5,80.91666666666663,2026-09-02T00:00:00Z,1.4,18.6,0.84,153.5
13.5,81.0,2026-09-02T00:00:00Z,1.43,18.7,0.85,154.7
13.583333333333329,73.0,2026-09-02T00:00:00Z,1.95,15.6,1.48,278.1
13.583333333333329,73.08333333333331,2026-09-02T00:00:00Z,1.95,15.6,1.48,278.1
13.583333333333329,73.16666666666666,2026-09-02T00:00:00Z,1.95,15.6,1.49,277.9
13.583333333333329,73.25,2026-09-02T00:00:00Z,1.95,15.7,1.5,277.9
13.583333333333329,73.33333333333331,2026-09-02T00:00:00Z,1.94,15.7,1.5,277.7
13.583333333333329,73.41666666666666,2026-09-02T00:00:00Z,1.94,15.7,1.51,277.4
13.583333333333329,73.5,2026-09-02T00:00:00Z,1.93,15.7,1.51,277.2
13.583333333333329,73.58333333333331,2026-09-02T00:00:00Z,1.92,15.7,1.52,277.0
13.583333333333329,73.66666666666666,2026-09-02T00:00:00Z,1.9,15.7,1.53,277.2
13.583333333333329,73.75,2026-09-02T00:00:00Z,1.88,15.6,1.52,277.2
13.583333333333329,73.83333333333331,2026-09-02T00:00:00Z,1.86,14.7,1.52,277.4
13.583333333333329,73.91666666666666,2026-09-02T00:00:00Z,1.84,12.5,1.51,277.1
13.583333333333329,74.0,2026-09-02T00:00:00Z,1.82,9.4,1.51,276.6
13.583333333333329,74.08333333333331,2026-09-02T00:00:00Z,1.8,9.2,1.5,276.2
13.583333333333329,74.16666666666666,2026-09-02T00:00:00Z,1.78,9.1,1.48,276.0
13.583333333333329,74.25,2026-09-02T00:00:00Z,1.75,9.1,1.47,276.0
13.583333333333329,74.33333333333331,2026-09-02T00:00:00Z,1.73,9.1,1.47,275.6
13.583333333333329,74.41666666666666,2026-09-02T00:00:00Z,1.71,9.1,1.45,275.2
13.583333333333329,74.5,2026-09-02T00:00:00Z,1.67,9.0,1.44,274.7
13.583333333333329,74.58333333333331,2026-09-02T00:00:00Z,1.62,9.0,1.4,273.4
13.583333333333329,80.41666666666663,2026-09-02T00:00:00Z,0.91,13.1,0.48,145.0
13.583333333333329,80.5,2026-09-02T00:00:00Z,1.06,12.8,0.58,149.0
13.583333333333329,80.58333333333331,2026-09-02T00:00:00Z,1.17,13.4,0.67,151.4
13.583333333333329,80.66666666666663,2026-09-02T00:00:00Z,1.27,15.8,0.76,152.5
13.583333333333329,80.75,2026-09-02T00:00:00Z,1.34,17.8,0.81,152.5
13.583333333333329,80.83333333333331,2026-09-02T00:00:00Z,1.38,18.6,0.83,153.3
13.583333333333329,80.91666666666663,2026-09-02T00:00:00Z,1.42,17.7,0.84,154.1
13.583333333333329,81.0,2026-09-02T00:00:00Z,1.45,12.9,0.85,155.1
13.666666666666657,73.0,2026-09-02T00:00:00Z,1.96,15.6,1.49,277.3
13.666666666666657,73.08333333333331,2026-09-02T00:00:00Z,1.96,15.6,1.49,277.3
13.666666666666657,73.16666666666666,2026-09-02T00:00:00Z,1.96,15.7,1.51,277.1
13.666666666666657,73.25,2026-09-02T00:00:00Z,1.95,15.7,1.52,277.1
13.666666666666657,73.33333333333331,2026-09-02T00:00:00Z,1.95,15.7,1.53,276.8
13.666666666666657,73.41666666666666,2026-09-02T00:00:00Z,1.94,15.8,1.53,276.6
13.666666666666657,73.5,2026-09-02T00:00:00Z,1.93,15.8,1.53,276.4
13.666666666666657,73.58333333333331,2026-09-02T00:00:00Z,1.92,15.7,1.53,276.3
13.666666666666657,73.66666666666666,2026-09-02T00:00:00Z,1.9,15.7,1.52,276.9
13.666666666666657,73.75,2026-09-02T00:00:00Z,1.88,15.5,1.52,276.9
13.666666666666657,73.83333333333331,2026-09-02T00:00:00Z,1.86,13.6,1.52,277.2
13.666666666666657,73.91666666666666,2026-09-02T00:00:00Z,1.83,10.1,1.51,276.6
13.666666666666657,74.0,2026-09-02T00:00:00Z,1.81,9.2,1.5,276.1
13.666666666666657,74.08333333333331,2026-09-02T00:00:00Z,1.79,9.1,1.5,275.9
13.666666666666657,74.16666666666666,2026-09-02T00:00:00Z,1.77,9.1,1.49,275.5
13.666666666666657,74.25,2026-09-02T00:00:00Z,1.76,9.1,1.48,275.5
13.666666666666657,74.33333333333331,2026-09-02T00:00:00Z,1.74,9.1,1.47,275.1
13.666666666666657,74.41666666666666,2026-09-02T00:00:00Z,1.71,9.1,1.46,274.6
13.666666666666657,74.5,2026-09-02T00:00:00Z,1.68,9.1,1.44,274.1
13.666666666666657,74.58333333333331,2026-09-02T00:00:00Z,1.61,9.1,1.38,272.2
13.666666666666657,74.66666666666666,2026-09-02T00:00:00Z,1.26,8.0,1.05,269.2
13.666666666666657,80.33333333333331,2026-09-02T00:00:00Z,0.7,12.8,0.31,142.6
13.666666666666657,80.41666666666663,2026-09-02T00:00:00Z,0.87,12.7,0.46,145.0
13.666666666666657,80.5,2026-09-02T00:00:00Z,1.06,12.5,0.59,148.8
13.666666666666657,80.58333333333331,2026-09-02T00:00:00Z,1.17,13.5,0.67,151.7
13.666666666666657,80.66666666666663,2026-09-02T00:00:00Z,1.26,15.1,0.76,153.1
13.666666666666657,80.75,2026-09-02T00:00:00Z,1.33,16.8,0.81,153.1
13.666666666666657,80.83333333333331,2026-09-02T00:00:00Z,1.38,14.9,0.82,153.8
13.666666666666657,80.91666666666663,2026-09-02T00:00:00Z,1.42,9.1,0.83,154.5
13.666666666666657,81.0,2026-09-02T00:00:00Z,1.45,7.2,0.84,155.5
13.75,73.0,2026-09-02T00:00:00Z,1.96,15.6,1.5,276.8
13.75,73.08333333333331,2026-09-02T00:00:00Z,1.96,15.7,1.51,276.9
13.75,73.16666666666666,2026-09-02T00:00:00Z,1.96,15.7,1.52,276.8
13.75,73.25,2026-09-02T00:00:00Z,1.95,15.7,1.54,276.8
13.75,73.33333333333331,2026-09-02T00:00:00Z,1.95,15.8,1.55,276.6
13.75,73.41666666666666,2026-09-02T00:00:00Z,1.94,15.8,1.55,276.6
13.75,73.5,2026-09-02T00:00:00Z,1.93,15.8,1.55,276.6
13.75,73.58333333333331,2026-09-02T00:00:00Z,1.91,15.7,1.53,276.9
13.75,73.66666666666666,2026-09-02T00:00:00Z,1.9,15.7,1.53,276.9
13.75,73.75,2026-09-02T00:00:00Z,1.88,15.6,1.52,276.9
13.75,73.83333333333331,2026-09-02T00:00:00Z,1.85,13.7,1.52,276.7
13.75,73.91666666666666,2026-09-02T00:00:00Z,1.82,10.1,1.51,276.1
13.75,74.0,2026-09-02T00:00:00Z,1.79,9.1,1.5,275.8
13.75,74.08333333333331,2026-09-02T00:00:00Z,1.77,9.1,1.49,275.5
13.75,74.16666666666666,2026-09-02T00:00:00Z,1.77,9.1,1.49,275.1
13.75,74.25,2026-09-02T00:00:00Z,1.76,9.1,1.49,275.1
13.75,74.33333333333331,2026-09-02T00:00:00Z,1.74,9.1,1.48,274.6
13.75,74.41666666666666,2026-09-02T00:00:00Z,1.71,9.1,1.46,274.0
13.75,74.5,2026-09-02T00:00:00Z,1.68,9.1,1.44,273.3
13.75,74.58333333333331,2026-09-02T00:00:00Z,1.59,9.1,1.38,271.9
13.75,74.66666666666666,2026-09-02T00:00:00Z,1.29,8.3,1.11,270.6
13.75,80.33333333333331,2026-09-02T00:00:00Z,0.68,12.5,0.36,147.2
13.75,80.41666666666663,2026-09-02T00:00:00Z,0.87,12.5,0.45,146.1
13.75,80.5,2026-09-02T00:00:00Z,1.05,12.5,0.5,150.7
13.75,80.58333333333331,2026-09-02T00:00:00Z,1.17,13.5,0.65,153.0
13.75,80.66666666666663,2026-09-02T00:00:00Z,1.25,15.4,0.76,153.7
13.75,80.75,2026-09-02T00:00:00Z,1.32,17.1,0.8,153.7
13.75,80.83333333333331,2026-09-02T00:00:00Z,1.37,14.4,0.82,154.3
13.75,80.91666666666663,2026-09-02T00:00:00Z,1.41,7.7,0.83,155.1
13.75,81.0,2026-09-02T00:00:00Z,1.44,9.1,0.84,156.1
13.833333333333329,73.0,2026-09-02T00:00:00Z,1.96,15.7,1.51,276.8
13.833333333333329,73.08333333333331,2026-09-02T00:00:00Z,1.96,15.7,1.51,276.9
13.833333333333329,73.16666666666666,2026-09-02T00:00:00Z,1.96,15.7,1.53,276.8
13.833333333333329,73.25,2026-09-02T00:00:00Z,1.96,15.8,1.55,276.8
13.833333333333329,73.33333333333331,2026-09-02T00:00:00Z,1.95,15.8,1.56,276.6
13.833333333333329,73.41666666666666,2026-09-02T00:00:00Z,1.94,15.8,1.56,276.6
13.833333333333329,73.5,2026-09-02T00:00:00Z,1.92,15.8,1.55,276.6
13.833333333333329,73.58333333333331,2026-09-02T00:00:00Z,1.91,15.7,1.54,276.9
13.833333333333329,73.66666666666666,2026-09-02T00:00:00Z,1.89,15.7,1.53,276.9
13.833333333333329,73.75,2026-09-02T00:00:00Z,1.87,15.0,1.52,276.9
13.833333333333329,73.83333333333331,2026-09-02T00:00:00Z,1.85,13.1,1.52,276.7
13.833333333333329,73.91666666666666,2026-09-02T00:00:00Z,1.82,10.4,1.51,276.1
13.833333333333329,74.0,2026-09-02T00:00:00Z,1.78,9.1,1.49,275.8
13.833333333333329,74.08333333333331,2026-09-02T00:00:00Z,1.77,9.1,1.49,275.5
13.833333333333329,74.16666666666666,2026-09-02T00:00:00Z,1.76,9.1,1.49,275.1
13.833333333333329,74.25,2026-09-02T00:00:00Z,1.75,9.1,1.49,275.1
13.833333333333329,74.33333333333331,2026-09-02T00:00:00Z,1.73,9.1,1.47,274.6
13.833333333333329,74.41666666666666,2026-09-02T00:00:00Z,1.7,9.1,1.46,274.0
13.833333333333329,74.5,2026-09-02T00:00:00Z,1.67,9.1,1.43,273.3
13.833333333333329,74.58333333333331,2026-09-02T00:00:00Z,1.59,9.1,1.38,271.9
13.833333333333329,80.25,2026-09-02T00:00:00Z,0.52,12.0,0.37,150.2
13.833333333333329,80.33333333333331,2026-09-02T00:00:00Z,0.68,12.1,0.44,147.2
13.833333333333329,80.41666666666663,2026-09-02T00:00:00Z,0.88,12.3,0.49,146.1
13.833333333333329,80.5,2026-09-02T00:00:00Z,1.04,12.8,0.47,150.7
13.833333333333329,80.58333333333331,2026-09-02T00:00:00Z,1.15,13.6,0.66,153.0
13.833333333333329,80.66666666666663,2026-09-02T00:00:00Z,1.24,15.5,0.76,153.7
13.833333333333329,80.75,2026-09-02T00:00:00Z,1.31,17.3,0.8,153.7
13.833333333333329,80.83333333333331,2026-09-02T00:00:00Z,1.36,16.5,0.81,154.3
13.833333333333329,80.91666666666663,2026-09-02T00:00:00Z,1.39,13.3,0.83,155.1
13.833333333333329,81.0,2026-09-02T00:00:00Z,1.4,15.1,0.84,156.1
13.916666666666657,73.0,2026-09-02T00:00:00Z,1.96,15.7,1.52,276.5
13.916666666666657,73.08333333333331,2026-09-02T00:00:00Z,1.96,15.7,1.52,276.6
13.916666666666657,73.16666666666666,2026-09-02T00:00:00Z,1.96,15.8,1.53,276.6
13.916666666666657,73.25,2026-09-02T00:00:00Z,1.96,15.8,1.55,276.6
13.916666666666657,73.33333333333331,2026-09-02T00:00:00Z,1.95,15.8,1.56,276.5
13.916666666666657,73.41666666666666,2026-09-02T00:00:00Z,1.94,15.8,1.56,276.6
13.916666666666657,73.5,2026-09-02T00:00:00Z,1.92,15.7,1.55,276.8
13.916666666666657,73.58333333333331,2026-09-02T00:00:00Z,1.9,15.7,1.54,277.0
13.916666666666657,73.66666666666666,2026-09-02T00:00:00Z,1.88,15.5,1.53,276.7
13.916666666666657,73.75,2026-09-02T00:00:00Z,1.87,13.2,1.52,276.7
13.916666666666657,73.83333333333331,2026-09-02T00:00:00Z,1.85,10.4,1.52,276.2
13.916666666666657,73.91666666666666,2026-09-02T00:00:00Z,1.82,9.1,1.51,275.9
13.916666666666657,74.0,2026-09-02T00:00:00Z,1.79,9.1,1.5,275.6
13.916666666666657,74.08333333333331,2026-09-02T00:00:00Z,1.77,9.1,1.5,275.1
13.916666666666657,74.16666666666666,2026-09-02T00:00:00Z,1.75,9.1,1.49,274.6
13.916666666666657,74.25,2026-09-02T00:00:00Z,1.74,9.1,1.48,274.6
13.916666666666657,74.33333333333331,2026-09-02T00:00:00Z,1.72,9.1,1.47,274.1
13.916666666666657,74.41666666666666,2026-09-02T00:00:00Z,1.69,9.1,1.45,273.5
13.916666666666657,74.5,2026-09-02T00:00:00Z,1.65,9.1,1.42,272.3
13.916666666666657,80.33333333333331,2026-09-02T00:00:00Z,0.67,11.6,0.47,146.8
13.916666666666657,80.41666666666663,2026-09-02T00:00:00Z,0.86,12.1,0.55,147.3
13.916666666666657,80.5,2026-09-02T00:00:00Z,1.02,13.1,0.61,150.5
13.916666666666657,80.58333333333331,2026-09-02T00:00:00Z,1.13,13.8,0.71,153.3
13.916666666666657,80.66666666666663,2026-09-02T00:00:00Z,1.21,14.3,0.78,154.3
13.916666666666657,80.75,2026-09-02T00:00:00Z,1.27,15.8,0.8,154.3
13.916666666666657,80.83333333333331,2026-09-02T00:00:00Z,1.32,17.7,0.81,154.9
13.916666666666657,80.91666666666663,2026-09-02T00:00:00Z,1.34,18.8,0.82,155.6
13.916666666666657,81.0,2026-09-02T00:00:00Z,1.34,18.8,0.84,156.6
14.0,73.0,2026-09-02T00:00:00Z,1.96,15.7,1.53,276.4
14.0,73.08333333333331,2026-09-02T00:00:00Z,1.97,15.7,1.53,276.3
14.0,73.16666666666666,2026-09-02T00:00:00Z,1.97,15.8,1.53,276.4
14.0,73.25,2026-09-02T00:00:00Z,1.96,15.8,1.54,276.4
14.0,73.33333333333331,2026-09-02T00:00:00Z,1.95,15.8,1.55,276.5
14.0,73.41666666666666,2026-09-02T00:00:00Z,1.93,15.8,1.55,276.8
14.0,73.5,2026-09-02T00:00:00Z,1.91,15.7,1.55,276.8
14.0,73.58333333333331,2026-09-02T00:00:00Z,1.89,15.7,1.54,276.5
14.0,73.66666666666666,2026-09-02T00:00:00Z,1.88,14.4,1.53,276.2
14.0,73.75,2026-09-02T00:00:00Z,1.86,11.5,1.52,276.2
14.0,73.83333333333331,2026-09-02T00:00:00Z,1.84,9.2,1.51,275.8
14.0,73.91666666666666,2026-09-02T00:00:00Z,1.82,9.1,1.51,275.6
14.0,74.0,2026-09-02T00:00:00Z,1.79,9.1,1.51,275.4
14.0,74.08333333333331,2026-09-02T00:00:00Z,1.76,9.1,1.5,274.8
14.0,74.16666666666666,2026-09-02T00:00:00Z,1.75,9.1,1.49,274.2
14.0,74.25,2026-09-02T00:00:00Z,1.72,9.1,1.47,274.2
14.0,74.33333333333331,2026-09-02T00:00:00Z,1.69,9.0,1.44,273.7
14.0,80.33333333333331,2026-09-02T00:00:00Z,0.68,11.6,0.47,147.1
14.0,80.41666666666663,2026-09-02T00:00:00Z,0.83,11.9,0.55,146.3
14.0,80.5,2026-09-02T00:00:00Z,0.98,12.6,0.62,150.8
14.0,80.58333333333331,2026-09-02T00:00:00Z,1.09,13.8,0.68,153.5
14.0,80.66666666666663,2026-09-02T00:00:00Z,1.17,14.3,0.77,155.0
14.0,80.75,2026-09-02T00:00:00Z,1.22,15.1,0.82,155.0
14.0,80.83333333333331,2026-09-02T00:00:00Z,1.26,16.7,0.82,155.6
14.0,80.91666666666663,2026-09-02T00:00:00Z,1.28,18.8,0.82,156.1
14.0,81.0,2026-09-02T00:00:00Z,1.29,18.8,0.84,157.0
14.083333333333329,73.0,2026-09-02T00:00:00Z,1.97,15.7,1.53,276.2
14.083333333333329,73.08333333333331,2026-09-02T00:00:00Z,1.97,15.8,1.53,276.1
14.083333333333329,73.16666666666666,2026-09-02T00:00:00Z,1.97,15.8,1.53,276.2
14.083333333333329,73.25,2026-09-02T00:00:00Z,1.96,15.8,1.54,276.2
14.083333333333329,73.33333333333331,2026-09-02T00:00:00Z,1.95,15.8,1.54,276.8
14.083333333333329,73.41666666666666,2026-09-02T00:00:00Z,1.92,14.9,1.55,276.7
14.083333333333329,73.5,2026-09-02T00:00:00Z,1.9,10.6,1.54,276.3
14.083333333333329,73.58333333333331,2026-09-02T00:00:00Z,1.88,10.4,1.54,275.9
14.083333333333329,73.66666666666666,2026-09-02T00:00:00Z,1.87,10.1,1.53,275.3
14.083333333333329,73.75,2026-09-02T00:00:00Z,1.85,9.6,1.52,275.3
14.083333333333329,73.83333333333331,2026-09-02T00:00:00Z,1.83,9.2,1.51,275.0
14.083333333333329,73.91666666666666,2026-09-02T00:00:00Z,1.8,9.1,1.5,274.8
14.083333333333329,74.0,2026-09-02T00:00:00Z,1.77,9.1,1.5,274.5
14.083333333333329,74.08333333333331,2026-09-02T00:00:00Z,1.76,9.1,1.5,273.9
14.083333333333329,74.16666666666666,2026-09-02T00:00:00Z,1.74,9.1,1.49,273.4
14.083333333333329,74.25,2026-09-02T00:00:00Z,1.71,9.0,1.47,273.4
14.083333333333329,74.33333333333331,2026-09-02T00:00:00Z,1.67,9.0,1.44,272.9
14.083333333333329,80.33333333333331,2026-09-02T00:00:00Z,0.68,11.8,0.47,142.8
14.083333333333329,80.41666666666663,2026-09-02T00:00:00Z,0.81,12.1,0.55,147.4
14.083333333333329,80.5,2026-09-02T00:00:00Z,0.96,12.7,0.62,151.8
14.083333333333329,80.58333333333331,2026-09-02T00:00:00Z,1.07,13.7,0.66,153.8
14.083333333333329,80.66666666666663,2026-09-02T00:00:00Z,1.13,14.3,0.74,155.3
14.083333333333329,80.75,2026-09-02T00:00:00Z,1.18,14.7,0.8,155.3
14.083333333333329,80.83333333333331,2026-09-02T00:00:00Z,1.21,16.0,0.83,156.2
14.083333333333329,80.91666666666663,2026-09-02T00:00:00Z,1.23,18.1,0.84,156.9
14.083333333333329,81.0,2026-09-02T00:00:00Z,1.25,18.8,0.85,157.4
14.166666666666657,73.0,2026-09-02T00:00:00Z,1.98,15.8,1.52,275.9
14.166666666666657,73.08333333333331,2026-09-02T00:00:00Z,1.97,15.8,1.53,275.9
14.166666666666657,73.16666666666666,2026-09-02T00:00:00Z,1.97,15.8,1.53,276.4
14.166666666666657,73.25,2026-09-02T00:00:00Z,1.96,15.8,1.54,276.4
14.166666666666657,73.33333333333331,2026-09-02T00:00:00Z,1.94,15.0,1.54,276.6
14.166666666666657,73.41666666666666,2026-09-02T00:00:00Z,1.91,12.6,1.54,276.3
14.166666666666657,73.5,2026-09-02T00:00:00Z,1.89,9.3,1.54,275.8
14.166666666666657,73.58333333333331,2026-09-02T00:00:00Z,1.87,9.2,1.53,275.2
14.166666666666657,73.66666666666666,2026-09-02T00:00:00Z,1.85,9.2,1.52,274.7
14.166666666666657,73.75,2026-09-02T00:00:00Z,1.83,9.2,1.51,274.7
14.166666666666657,73.83333333333331,2026-09-02T00:00:00Z,1.81,9.1,1.5,274.4
14.166666666666657,73.91666666666666,2026-09-02T00:00:00Z,1.78,9.1,1.5,274.0
14.166666666666657,74.0,2026-09-02T00:00:00Z,1.76,9.0,1.5,273.5
14.166666666666657,74.08333333333331,2026-09-02T00:00:00Z,1.75,9.0,1.5,273.0
14.166666666666657,74.16666666666666,2026-09-02T00:00:00Z,1.74,9.1,1.48,272.6
14.166666666666657,74.25,2026-09-02T00:00:00Z,1.71,9.0,1.46,272.6
14.166666666666657,74.33333333333331,2026-09-02T00:00:00Z,1.66,9.0,1.43,272.0
14.166666666666657,80.16666666666663,2026-09-02T00:00:00Z,0.44,11.5,0.29,142.3
14.166666666666657,80.25,2026-09-02T00:00:00Z,0.56,11.7,0.39,142.3
14.166666666666657,80.33333333333331,2026-09-02T00:00:00Z,0.66,11.8,0.46,144.5
14.166666666666657,80.41666666666663,2026-09-02T00:00:00Z,0.76,12.0,0.53,147.7
14.166666666666657,80.5,2026-09-02T00:00:00Z,0.9,12.7,0.63,151.8
14.166666666666657,80.58333333333331,2026-09-02T00:00:00Z,1.02,13.8,0.67,154.3
14.166666666666657,80.66666666666663,2026-09-02T00:00:00Z,1.09,14.3,0.7,155.1
14.166666666666657,80.75,2026-09-02T00:00:00Z,1.14,14.6,0.74,155.1
14.166666666666657,80.83333333333331,2026-09-02T00:00:00Z,1.16,15.4,0.78,156.2
14.166666666666657,80.91666666666663,2026-09-02T00:00:00Z,1.19,17.0,0.81,157.0
14.166666666666657,81.0,2026-09-02T00:00:00Z,1.23,18.8,0.76,156.7
14.25,73.0,2026-09-02T00:00:00Z,1.98,15.8,1.53,275.3
14.25,73.08333333333331,2026-09-02T00:00:00Z,1.98,15.8,1.53,275.5
14.25,73.16666666666666,2026-09-02T00:00:00Z,1.97,15.8,1.54,276.2
14.25,73.25,2026-09-02T00:00:00Z,1.96,15.5,1.54,276.2
14.25,73.33333333333331,2026-09-02T00:00:00Z,1.93,13.6,1.54,276.1
14.25,73.41666666666666,2026-09-02T00:00:00Z,1.91,10.3,1.54,275.7
14.25,73.5,2026-09-02T00:00:00Z,1.87,9.1,1.53,275.0
14.25,73.58333333333331,2026-09-02T00:00:00Z,1.85,9.1,1.52,274.5
14.25,73.66666666666666,2026-09-02T00:00:00Z,1.83,9.1,1.51,274.0
14.25,73.75,2026-09-02T00:00:00Z,1.81,9.1,1.5,274.0
14.25,73.83333333333331,2026-09-02T00:00:00Z,1.79,9.1,1.49,273.5
14.25,73.91666666666666,2026-09-02T00:00:00Z,1.77,9.0,1.49,273.1
14.25,74.0,2026-09-02T00:00:00Z,1.75,9.0,1.49,272.8
14.25,74.08333333333331,2026-09-02T00:00:00Z,1.75,9.0,1.49,272.3
14.25,74.16666666666666,2026-09-02T00:00:00Z,1.73,9.0,1.48,271.7
14.25,74.25,2026-09-02T00:00:00Z,1.69,9.0,1.45,271.7
14.25,74.33333333333331,2026-09-02T00:00:00Z,1.64,9.0,1.41,271.2
14.25,80.25,2026-09-02T00:00:00Z,0.53,11.7,0.4,143.1
14.25,80.33333333333331,2026-09-02T00:00:00Z,0.65,11.7,0.54,146.0
14.25,80.41666666666663,2026-09-02T00:00:00Z,0.74,11.8,0.58,148.9
14.25,80.5,2026-09-02T00:00:00Z,0.89,12.4,0.63,153.0
14.25,80.58333333333331,2026-09-02T00:00:00Z,0.99,13.8,0.68,155.1
14.25,80.66666666666663,2026-09-02T00:00:00Z,1.06,14.3,0.7,155.6
14.25,80.75,2026-09-02T00:00:00Z,1.1,14.6,0.72,155.6
14.25,80.83333333333331,2026-09-02T00:00:00Z,1.14,15.0,0.75,156.2
14.25,80.91666666666663,2026-09-02T00:00:00Z,1.18,15.8,0.77,156.9
14.25,81.0,2026-09-02T00:00:00Z,1.24,17.2,0.74,157.5
14.333333333333329,73.0,2026-09-02T00:00:00Z,1.98,15.8,1.54,275.3
14.333333333333329,73.08333333333331,2026-09-02T00:00:00Z,1.98,15.8,1.54,275.5
14.333333333333329,73.16666666666666,2026-09-02T00:00:00Z,1.97,15.8,1.54,276.2
14.333333333333329,73.25,2026-09-02T00:00:00Z,1.96,15.2,1.54,276.2
14.333333333333329,73.33333333333331,2026-09-02T00:00:00Z,1.93,12.7,1.54,276.1
14.333333333333329,73.41666666666666,2026-09-02T00:00:00Z,1.9,9.1,1.53,275.7
14.333333333333329,73.5,2026-09-02T00:00:00Z,1.86,9.1,1.52,275.0
14.333333333333329,73.58333333333331,2026-09-02T00:00:00Z,1.83,9.0,1.5,274.5
14.333333333333329,73.66666666666666,2026-09-02T00:00:00Z,1.8,9.0,1.48,274.0
14.333333333333329,73.75,2026-09-02T00:00:00Z,1.78,9.0,1.48,274.0
14.333333333333329,73.83333333333331,2026-09-02T00:00:00Z,1.76,9.0,1.48,273.5
14.333333333333329,73.91666666666666,2026-09-02T00:00:00Z,1.75,9.0,1.48,273.1
14.333333333333329,74.0,2026-09-02T00:00:00Z,1.74,9.0,1.48,272.8
14.333333333333329,74.08333333333331,2026-09-02T00:00:00Z,1.74,9.0,1.48,272.3
14.333333333333329,74.16666666666666,2026-09-02T00:00:00Z,1.72,9.0,1.47,271.7
14.333333333333329,74.25,2026-09-02T00:00:00Z,1.68,9.0,1.44,271.7
14.333333333333329,74.33333333333331,2026-09-02T00:00:00Z,1.61,9.0,1.39,271.2
14.333333333333329,80.25,2026-09-02T00:00:00Z,0.54,11.3,0.46,143.1
14.333333333333329,80.33333333333331,2026-09-02T00:00:00Z,0.66,11.5,0.63,146.0
14.333333333333329,80.41666666666663,2026-09-02T00:00:00Z,0.75,11.8,0.63,148.9
14.333333333333329,80.5,2026-09-02T00:00:00Z,0.9,12.3,0.54,153.0
14.333333333333329,80.58333333333331,2026-09-02T00:00:00Z,0.98,13.8,0.67,155.1
14.333333333333329,80.66666666666663,2026-09-02T00:00:00Z,1.04,14.4,0.72,155.6
14.333333333333329,80.75,2026-09-02T00:00:00Z,1.09,14.6,0.73,155.6
14.333333333333329,80.83333333333331,2026-09-02T00:00:00Z,1.14,14.9,0.74,156.2
14.333333333333329,80.91666666666663,2026-09-02T00:00:00Z,1.19,15.1,0.75,156.9
14.333333333333329,81.0,2026-09-02T00:00:00Z,1.26,15.5,0.77,157.5
14.416666666666657,73.0,2026-09-02T00:00:00Z,1.98,15.8,1.55,274.8
14.416666666666657,73.08333333333331,2026-09-02T00:00:00Z,1.98,15.8,1.55,274.8
14.416666666666657,73.16666666666666,2026-09-02T00:00:00Z,1.97,15.8,1.55,275.3
14.416666666666657,73.25,2026-09-02T00:00:00Z,1.96,14.8,1.54,275.3
14.416666666666657,73.33333333333331,2026-09-02T00:00:00Z,1.93,12.3,1.54,275.2
14.416666666666657,73.41666666666666,2026-09-02T00:00:00Z,1.89,9.1,1.52,274.7
14.416666666666657,73.5,2026-09-02T00:00:00Z,1.85,9.0,1.5,274.2
14.416666666666657,73.58333333333331,2026-09-02T00:00:00Z,1.81,9.0,1.48,273.6
14.416666666666657,73.66666666666666,2026-09-02T00:00:00Z,1.79,9.0,1.47,273.1
14.416666666666657,73.75,2026-09-02T00:00:00Z,1.76,9.0,1.46,273.1
14.416666666666657,73.83333333333331,2026-09-02T00:00:00Z,1.75,9.0,1.46,272.7
14.416666666666657,73.91666666666666,2026-09-02T00:00:00Z,1.74,9.0,1.47,272.4
14.416666666666657,74.0,2026-09-02T00:00:00Z,1.73,9.0,1.47,271.9
14.416666666666657,74.08333333333331,2026-09-02T00:00:00Z,1.72,9.0,1.47,271.5
14.416666666666657,74.16666666666666,2026-09-02T00:00:00Z,1.7,9.0,1.45,270.8
14.416666666666657,74.25,2026-09-02T00:00:00Z,1.66,9.0,1.42,270.8
14.416666666666657,74.33333333333331,2026-09-02T00:00:00Z,1.59,9.0,1.37,269.8
14.416666666666657,80.25,2026-09-02T00:00:00Z,0.57,10.8,0.5,141.2
14.416666666666657,80.33333333333331,2026-09-02T00:00:00Z,0.68,11.3,0.62,144.8
14.416666666666657,80.41666666666663,2026-09-02T00:00:00Z,0.78,11.9,0.62,148.6
14.416666666666657,80.5,2026-09-02T00:00:00Z,0.9,12.6,0.43,151.3
14.416666666666657,80.58333333333331,2026-09-02T00:00:00Z,0.97,13.9,0.68,155.9
14.416666666666657,80.66666666666663,2026-09-02T00:00:00Z,1.03,14.4,0.74,156.9
14.416666666666657,80.75,2026-09-02T00:00:00Z,1.09,14.7,0.76,156.9
14.416666666666657,80.83333333333331,2026-09-02T00:00:00Z,1.15,14.9,0.76,157.7
14.416666666666657,80.91666666666663,2026-09-02T00:00:00Z,1.22,15.1,0.77,158.3
14.416666666666657,81.0,2026-09-02T00:00:00Z,1.28,15.4,0.78,157.9
14.5,73.0,2026-09-02T00:00:00Z,1.98,15.8,1.56,274.5
14.5,73.08333333333331,2026-09-02T00:00:00Z,1.98,15.9,1.55,274.5
14.5,73.16666666666666,2026-09-02T00:00:00Z,1.97,15.9,1.55,274.7
14.5,73.25,2026-09-02T00:00:00Z,1.95,13.2,1.54,274.7
14.5,73.33333333333331,2026-09-02T00:00:00Z,1.93,10.1,1.53,274.5
14.5,73.41666666666666,2026-09-02T00:00:00Z,1.9,9.1,1.52,273.7
14.5,73.5,2026-09-02T00:00:00Z,1.86,9.1,1.51,272.8
14.5,73.58333333333331,2026-09-02T00:00:00Z,1.83,9.1,1.49,272.2
14.5,73.66666666666666,2026-09-02T00:00:00Z,1.8,9.0,1.48,271.8
14.5,73.75,2026-09-02T00:00:00Z,1.77,9.0,1.47,271.8
14.5,73.83333333333331,2026-09-02T00:00:00Z,1.75,9.0,1.47,271.5
14.5,73.91666666666666,2026-09-02T00:00:00Z,1.73,9.0,1.47,271.3
14.5,74.0,2026-09-02T00:00:00Z,1.72,9.0,1.46,271.3
14.5,74.08333333333331,2026-09-02T00:00:00Z,1.7,9.1,1.45,270.8
14.5,74.16666666666666,2026-09-02T00:00:00Z,1.67,9.1,1.43,269.8
14.5,74.25,2026-09-02T00:00:00Z,1.63,9.1,1.4,269.8
14.5,74.33333333333331,2026-09-02T00:00:00Z,1.59,9.1,1.36,268.1
14.5,80.25,2026-09-02T00:00:00Z,0.56,11.6,0.47,142.7
14.5,80.33333333333331,2026-09-02T00:00:00Z,0.69,11.7,0.6,145.3
14.5,80.41666666666663,2026-09-02T00:00:00Z,0.8,12.1,0.69,149.0
14.5,80.5,2026-09-02T00:00:00Z,0.89,13.2,0.76,153.4
14.5,80.58333333333331,2026-09-02T00:00:00Z,0.97,14.2,0.83,156.5
14.5,80.66666666666663,2026-09-02T00:00:00Z,1.04,14.5,0.84,158.0
14.5,80.75,2026-09-02T00:00:00Z,1.11,14.7,0.83,158.0
14.5,80.83333333333331,2026-09-02T00:00:00Z,1.17,14.9,0.81,158.9
14.5,80.91666666666663,2026-09-02T00:00:00Z,1.23,15.1,0.8,159.2
14.5,81.0,2026-09-02T00:00:00Z,1.29,15.4,0.78,159.0
14.583333333333329,73.0,2026-09-02T00:00:00Z,1.99,15.8,1.56,274.2
14.583333333333329,73.08333333333331,2026-09-02T00:00:00Z,1.98,13.8,1.56,274.3
14.583333333333329,73.16666666666666,2026-09-02T00:00:00Z,1.97,11.3,1.55,274.2
14.583333333333329,73.25,2026-09-02T00:00:00Z,1.95,9.8,1.54,274.2
14.583333333333329,73.33333333333331,2026-09-02T00:00:00Z,1.92,9.3,1.52,273.6
14.583333333333329,73.41666666666666,2026-09-02T00:00:00Z,1.89,9.1,1.51,272.3
14.583333333333329,73.5,2026-09-02T00:00:00Z,1.86,9.1,1.5,271.1
14.583333333333329,73.58333333333331,2026-09-02T00:00:00Z,1.83,9.1,1.48,270.5
14.583333333333329,73.66666666666666,2026-09-02T00:00:00Z,1.79,9.1,1.47,270.4
14.583333333333329,73.75,2026-09-02T00:00:00Z,1.76,9.1,1.46,270.4
14.583333333333329,73.83333333333331,2026-09-02T00:00:00Z,1.74,9.1,1.45,270.4
14.583333333333329,73.91666666666666,2026-09-02T00:00:00Z,1.71,9.1,1.45,270.6
14.583333333333329,74.0,2026-09-02T00:00:00Z,1.69,9.1,1.44,270.4
14.583333333333329,74.08333333333331,2026-09-02T00:00:00Z,1.66,9.1,1.42,269.6
14.583333333333329,74.16666666666666,2026-09-02T00:00:00Z,1.63,9.1,1.39,268.0
14.583333333333329,74.25,2026-09-02T00:00:00Z,1.56,9.1,1.34,268.0
14.583333333333329,74.33333333333331,2026-09-02T00:00:00Z,1.33,9.0,1.17,265.9
14.583333333333329,80.25,2026-09-02T00:00:00Z,0.48,11.6,0.37,143.1
14.583333333333329,80.33333333333331,2026-09-02T00:00:00Z,0.64,11.8,0.52,145.6
14.583333333333329,80.41666666666663,2026-09-02T00:00:00Z,0.8,12.4,0.68,149.4
14.583333333333329,80.5,2026-09-02T00:00:00Z,0.9,14.0,0.78,153.6
14.583333333333329,80.58333333333331,2026-09-02T00:00:00Z,0.98,14.4,0.82,157.3
14.583333333333329,80.66666666666663,2026-09-02T00:00:00Z,1.05,14.6,0.81,158.4
14.583333333333329,80.75,2026-09-02T00:00:00Z,1.12,14.8,0.82,158.4
14.583333333333329,80.83333333333331,2026-09-02T00:00:00Z,1.18,14.9,0.85,159.2
14.583333333333329,80.91666666666663,2026-09-02T00:00:00Z,1.24,15.1,0.84,159.6
14.583333333333329,81.0,2026-09-02T00:00:00Z,1.3,15.4,0.79,159.4
14.666666666666657,73.0,2026-09-02T00:00:00Z,2.0,15.5,1.56,274.0
14.666666666666657,73.08333333333331,2026-09-02T00:00:00Z,1.98,11.2,1.57,274.2
14.666666666666657,73.16666666666666,2026-09-02T00:00:00Z,1.96,9.5,1.55,274.4
14.666666666666657,73.25,2026-09-02T00:00:00Z,1.92,9.0,1.52,274.4
14.666666666666657,73.33333333333331,2026-09-02T00:00:00Z,1.89,10.5,1.49,274.2
14.666666666666657,73.41666666666666,2026-09-02T00:00:00Z,1.88,13.5,1.46,271.4
14.666666666666657,73.5,2026-09-02T00:00:00Z,1.85,13.8,1.45,268.5
14.666666666666657,73.58333333333331,2026-09-02T00:00:00Z,1.8,10.4,1.43,268.3
14.666666666666657,73.66666666666666,2026-09-02T00:00:00Z,1.76,9.3,1.42,269.0
14.666666666666657,73.75,2026-09-02T00:00:00Z,1.73,9.1,1.42,269.0
14.666666666666657,73.83333333333331,2026-09-02T00:00:00Z,1.71,9.1,1.42,269.5
14.666666666666657,73.91666666666666,2026-09-02T00:00:00Z,1.68,9.1,1.42,269.8
14.666666666666657,74.0,2026-09-02T00:00:00Z,1.65,9.0,1.4,269.6
14.666666666666657,74.08333333333331,2026-09-02T00:00:00Z,1.62,9.1,1.36,268.0
14.666666666666657,74.16666666666666,2026-09-02T00:00:00Z,1.55,8.9,1.31,265.0
14.666666666666657,80.25,2026-09-02T00:00:00Z,0.52,11.3,0.38,144.4
14.666666666666657,80.33333333333331,2026-09-02T00:00:00Z,0.66,11.8,0.53,146.5
14.666666666666657,80.41666666666663,2026-09-02T00:00:00Z,0.8,12.5,0.68,150.1
14.666666666666657,80.5,2026-09-02T00:00:00Z,0.9,13.9,0.76,153.9
14.666666666666657,80.58333333333331,2026-09-02T00:00:00Z,0.98,14.4,0.8,157.0
14.666666666666657,80.66666666666663,2026-09-02T00:00:00Z,1.05,14.6,0.82,158.7
14.666666666666657,80.75,2026-09-02T00:00:00Z,1.12,14.8,0.84,158.7
14.666666666666657,80.83333333333331,2026-09-02T00:00:00Z,1.19,15.0,0.85,159.4
14.666666666666657,80.91666666666663,2026-09-02T00:00:00Z,1.25,15.2,0.83,159.6
14.666666666666657,81.0,2026-09-02T00:00:00Z,1.31,15.4,0.77,159.2
14.75,73.0,2026-09-02T00:00:00Z,2.0,12.2,1.56,273.9
14.75,73.08333333333331,2026-09-02T00:00:00Z,1.99,9.6,1.57,274.2
14.75,73.16666666666666,2026-09-02T00:00:00Z,1.96,9.0,1.55,274.5
14.75,73.25,2026-09-02T00:00:00Z,1.91,9.0,1.52,274.5
14.75,73.33333333333331,2026-09-02T00:00:00Z,1.79,11.2,1.43,273.9
14.75,73.41666666666666,2026-09-02T00:00:00Z,1.63,15.7,1.25,273.3
14.75,73.5,2026-09-02T00:00:00Z,1.55,16.4,1.16,273.7
14.75,73.58333333333331,2026-09-02T00:00:00Z,1.58,13.5,1.21,274.1
14.75,73.66666666666666,2026-09-02T00:00:00Z,1.61,12.7,1.16,205.6
14.75,73.75,2026-09-02T00:00:00Z,1.62,12.6,1.13,205.6
14.75,73.83333333333331,2026-09-02T00:00:00Z,1.62,12.6,1.14,197.2
14.75,73.91666666666666,2026-09-02T00:00:00Z,1.6,12.7,1.19,242.7
14.75,74.0,2026-09-02T00:00:00Z,1.57,12.7,1.19,254.7
14.75,74.08333333333331,2026-09-02T00:00:00Z,1.47,10.6,1.19,264.1
14.75,74.16666666666666,2026-09-02T00:00:00Z,1.3,9.4,1.09,263.9
14.75,80.25,2026-09-02T00:00:00Z,0.55,11.2,0.43,142.9
14.75,80.33333333333331,2026-09-02T00:00:00Z,0.69,11.7,0.57,146.6
14.75,80.41666666666663,2026-09-02T00:00:00Z,0.81,12.6,0.69,150.1
14.75,80.5,2026-09-02T00:00:00Z,0.9,13.8,0.76,153.9
14.75,80.58333333333331,2026-09-02T00:00:00Z,0.98,14.4,0.8,157.1
14.75,80.66666666666663,2026-09-02T00:00:00Z,1.05,14.7,0.82,158.9
14.75,80.75,2026-09-02T00:00:00Z,1.12,14.9,0.84,158.9
14.75,80.83333333333331,2026-09-02T00:00:00Z,1.19,15.1,0.84,159.8
14.75,80.91666666666663,2026-09-02T00:00:00Z,1.25,15.3,0.82,160.1
14.75,81.0,2026-09-02T00:00:00Z,1.31,15.5,0.77,160.1
14.833333333333329,73.0,2026-09-02T00:00:00Z,2.01,9.1,1.56,273.9
14.833333333333329,73.08333333333331,2026-09-02T00:00:00Z,1.99,9.1,1.56,274.2
14.833333333333329,73.16666666666666,2026-09-02T00:00:00Z,1.96,9.0,1.54,274.5
14.833333333333329,73.25,2026-09-02T00:00:00Z,1.89,9.0,1.52,274.5
14.833333333333329,73.33333333333331,2026-09-02T00:00:00Z,1.73,10.5,1.41,273.9
14.833333333333329,73.41666666666666,2026-09-02T00:00:00Z,1.48,13.6,1.18,273.3
14.833333333333329,73.5,2026-09-02T00:00:00Z,1.34,14.1,1.03,273.7
14.833333333333329,73.58333333333331,2026-09-02T00:00:00Z,1.41,13.6,1.07,274.1
14.833333333333329,73.66666666666666,2026-09-02T00:00:00Z,1.49,13.6,0.97,205.6
14.833333333333329,73.75,2026-09-02T00:00:00Z,1.54,14.1,0.9,205.6
14.833333333333329,73.83333333333331,2026-09-02T00:00:00Z,1.54,15.2,0.95,197.2
14.833333333333329,73.91666666666666,2026-09-02T00:00:00Z,1.53,16.1,1.07,242.7
14.833333333333329,74.0,2026-09-02T00:00:00Z,1.48,15.5,1.07,254.7
14.833333333333329,74.08333333333331,2026-09-02T00:00:00Z,1.33,11.3,1.07,264.1
14.833333333333329,80.16666666666663,2026-09-02T00:00:00Z,0.43,10.8,0.34,142.9
14.833333333333329,80.25,2026-09-02T00:00:00Z,0.57,11.2,0.48,142.9
14.833333333333329,80.33333333333331,2026-09-02T00:00:00Z,0.71,11.6,0.61,146.6
14.833333333333329,80.41666666666663,2026-09-02T00:00:00Z,0.83,12.4,0.7,150.1
14.833333333333329,80.5,2026-09-02T00:00:00Z,0.91,13.8,0.77,153.9
14.833333333333329,80.58333333333331,2026-09-02T00:00:00Z,0.98,14.5,0.8,157.1
14.833333333333329,80.66666666666663,2026-09-02T00:00:00Z,1.05,14.8,0.82,158.9
14.833333333333329,80.75,2026-09-02T00:00:00Z,1.12,14.9,0.84,158.9
14.833333333333329,80.83333333333331,2026-09-02T00:00:00Z,1.19,15.1,0.84,159.8
14.833333333333329,80.91666666666663,2026-09-02T00:00:00Z,1.25,15.3,0.82,160.1
14.833333333333329,81.0,2026-09-02T00:00:00Z,1.3,15.5,0.76,160.1
14.916666666666657,73.0,2026-09-02T00:00:00Z,2.01,9.1,1.56,273.6
14.916666666666657,73.08333333333331,2026-09-02T00:00:00Z,1.99,9.1,1.56,273.8
14.916666666666657,73.16666666666666,2026-09-02T00:00:00Z,1.95,9.0,1.54,274.2
14.916666666666657,73.25,2026-09-02T00:00:00Z,1.88,9.0,1.51,274.2
14.916666666666657,73.33333333333331,2026-09-02T00:00:00Z,1.77,9.0,1.47,274.2
14.916666666666657,73.41666666666666,2026-09-02T00:00:00Z,1.65,8.9,1.41,274.5
14.916666666666657,73.5,2026-09-02T00:00:00Z,1.52,8.9,1.31,275.8
14.916666666666657,73.58333333333331,2026-09-02T00:00:00Z,1.5,8.9,1.24,278.7
14.916666666666657,73.66666666666666,2026-09-02T00:00:00Z,1.55,8.8,1.09,245.1
14.916666666666657,73.75,2026-09-02T00:00:00Z,1.58,10.1,1.02,245.1
14.916666666666657,73.83333333333331,2026-09-02T00:00:00Z,1.57,12.6,1.08,225.4
14.916666666666657,73.91666666666666,2026-09-02T00:00:00Z,1.53,14.7,1.22,274.2
14.916666666666657,74.0,2026-09-02T00:00:00Z,1.43,13.0,1.17,271.8
14.916666666666657,80.16666666666663,2026-09-02T00:00:00Z,0.5,10.6,0.41,144.5
14.916666666666657,80.25,2026-09-02T00:00:00Z,0.63,11.3,0.52,144.5
14.916666666666657,80.33333333333331,2026-09-02T00:00:00Z,0.74,11.6,0.62,147.5
14.916666666666657,80.41666666666663,2026-09-02T00:00:00Z,0.84,12.3,0.7,150.4
14.916666666666657,80.5,2026-09-02T00:00:00Z,0.93,13.8,0.77,153.8
14.916666666666657,80.58333333333331,2026-09-02T00:00:00Z,0.99,14.5,0.8,157.2
14.916666666666657,80.66666666666663,2026-09-02T00:00:00Z,1.06,14.8,0.82,159.1
14.916666666666657,80.75,2026-09-02T00:00:00Z,1.12,15.0,0.84,159.1
14.916666666666657,80.83333333333331,2026-09-02T00:00:00Z,1.19,15.2,0.84,160.2
14.916666666666657,80.91666666666663,2026-09-02T00:00:00Z,1.25,15.4,0.82,160.7
14.916666666666657,81.0,2026-09-02T00:00:00Z,1.3,15.6,0.73,160.4
15.0,73.0,2026-09-02T00:00:00Z,2.01,9.0,1.56,273.0
15.0,73.08333333333331,2026-09-02T00:00:00Z,1.99,9.0,1.56,273.3
15.0,73.16666666666666,2026-09-02T00:00:00Z,1.96,9.0,1.55,273.8
15.0,73.25,2026-09-02T00:00:00Z,1.91,9.0,1.54,273.8
15.0,73.33333333333331,2026-09-02T00:00:00Z,1.83,8.9,1.53,273.3
15.0,73.41666666666666,2026-09-02T00:00:00Z,1.75,8.9,1.52,273.0
15.0,73.5,2026-09-02T00:00:00Z,1.67,8.8,1.5,273.6
15.0,73.58333333333331,2026-09-02T00:00:00Z,1.65,8.8,1.46,273.6
15.0,73.66666666666666,2026-09-02T00:00:00Z,1.67,8.8,1.24,260.5
15.0,73.75,2026-09-02T00:00:00Z,1.66,8.8,1.11,260.5
15.0,73.83333333333331,2026-09-02T00:00:00Z,1.62,8.8,1.08,259.6
15.0,80.16666666666663,2026-09-02T00:00:00Z,0.56,11.1,0.47,145.7
15.0,80.25,2026-09-02T00:00:00Z,0.67,11.3,0.56,145.7
15.0,80.33333333333331,2026-09-02T00:00:00Z,0.77,11.6,0.64,148.4
15.0,80.41666666666663,2026-09-02T00:00:00Z,0.87,12.1,0.72,150.8
15.0,80.5,2026-09-02T00:00:00Z,0.94,13.6,0.77,153.7
15.0,80.58333333333331,2026-09-02T00:00:00Z,1.0,14.4,0.8,156.7
15.0,80.66666666666663,2026-09-02T00:00:00Z,1.06,14.8,0.82,158.9
15.0,80.75,2026-09-02T00:00:00Z,1.12,15.1,0.84,158.9
15.0,80.83333333333331,2026-09-02T00:00:00Z,1.18,15.3,0.83,160.1
15.0,80.91666666666663,2026-09-02T00:00:00Z,1.24,15.5,0.78,160.4
15.0,81.0,2026-09-02T00:00:00Z,1.29,15.6,0.61,163.8
15.083333333333329,73.0,2026-09-02T00:00:00Z,2.01,9.0,1.56,272.6
15.083333333333329,73.08333333333331,2026-09-02T00:00:00Z,1.99,9.0,1.56,272.9
15.083333333333329,73.16666666666666,2026-09-02T00:00:00Z,1.96,9.0,1.56,272.9
15.083333333333329,73.25,2026-09-02T00:00:00Z,1.91,9.0,1.56,272.9
15.083333333333329,73.33333333333331,2026-09-02T00:00:00Z,1.86,9.0,1.56,272.7
15.083333333333329,73.41666666666666,2026-09-02T00:00:00Z,1.8,8.9,1.56,272.4
15.083333333333329,73.5,2026-09-02T00:00:00Z,1.75,8.9,1.55,272.2
15.083333333333329,73.58333333333331,2026-09-02T00:00:00Z,1.72,8.9,1.52,272.4
15.083333333333329,73.66666666666666,2026-09-02T00:00:00Z,1.7,8.8,1.46,272.6
15.083333333333329,73.75,2026-09-02T00:00:00Z,1.67,8.8,1.41,272.6
15.083333333333329,73.83333333333331,2026-09-02T00:00:00Z,1.62,8.8,1.36,272.3
15.083333333333329,80.16666666666663,2026-09-02T00:00:00Z,0.59,11.5,0.48,146.7
15.083333333333329,80.25,2026-09-02T00:00:00Z,0.7,11.4,0.58,146.7
15.083333333333329,80.33333333333331,2026-09-02T00:00:00Z,0.8,11.6,0.65,149.5
15.083333333333329,80.41666666666663,2026-09-02T00:00:00Z,0.88,12.2,0.72,151.7
15.083333333333329,80.5,2026-09-02T00:00:00Z,0.96,13.4,0.77,154.0
15.083333333333329,80.58333333333331,2026-09-02T00:00:00Z,1.01,14.4,0.81,156.5
15.083333333333329,80.66666666666663,2026-09-02T00:00:00Z,1.06,14.8,0.83,158.7
15.083333333333329,80.75,2026-09-02T00:00:00Z,1.11,15.1,0.84,158.7
15.083333333333329,80.83333333333331,2026-09-02T00:00:00Z,1.17,15.4,0.84,160.3
15.083333333333329,80.91666666666663,2026-09-02T00:00:00Z,1.23,15.6,0.85,161.2
15.083333333333329,81.0,2026-09-02T00:00:00Z,1.29,15.7,0.82,162.2
15.166666666666657,73.0,2026-09-02T00:00:00Z,2.01,9.0,1.57,272.2
15.166666666666657,73.08333333333331,2026-09-02T00:00:00Z,1.99,9.0,1.57,272.5
15.166666666666657,73.16666666666666,2026-09-02T00:00:00Z,1.95,9.0,1.57,272.5
15.166666666666657,73.25,2026-09-02T00:00:00Z,1.92,9.0,1.57,272.5
15.166666666666657,73.33333333333331,2026-09-02T00:00:00Z,1.87,9.0,1.57,272.1
15.166666666666657,73.41666666666666,2026-09-02T00:00:00Z,1.83,8.9,1.57,271.8
15.166666666666657,73.5,2026-09-02T00:00:00Z,1.78,8.9,1.57,271.5
15.166666666666657,73.58333333333331,2026-09-02T00:00:00Z,1.75,8.8,1.55,271.1
15.166666666666657,73.66666666666666,2026-09-02T00:00:00Z,1.72,8.8,1.53,271.0
15.166666666666657,73.75,2026-09-02T00:00:00Z,1.69,8.8,1.5,271.0
15.166666666666657,73.83333333333331,2026-09-02T00:00:00Z,1.64,8.8,1.46,270.5
15.166666666666657,80.16666666666663,2026-09-02T00:00:00Z,0.59,11.8,0.45,147.7
15.166666666666657,80.25,2026-09-02T00:00:00Z,0.72,11.8,0.55,147.7
15.166666666666657,80.33333333333331,2026-09-02T00:00:00Z,0.81,11.9,0.62,150.2
15.166666666666657,80.41666666666663,2026-09-02T00:00:00Z,0.89,12.5,0.71,152.3
15.166666666666657,80.5,2026-09-02T00:00:00Z,0.96,13.7,0.77,154.2
15.166666666666657,80.58333333333331,2026-09-02T00:00:00Z,1.01,14.4,0.81,156.3
15.166666666666657,80.66666666666663,2026-09-02T00:00:00Z,1.06,14.8,0.83,158.5
15.166666666666657,80.75,2026-09-02T00:00:00Z,1.11,15.2,0.84,158.5
15.166666666666657,80.83333333333331,2026-09-02T00:00:00Z,1.16,15.4,0.85,160.2
15.166666666666657,80.91666666666663,2026-09-02T00:00:00Z,1.22,15.6,0.86,161.5
15.166666666666657,81.0,2026-09-02T00:00:00Z,1.27,15.7,0.87,162.5
15.25,73.0,2026-09-02T00:00:00Z,2.01,9.0,1.57,272.2
15.25,73.08333333333331,2026-09-02T00:00:00Z,1.98,9.0,1.57,272.5
15.25,73.16666666666666,2026-09-02T00:00:00Z,1.95,9.0,1.57,272.3
15.25,73.25,2026-09-02T00:00:00Z,1.91,9.0,1.57,272.3
15.25,73.33333333333331,2026-09-02T00:00:00Z,1.87,9.0,1.57,271.8
15.25,73.41666666666666,2026-09-02T00:00:00Z,1.83,8.9,1.57,271.2
15.25,73.5,2026-09-02T00:00:00Z,1.79,8.8,1.57,271.0
15.25,73.58333333333331,2026-09-02T00:00:00Z,1.75,8.8,1.55,270.7
15.25,73.66666666666666,2026-09-02T00:00:00Z,1.72,8.8,1.53,270.2
15.25,73.75,2026-09-02T00:00:00Z,1.68,8.8,1.5,270.2
15.25,73.83333333333331,2026-09-02T00:00:00Z,1.63,8.8,1.45,268.5
15.25,80.16666666666663,2026-09-02T00:00:00Z,0.54,11.6,0.4,148.5
15.25,80.25,2026-09-02T00:00:00Z,0.68,11.8,0.5,148.5
15.25,80.33333333333331,2026-09-02T00:00:00Z,0.8,12.1,0.59,150.9
15.25,80.41666666666663,2026-09-02T00:00:00Z,0.89,12.9,0.69,153.2
15.25,80.5,2026-09-02T00:00:00Z,0.96,14.2,0.77,154.6
15.25,80.58333333333331,2026-09-02T00:00:00Z,1.01,14.4,0.81,156.3
15.25,80.66666666666663,2026-09-02T00:00:00Z,1.05,14.8,0.84,158.3
15.25,80.75,2026-09-02T00:00:00Z,1.1,15.1,0.85,158.3
15.25,80.83333333333331,2026-09-02T00:00:00Z,1.14,15.4,0.85,159.8
15.25,80.91666666666663,2026-09-02T00:00:00Z,1.2,15.6,0.86,160.6
15.25,81.0,2026-09-02T00:00:00Z,1.25,15.8,0.87,162.6
15.333333333333329,73.0,2026-09-02T00:00:00Z,2.01,9.0,1.57,272.2
15.333333333333329,73.08333333333331,2026-09-02T00:00:00Z,1.97,9.0,1.57,272.5
15.333333333333329,73.16666666666666,2026-09-02T00:00:00Z,1.94,9.0,1.57,272.3
15.333333333333329,73.25,2026-09-02T00:00:00Z,1.91,9.0,1.57,272.3
15.333333333333329,73.33333333333331,2026-09-02T00:00:00Z,1.87,8.9,1.57,271.8
15.333333333333329,73.41666666666666,2026-09-02T00:00:00Z,1.83,8.9,1.56,271.2
15.333333333333329,73.5,2026-09-02T00:00:00Z,1.78,8.8,1.55,271.0
15.333333333333329,73.58333333333331,2026-09-02T00:00:00Z,1.74,8.8,1.53,270.7
15.333333333333329,73.66666666666666,2026-09-02T00:00:00Z,1.7,8.8,1.51,270.2
15.333333333333329,73.75,2026-09-02T00:00:00Z,1.63,8.8,1.44,270.2
15.333333333333329,73.83333333333331,2026-09-02T00:00:00Z,1.5,8.8,1.31,268.5
15.333333333333329,80.16666666666663,2026-09-02T00:00:00Z,0.48,10.6,0.35,148.5
15.333333333333329,80.25,2026-09-02T00:00:00Z,0.62,11.2,0.47,148.5
15.333333333333329,80.33333333333331,2026-09-02T00:00:00Z,0.77,11.9,0.59,150.9
15.333333333333329,80.41666666666663,2026-09-02T00:00:00Z,0.87,12.7,0.67,153.2
15.333333333333329,80.5,2026-09-02T00:00:00Z,0.94,13.6,0.74,154.6
15.333333333333329,80.58333333333331,2026-09-02T00:00:00Z,1.0,13.8,0.8,156.3
15.333333333333329,80.66666666666663,2026-09-02T00:00:00Z,1.04,14.4,0.84,158.3
15.333333333333329,80.75,2026-09-02T00:00:00Z,1.09,15.0,0.85,158.3
15.333333333333329,80.83333333333331,2026-09-02T00:00:00Z,1.13,15.4,0.85,159.8
15.333333333333329,80.91666666666663,2026-09-02T00:00:00Z,1.17,15.6,0.85,160.6
15.333333333333329,81.0,2026-09-02T00:00:00Z,1.23,15.8,0.88,162.6
15.416666666666657,73.0,2026-09-02T00:00:00Z,2.0,8.9,1.57,272.1
15.416666666666657,73.08333333333331,2026-09-02T00:00:00Z,1.96,8.9,1.56,272.2
15.416666666666657,73.16666666666666,2026-09-02T00:00:00Z,1.93,9.0,1.56,271.8
15.416666666666657,73.25,2026-09-02T00:00:00Z,1.9,9.0,1.56,271.8
15.416666666666657,73.33333333333331,2026-09-02T00:00:00Z,1.87,8.9,1.56,271.3
15.416666666666657,73.41666666666666,2026-09-02T00:00:00Z,1.82,8.9,1.55,270.7
15.416666666666657,73.5,2026-09-02T00:00:00Z,1.77,8.8,1.53,270.3
15.416666666666657,73.58333333333331,2026-09-02T00:00:00Z,1.72,8.8,1.51,269.8
15.416666666666657,73.66666666666666,2026-09-02T00:00:00Z,1.67,8.8,1.47,269.0
15.416666666666657,73.75,2026-09-02T00:00:00Z,1.54,8.8,1.37,269.0
15.416666666666657,80.25,2026-09-02T00:00:00Z,0.6,10.6,0.48,148.6
15.416666666666657,80.33333333333331,2026-09-02T00:00:00Z,0.76,11.4,0.62,151.1
15.416666666666657,80.41666666666663,2026-09-02T00:00:00Z,0.84,11.5,0.66,153.4
15.416666666666657,80.5,2026-09-02T00:00:00Z,0.9,11.7,0.69,154.9
15.416666666666657,80.58333333333331,2026-09-02T00:00:00Z,0.97,12.3,0.78,156.5
15.416666666666657,80.66666666666663,2026-09-02T00:00:00Z,1.03,13.8,0.83,158.0
15.416666666666657,80.75,2026-09-02T00:00:00Z,1.07,14.8,0.86,158.0
15.416666666666657,80.83333333333331,2026-09-02T00:00:00Z,1.11,15.3,0.87,159.8
15.416666666666657,80.91666666666663,2026-09-02T00:00:00Z,1.15,15.6,0.87,160.9
15.416666666666657,81.0,2026-09-02T00:00:00Z,1.2,15.8,0.89,163.2
15.5,73.0,2026-09-02T00:00:00Z,1.99,8.9,1.55,271.7
15.5,73.08333333333331,2026-09-02T00:00:00Z,1.95,8.9,1.55,271.4
15.5,73.16666666666666,2026-09-02T00:00:00Z,1.92,8.9,1.56,271.0
15.5,73.25,2026-09-02T00:00:00Z,1.89,8.9,1.56,271.0
15.5,73.33333333333331,2026-09-02T00:00:00Z,1.87,8.9,1.56,270.5
15.5,73.41666666666666,2026-09-02T00:00:00Z,1.83,8.9,1.55,269.8
15.5,73.5,2026-09-02T00:00:00Z,1.78,8.8,1.54,269.1
15.5,73.58333333333331,2026-09-02T00:00:00Z,1.72,8.8,1.51,268.5
15.5,73.66666666666666,2026-09-02T00:00:00Z,1.66,8.8,1.47,267.6
15.5,80.25,2026-09-02T00:00:00Z,0.59,11.3,0.46,146.6
15.5,80.33333333333331,2026-09-02T00:00:00Z,0.75,11.4,0.63,151.7
15.5,80.41666666666663,2026-09-02T00:00:00Z,0.83,11.3,0.65,153.4
15.5,80.5,2026-09-02T00:00:00Z,0.87,11.4,0.67,154.5
15.5,80.58333333333331,2026-09-02T00:00:00Z,0.96,11.8,0.74,157.1
15.5,80.66666666666663,2026-09-02T00:00:00Z,1.01,13.5,0.82,158.4
15.5,80.75,2026-09-02T00:00:00Z,1.05,14.7,0.87,158.4
15.5,80.83333333333331,2026-09-02T00:00:00Z,1.09,15.2,0.9,160.4
15.5,80.91666666666663,2026-09-02T00:00:00Z,1.13,15.5,0.91,162.2
15.5,81.0,2026-09-02T00:00:00Z,1.18,15.7,0.91,163.5
15.583333333333329,73.0,2026-09-02T00:00:00Z,1.98,8.9,1.53,271.4
15.583333333333329,73.08333333333331,2026-09-02T00:00:00Z,1.94,8.9,1.53,271.0
15.583333333333329,73.16666666666666,2026-09-02T00:00:00Z,1.92,8.9,1.53,270.7
15.583333333333329,73.25,2026-09-02T00:00:00Z,1.9,8.9,1.54,270.7
15.583333333333329,73.33333333333331,2026-09-02T00:00:00Z,1.87,8.9,1.55,269.7
15.583333333333329,73.41666666666666,2026-09-02T00:00:00Z,1.83,8.8,1.56,268.9
15.583333333333329,73.5,2026-09-02T00:00:00Z,1.78,8.8,1.55,268.1
15.583333333333329,73.58333333333331,2026-09-02T00:00:00Z,1.71,8.8,1.51,267.2
15.583333333333329,73.66666666666666,2026-09-02T00:00:00Z,1.65,8.8,1.47,265.4
15.583333333333329,80.25,2026-09-02T00:00:00Z,0.6,11.5,0.48,148.8
15.583333333333329,80.33333333333331,2026-09-02T00:00:00Z,0.72,11.5,0.61,151.4
15.583333333333329,80.41666666666663,2026-09-02T00:00:00Z,0.82,11.4,0.68,153.9
15.583333333333329,80.5,2026-09-02T00:00:00Z,0.89,11.5,0.68,155.0
15.583333333333329,80.58333333333331,2026-09-02T00:00:00Z,0.95,11.7,0.71,156.6
15.583333333333329,80.66666666666663,2026-09-02T00:00:00Z,0.99,12.9,0.76,158.7
15.583333333333329,80.75,2026-09-02T00:00:00Z,1.03,14.6,0.82,158.7
15.583333333333329,80.83333333333331,2026-09-02T00:00:00Z,1.07,15.7,0.87,160.2
15.583333333333329,80.91666666666663,2026-09-02T00:00:00Z,1.13,15.8,0.89,161.4
15.583333333333329,81.0,2026-09-02T00:00:00Z,1.18,15.8,0.91,163.3
15.666666666666657,73.0,2026-09-02T00:00:00Z,2.0,8.9,1.53,270.6
15.666666666666657,73.08333333333331,2026-09-02T00:00:00Z,1.96,8.9,1.52,270.2
15.666666666666657,73.16666666666666,2026-09-02T00:00:00Z,1.92,8.9,1.53,269.6
15.666666666666657,73.25,2026-09-02T00:00:00Z,1.89,8.9,1.54,269.6
15.666666666666657,73.33333333333331,2026-09-02T00:00:00Z,1.85,8.9,1.55,268.6
15.666666666666657,73.41666666666666,2026-09-02T00:00:00Z,1.81,8.8,1.55,268.1
15.666666666666657,73.5,2026-09-02T00:00:00Z,1.75,8.8,1.53,267.2
15.666666666666657,73.58333333333331,2026-09-02T00:00:00Z,1.69,8.8,1.48,265.6
15.666666666666657,73.66666666666666,2026-09-02T00:00:00Z,1.59,8.8,1.41,263.8
15.666666666666657,80.33333333333331,2026-09-02T00:00:00Z,0.65,11.6,0.53,149.7
15.666666666666657,80.41666666666663,2026-09-02T00:00:00Z,0.79,11.6,0.67,155.2
15.666666666666657,80.5,2026-09-02T00:00:00Z,0.86,11.5,0.67,155.9
15.666666666666657,80.58333333333331,2026-09-02T00:00:00Z,0.9,11.5,0.7,155.5
15.666666666666657,80.66666666666663,2026-09-02T00:00:00Z,0.91,11.6,0.73,159.2
15.666666666666657,80.75,2026-09-02T00:00:00Z,0.93,13.8,0.74,159.2
15.666666666666657,80.83333333333331,2026-09-02T00:00:00Z,0.98,16.1,0.77,159.3
15.666666666666657,80.91666666666663,2026-09-02T00:00:00Z,1.07,16.5,0.87,162.2
15.666666666666657,81.0,2026-09-02T00:00:00Z,1.15,16.4,0.92,163.7
15.75,73.0,2026-09-02T00:00:00Z,2.01,8.9,1.52,269.4
15.75,73.08333333333331,2026-09-02T00:00:00Z,1.96,8.9,1.52,268.7
15.75,73.16666666666666,2026-09-02T00:00:00Z,1.92,8.9,1.53,268.3
15.75,73.25,2026-09-02T00:00:00Z,1.87,8.9,1.54,268.3
15.75,73.33333333333331,2026-09-02T00:00:00Z,1.82,8.8,1.54,267.8
15.75,73.41666666666666,2026-09-02T00:00:00Z,1.77,8.8,1.52,266.9
15.75,73.5,2026-09-02T00:00:00Z,1.7,8.8,1.47,265.3
15.75,73.58333333333331,2026-09-02T00:00:00Z,1.63,8.8,1.42,262.9
15.75,73.66666666666666,2026-09-02T00:00:00Z,1.51,8.8,1.34,261.2
15.75,80.33333333333331,2026-09-02T00:00:00Z,0.54,9.4,0.44,158.0
15.75,80.41666666666663,2026-09-02T00:00:00Z,0.69,10.8,0.61,157.7
15.75,80.5,2026-09-02T00:00:00Z,0.79,11.6,0.67,158.8
15.75,80.58333333333331,2026-09-02T00:00:00Z,0.83,11.4,0.69,161.3
15.75,80.66666666666663,2026-09-02T00:00:00Z,0.82,11.0,0.7,164.4
15.75,80.75,2026-09-02T00:00:00Z,0.79,12.0,0.64,164.4
15.75,80.83333333333331,2026-09-02T00:00:00Z,0.76,13.2,0.59,166.0
15.833333333333329,73.0,2026-09-02T00:00:00Z,2.01,8.9,1.51,269.4
15.833333333333329,73.08333333333331,2026-09-02T00:00:00Z,1.96,8.9,1.52,268.7
15.833333333333329,73.16666666666666,2026-09-02T00:00:00Z,1.91,8.9,1.53,268.3
15.833333333333329,73.25,2026-09-02T00:00:00Z,1.85,8.8,1.53,268.3
15.833333333333329,73.33333333333331,2026-09-02T00:00:00Z,1.78,8.8,1.5,267.8
15.833333333333329,73.41666666666666,2026-09-02T00:00:00Z,1.68,9.2,1.42,266.9
15.833333333333329,73.5,2026-09-02T00:00:00Z,1.54,10.8,1.23,265.3
15.833333333333329,73.58333333333331,2026-09-02T00:00:00Z,1.44,11.1,1.15,262.9
15.833333333333329,80.66666666666663,2026-09-02T00:00:00Z,0.71,10.5,0.64,164.4
15.916666666666657,73.0,2026-09-02T00:00:00Z,2.0,8.9,1.5,269.0
15.916666666666657,73.08333333333331,2026-09-02T00:00:00Z,1.95,8.9,1.52,267.9
15.916666666666657,73.16666666666666,2026-09-02T00:00:00Z,1.89,8.9,1.52,267.7
15.916666666666657,73.25,2026-09-02T00:00:00Z,1.82,8.9,1.51,267.7
15.916666666666657,73.33333333333331,2026-09-02T00:00:00Z,1.72,8.9,1.46,266.8
15.916666666666657,73.41666666666666,2026-09-02T00:00:00Z,1.56,9.7,1.3,266.6
15.916666666666657,73.5,2026-09-02T00:00:00Z,1.27,13.8,0.88,210.4
16.0,73.0,2026-09-02T00:00:00Z,1.96,8.8,1.52,267.1
16.0,73.08333333333331,2026-09-02T00:00:00Z,1.92,8.9,1.51,266.7
16.0,73.16666666666666,2026-09-02T00:00:00Z,1.86,8.9,1.51,265.9
16.0,73.25,2026-09-02T00:00:00Z,1.76,8.9,1.48,265.9
16.0,73.33333333333331,2026-09-02T00:00:00Z,1.65,8.9,1.42,265.9
16.0,73.41666666666666,2026-09-02T00:00:00Z,1.52,8.9,1.33,265.9
16.0,73.5,2026-09-02T00:00:00Z,1.21,8.8,1.1,265.6
